ISO-10303-21;
HEADER;
/* Generated by software containing ST-Developer
 * from STEP Tools, Inc. (www.steptools.com) 
 */
/* OPTION: using custom renumber hook */

FILE_DESCRIPTION(
/* description */ ('STEP AP242',
'CAx-IF Rec.Pracs.---Representation and Presentation of Product Manufa
cturing Information (PMI)---4.0---2014-10-13',
'CAx-IF Rec.Pracs.---3D Tessellated Geometry---0.4---2014-09-14','2;1',
'CAx-IF Rec.Pracs.---User Defined Attributes---1.5---2016-08-15'),
/* implementation_level */ '2;1');

FILE_NAME(
/* name */ '691f470aaa3d2591732dffe2',
/* time_stamp */ '2025-11-20T16:51:24Z',
/* author */ (''),
/* organization */ (''),
/* preprocessor_version */ 'ST-DEVELOPER v20',
/* originating_system */ 'ONSHAPE BY PTC INC, 1.206',
/* authorisation */ '  ');

FILE_SCHEMA (('AP242_MANAGED_MODEL_BASED_3D_ENGINEERING_MIM_LF { 1 0 10303 442 1 1 4 }'));
ENDSEC;

DATA;
#10=DEGENERATE_TOROIDAL_SURFACE('',#5951,0.018,0.05,.F.);
#11=DEGENERATE_TOROIDAL_SURFACE('',#6080,0.0205,0.05,.F.);
#12=DRAUGHTING_PRE_DEFINED_COLOUR('black');
#13=DRAUGHTING_PRE_DEFINED_COLOUR('blue');
#14=DRAUGHTING_PRE_DEFINED_COLOUR('red');
#15=ELLIPSE('',#5722,0.00329077086596963,0.00125932349011631);
#16=ELLIPSE('',#5723,0.00329077086596969,0.00125932349011631);
#17=ELLIPSE('',#5724,0.00329077086596963,0.00125932349011631);
#18=ELLIPSE('',#5727,0.00329077086596969,0.00125932349011631);
#19=ELLIPSE('',#5728,0.00329077086596963,0.00125932349011631);
#20=ELLIPSE('',#5729,0.00329077086596969,0.00125932349011631);
#21=ELLIPSE('',#5776,0.00329077086596966,0.00125932349011631);
#22=ELLIPSE('',#5778,0.00329077086596969,0.00125932349011631);
#23=ELLIPSE('',#5915,0.00282842712474619,0.002);
#24=ELLIPSE('',#5916,0.00282842712474619,0.002);
#25=ELLIPSE('',#5920,0.0324936515803438,0.032);
#26=ELLIPSE('',#5933,0.169883729252738,0.0295);
#27=ELLIPSE('',#5934,0.0299550850506294,0.0295);
#28=ELLIPSE('',#5984,0.000707106781186548,0.0005);
#29=ELLIPSE('',#5986,0.000707106781186548,0.0005);
#30=ELLIPSE('',#5989,0.00292648887430875,0.00275);
#31=ELLIPSE('',#5992,0.00292648887430876,0.00275);
#32=ELLIPSE('',#6003,0.00282842712474619,0.002);
#33=ELLIPSE('',#6006,0.00282842712474619,0.002);
#34=ELLIPSE('',#6015,0.00292820323027551,0.002);
#35=ELLIPSE('',#6017,0.00292820323027551,0.002);
#36=ELLIPSE('',#6049,0.00707106781186548,0.005);
#37=ELLIPSE('',#6056,0.00707106781186548,0.005);
#38=OVER_RIDING_STYLED_ITEM('',(#5363),#5109,#5356);
#39=OVER_RIDING_STYLED_ITEM('',(#5364),#5110,#5356);
#40=OVER_RIDING_STYLED_ITEM('',(#5365),#5111,#5356);
#41=OVER_RIDING_STYLED_ITEM('',(#5366),#5112,#5356);
#42=OVER_RIDING_STYLED_ITEM('',(#5367),#5113,#5356);
#43=OVER_RIDING_STYLED_ITEM('',(#5368),#5114,#5356);
#44=OVER_RIDING_STYLED_ITEM('',(#5369),#5115,#5356);
#45=OVER_RIDING_STYLED_ITEM('',(#5370),#5116,#5356);
#46=OVER_RIDING_STYLED_ITEM('',(#5371),#5117,#5356);
#47=OVER_RIDING_STYLED_ITEM('',(#5372),#5118,#5356);
#48=OVER_RIDING_STYLED_ITEM('',(#5373),#5119,#5356);
#49=OVER_RIDING_STYLED_ITEM('',(#5374),#5120,#5356);
#50=OVER_RIDING_STYLED_ITEM('',(#5375),#5121,#5356);
#51=OVER_RIDING_STYLED_ITEM('',(#5376),#5123,#5356);
#52=OVER_RIDING_STYLED_ITEM('',(#5377),#5124,#5356);
#53=OVER_RIDING_STYLED_ITEM('',(#5378),#5125,#5356);
#54=OVER_RIDING_STYLED_ITEM('',(#5379),#5126,#5356);
#55=OVER_RIDING_STYLED_ITEM('',(#5380),#5127,#5356);
#56=OVER_RIDING_STYLED_ITEM('',(#5381),#5128,#5356);
#57=OVER_RIDING_STYLED_ITEM('',(#5382),#5129,#5356);
#58=OVER_RIDING_STYLED_ITEM('',(#5383),#5130,#5356);
#59=OVER_RIDING_STYLED_ITEM('',(#5384),#5131,#5356);
#60=OVER_RIDING_STYLED_ITEM('',(#5385),#5132,#5356);
#61=OVER_RIDING_STYLED_ITEM('',(#5386),#5133,#5356);
#62=OVER_RIDING_STYLED_ITEM('',(#5387),#5134,#5356);
#63=OVER_RIDING_STYLED_ITEM('',(#5388),#5135,#5356);
#64=OVER_RIDING_STYLED_ITEM('',(#5389),#5136,#5356);
#65=OVER_RIDING_STYLED_ITEM('',(#5390),#5138,#5356);
#66=OVER_RIDING_STYLED_ITEM('',(#5391),#5139,#5356);
#67=OVER_RIDING_STYLED_ITEM('',(#5392),#5140,#5356);
#68=OVER_RIDING_STYLED_ITEM('',(#5393),#5141,#5356);
#69=OVER_RIDING_STYLED_ITEM('',(#5394),#5142,#5356);
#70=OVER_RIDING_STYLED_ITEM('',(#5395),#5143,#5356);
#71=OVER_RIDING_STYLED_ITEM('',(#5396),#5147,#5356);
#72=OVER_RIDING_STYLED_ITEM('',(#5397),#5150,#5356);
#73=OVER_RIDING_STYLED_ITEM('',(#5398),#5155,#5356);
#74=CONICAL_SURFACE('',#5694,0.01,0.610865238198016);
#75=CONICAL_SURFACE('',#5711,0.0128,0.78539816339745);
#76=CONICAL_SURFACE('',#5731,0.0128,0.78539816339745);
#77=CONICAL_SURFACE('',#5838,0.02715,0.0632408265613703);
#78=CONICAL_SURFACE('',#5846,0.02715,0.063495538039478);
#79=CONICAL_SURFACE('',#5942,0.0315318595578674,0.447519975157169);
#80=CONICAL_SURFACE('',#5945,0.0296681409411632,0.447519975157169);
#81=CYLINDRICAL_SURFACE('',#5659,0.01);
#82=CYLINDRICAL_SURFACE('',#5662,0.01);
#83=CYLINDRICAL_SURFACE('',#5665,0.01);
#84=CYLINDRICAL_SURFACE('',#5668,0.01);
#85=CYLINDRICAL_SURFACE('',#5671,0.01);
#86=CYLINDRICAL_SURFACE('',#5674,0.01);
#87=CYLINDRICAL_SURFACE('',#5677,0.01);
#88=CYLINDRICAL_SURFACE('',#5680,0.01);
#89=CYLINDRICAL_SURFACE('',#5683,0.01);
#90=CYLINDRICAL_SURFACE('',#5686,0.01);
#91=CYLINDRICAL_SURFACE('',#5689,0.01);
#92=CYLINDRICAL_SURFACE('',#5698,0.025);
#93=CYLINDRICAL_SURFACE('',#5699,0.025);
#94=CYLINDRICAL_SURFACE('',#5700,0.025);
#95=CYLINDRICAL_SURFACE('',#5701,0.025);
#96=CYLINDRICAL_SURFACE('',#5702,0.025);
#97=CYLINDRICAL_SURFACE('',#5703,0.025);
#98=CYLINDRICAL_SURFACE('',#5704,0.025);
#99=CYLINDRICAL_SURFACE('',#5705,0.025);
#100=CYLINDRICAL_SURFACE('',#5706,0.025);
#101=CYLINDRICAL_SURFACE('',#5707,0.025);
#102=CYLINDRICAL_SURFACE('',#5708,0.025);
#103=CYLINDRICAL_SURFACE('',#5709,0.000823038274839125);
#104=CYLINDRICAL_SURFACE('',#5715,0.01);
#105=CYLINDRICAL_SURFACE('',#5721,0.00125932349011631);
#106=CYLINDRICAL_SURFACE('',#5725,0.00125932349011631);
#107=CYLINDRICAL_SURFACE('',#5726,0.00125932349011631);
#108=CYLINDRICAL_SURFACE('',#5730,0.00125932349011631);
#109=CYLINDRICAL_SURFACE('',#5745,0.0128);
#110=CYLINDRICAL_SURFACE('',#5749,0.00452320368474734);
#111=CYLINDRICAL_SURFACE('',#5755,0.0108557273697442);
#112=CYLINDRICAL_SURFACE('',#5760,0.0108557273697442);
#113=CYLINDRICAL_SURFACE('',#5765,0.0108557273697442);
#114=CYLINDRICAL_SURFACE('',#5770,0.0101552550807207);
#115=CYLINDRICAL_SURFACE('',#5772,0.0128);
#116=CYLINDRICAL_SURFACE('',#5775,0.00125932349011631);
#117=CYLINDRICAL_SURFACE('',#5777,0.00125932349011631);
#118=CYLINDRICAL_SURFACE('',#5779,0.00125932349011631);
#119=CYLINDRICAL_SURFACE('',#5781,0.00128407131584396);
#120=CYLINDRICAL_SURFACE('',#5783,0.00128407131584396);
#121=CYLINDRICAL_SURFACE('',#5786,0.00128407131584396);
#122=CYLINDRICAL_SURFACE('',#5791,0.00119221576649408);
#123=CYLINDRICAL_SURFACE('',#5794,0.00119221576649408);
#124=CYLINDRICAL_SURFACE('',#5795,0.00129382686943976);
#125=CYLINDRICAL_SURFACE('',#5798,0.00129382686943976);
#126=CYLINDRICAL_SURFACE('',#5812,0.0115);
#127=CYLINDRICAL_SURFACE('',#5815,0.0115);
#128=CYLINDRICAL_SURFACE('',#5818,0.0115);
#129=CYLINDRICAL_SURFACE('',#5821,0.0115);
#130=CYLINDRICAL_SURFACE('',#5824,0.0115);
#131=CYLINDRICAL_SURFACE('',#5827,0.0115);
#132=CYLINDRICAL_SURFACE('',#5830,0.0115);
#133=CYLINDRICAL_SURFACE('',#5833,0.02715);
#134=CYLINDRICAL_SURFACE('',#5836,0.02615);
#135=CYLINDRICAL_SURFACE('',#5847,0.0281495163923097);
#136=CYLINDRICAL_SURFACE('',#5859,0.0115);
#137=CYLINDRICAL_SURFACE('',#5860,0.0105);
#138=CYLINDRICAL_SURFACE('',#5907,0.006);
#139=CYLINDRICAL_SURFACE('',#5910,0.005);
#140=CYLINDRICAL_SURFACE('',#5911,0.005);
#141=CYLINDRICAL_SURFACE('',#5919,0.032);
#142=CYLINDRICAL_SURFACE('',#5931,0.0295);
#143=CYLINDRICAL_SURFACE('',#5936,0.032);
#144=CYLINDRICAL_SURFACE('',#5948,0.0186991846140072);
#145=CYLINDRICAL_SURFACE('',#5952,0.02);
#146=CYLINDRICAL_SURFACE('',#5966,0.177130752086314);
#147=CYLINDRICAL_SURFACE('',#5968,0.002);
#148=CYLINDRICAL_SURFACE('',#5971,0.002);
#149=CYLINDRICAL_SURFACE('',#5977,0.0015);
#150=CYLINDRICAL_SURFACE('',#5980,0.0015);
#151=CYLINDRICAL_SURFACE('',#5987,0.00275);
#152=CYLINDRICAL_SURFACE('',#5990,0.00275);
#153=CYLINDRICAL_SURFACE('',#5993,0.00275);
#154=CYLINDRICAL_SURFACE('',#5997,0.00275);
#155=CYLINDRICAL_SURFACE('',#6014,0.002);
#156=CYLINDRICAL_SURFACE('',#6016,0.002);
#157=CYLINDRICAL_SURFACE('',#6033,0.002);
#158=CYLINDRICAL_SURFACE('',#6035,0.002);
#159=CYLINDRICAL_SURFACE('',#6062,0.0005);
#160=CYLINDRICAL_SURFACE('',#6063,0.0005);
#161=CYLINDRICAL_SURFACE('',#6076,0.005);
#162=CYLINDRICAL_SURFACE('',#6077,0.005);
#163=CYLINDRICAL_SURFACE('',#6078,0.005);
#164=CYLINDRICAL_SURFACE('',#6079,0.005);
#165=B_SPLINE_SURFACE_WITH_KNOTS('',3,1,((#7716,#7717),(#7718,#7719),(#7720,
#7721),(#7722,#7723),(#7724,#7725),(#7726,#7727),(#7728,#7729)),
 .SURF_OF_LINEAR_EXTRUSION.,.F.,.F.,.F.,(4,1,1,1,4),(2,2),(0.,0.25,0.5,
0.75,1.),(0.,1.),.UNSPECIFIED.);
#166=B_SPLINE_SURFACE_WITH_KNOTS('',3,1,((#7750,#7751),(#7752,#7753),(#7754,
#7755),(#7756,#7757),(#7758,#7759)),.SURF_OF_LINEAR_EXTRUSION.,.F.,.F.,
 .F.,(4,1,4),(2,2),(0.,0.5,1.),(0.,1.),.UNSPECIFIED.);
#167=B_SPLINE_SURFACE_WITH_KNOTS('',3,1,((#7772,#7773),(#7774,#7775),(#7776,
#7777),(#7778,#7779),(#7780,#7781)),.SURF_OF_LINEAR_EXTRUSION.,.F.,.F.,
 .F.,(4,1,4),(2,2),(0.,0.5,1.),(0.,1.),.UNSPECIFIED.);
#168=B_SPLINE_SURFACE_WITH_KNOTS('',3,1,((#7800,#7801),(#7802,#7803),(#7804,
#7805),(#7806,#7807),(#7808,#7809),(#7810,#7811),(#7812,#7813)),
 .SURF_OF_LINEAR_EXTRUSION.,.F.,.F.,.F.,(4,1,1,1,4),(2,2),(0.,0.25,0.5,
0.75,1.),(0.,1.),.UNSPECIFIED.);
#169=B_SPLINE_SURFACE_WITH_KNOTS('',3,1,((#7828,#7829),(#7830,#7831),(#7832,
#7833),(#7834,#7835),(#7836,#7837)),.SURF_OF_LINEAR_EXTRUSION.,.F.,.F.,
 .F.,(4,1,4),(2,2),(0.,0.5,1.),(0.,1.),.UNSPECIFIED.);
#170=B_SPLINE_SURFACE_WITH_KNOTS('',3,1,((#7856,#7857),(#7858,#7859),(#7860,
#7861),(#7862,#7863),(#7864,#7865),(#7866,#7867),(#7868,#7869)),
 .SURF_OF_LINEAR_EXTRUSION.,.F.,.F.,.F.,(4,1,1,1,4),(2,2),(0.,0.25,0.5,
0.75,1.),(0.,1.),.UNSPECIFIED.);
#171=B_SPLINE_SURFACE_WITH_KNOTS('',3,1,((#7884,#7885),(#7886,#7887),(#7888,
#7889),(#7890,#7891),(#7892,#7893)),.SURF_OF_LINEAR_EXTRUSION.,.F.,.F.,
 .F.,(4,1,4),(2,2),(0.,0.5,1.),(0.,1.),.UNSPECIFIED.);
#172=B_SPLINE_SURFACE_WITH_KNOTS('',3,1,((#7912,#7913),(#7914,#7915),(#7916,
#7917),(#7918,#7919),(#7920,#7921),(#7922,#7923),(#7924,#7925)),
 .SURF_OF_LINEAR_EXTRUSION.,.F.,.F.,.F.,(4,1,1,1,4),(2,2),(0.,0.25,0.5,
0.75,1.),(0.,1.),.UNSPECIFIED.);
#173=B_SPLINE_SURFACE_WITH_KNOTS('',3,1,((#7940,#7941),(#7942,#7943),(#7944,
#7945),(#7946,#7947),(#7948,#7949)),.SURF_OF_LINEAR_EXTRUSION.,.F.,.F.,
 .F.,(4,1,4),(2,2),(0.,0.5,1.),(0.,1.),.UNSPECIFIED.);
#174=B_SPLINE_SURFACE_WITH_KNOTS('',3,1,((#7968,#7969),(#7970,#7971),(#7972,
#7973),(#7974,#7975),(#7976,#7977),(#7978,#7979),(#7980,#7981)),
 .SURF_OF_LINEAR_EXTRUSION.,.F.,.F.,.F.,(4,1,1,1,4),(2,2),(0.,0.25,0.5,
0.75,1.),(0.,1.),.UNSPECIFIED.);
#175=B_SPLINE_SURFACE_WITH_KNOTS('',3,1,((#7996,#7997),(#7998,#7999),(#8000,
#8001),(#8002,#8003),(#8004,#8005)),.SURF_OF_LINEAR_EXTRUSION.,.F.,.F.,
 .F.,(4,1,4),(2,2),(0.,0.5,1.),(0.,1.),.UNSPECIFIED.);
#176=B_SPLINE_SURFACE_WITH_KNOTS('',3,1,((#8024,#8025),(#8026,#8027),(#8028,
#8029),(#8030,#8031),(#8032,#8033),(#8034,#8035),(#8036,#8037)),
 .SURF_OF_LINEAR_EXTRUSION.,.F.,.F.,.F.,(4,1,1,1,4),(2,2),(0.,0.25,0.5,
0.75,1.),(0.,1.),.UNSPECIFIED.);
#177=B_SPLINE_SURFACE_WITH_KNOTS('',3,1,((#8052,#8053),(#8054,#8055),(#8056,
#8057),(#8058,#8059),(#8060,#8061)),.SURF_OF_LINEAR_EXTRUSION.,.F.,.F.,
 .F.,(4,1,4),(2,2),(0.,0.5,1.),(0.,1.),.UNSPECIFIED.);
#178=B_SPLINE_SURFACE_WITH_KNOTS('',3,1,((#8080,#8081),(#8082,#8083),(#8084,
#8085),(#8086,#8087),(#8088,#8089),(#8090,#8091),(#8092,#8093)),
 .SURF_OF_LINEAR_EXTRUSION.,.F.,.F.,.F.,(4,1,1,1,4),(2,2),(0.,0.25,0.5,
0.75,1.),(0.,1.),.UNSPECIFIED.);
#179=B_SPLINE_SURFACE_WITH_KNOTS('',3,1,((#8108,#8109),(#8110,#8111),(#8112,
#8113),(#8114,#8115),(#8116,#8117)),.SURF_OF_LINEAR_EXTRUSION.,.F.,.F.,
 .F.,(4,1,4),(2,2),(0.,0.5,1.),(0.,1.),.UNSPECIFIED.);
#180=B_SPLINE_SURFACE_WITH_KNOTS('',3,1,((#8136,#8137),(#8138,#8139),(#8140,
#8141),(#8142,#8143),(#8144,#8145),(#8146,#8147),(#8148,#8149)),
 .SURF_OF_LINEAR_EXTRUSION.,.F.,.F.,.F.,(4,1,1,1,4),(2,2),(0.,0.25,0.5,
0.75,1.),(0.,1.),.UNSPECIFIED.);
#181=B_SPLINE_SURFACE_WITH_KNOTS('',3,1,((#8164,#8165),(#8166,#8167),(#8168,
#8169),(#8170,#8171),(#8172,#8173)),.SURF_OF_LINEAR_EXTRUSION.,.F.,.F.,
 .F.,(4,1,4),(2,2),(0.,0.5,1.),(0.,1.),.UNSPECIFIED.);
#182=B_SPLINE_SURFACE_WITH_KNOTS('',3,1,((#8192,#8193),(#8194,#8195),(#8196,
#8197),(#8198,#8199),(#8200,#8201),(#8202,#8203),(#8204,#8205)),
 .SURF_OF_LINEAR_EXTRUSION.,.F.,.F.,.F.,(4,1,1,1,4),(2,2),(0.,0.25,0.5,
0.75,1.),(0.,1.),.UNSPECIFIED.);
#183=B_SPLINE_SURFACE_WITH_KNOTS('',3,1,((#8220,#8221),(#8222,#8223),(#8224,
#8225),(#8226,#8227),(#8228,#8229)),.SURF_OF_LINEAR_EXTRUSION.,.F.,.F.,
 .F.,(4,1,4),(2,2),(0.,0.5,1.),(0.,1.),.UNSPECIFIED.);
#184=B_SPLINE_SURFACE_WITH_KNOTS('',3,1,((#8248,#8249),(#8250,#8251),(#8252,
#8253),(#8254,#8255),(#8256,#8257),(#8258,#8259),(#8260,#8261)),
 .SURF_OF_LINEAR_EXTRUSION.,.F.,.F.,.F.,(4,1,1,1,4),(2,2),(0.,0.25,0.5,
0.75,1.),(0.,1.),.UNSPECIFIED.);
#185=B_SPLINE_SURFACE_WITH_KNOTS('',3,1,((#8276,#8277),(#8278,#8279),(#8280,
#8281),(#8282,#8283),(#8284,#8285)),.SURF_OF_LINEAR_EXTRUSION.,.F.,.F.,
 .F.,(4,1,4),(2,2),(0.,0.5,1.),(0.,1.),.UNSPECIFIED.);
#186=B_SPLINE_SURFACE_WITH_KNOTS('',3,1,((#8304,#8305),(#8306,#8307),(#8308,
#8309),(#8310,#8311),(#8312,#8313),(#8314,#8315),(#8316,#8317)),
 .SURF_OF_LINEAR_EXTRUSION.,.F.,.F.,.F.,(4,1,1,1,4),(2,2),(0.,0.25,0.5,
0.75,1.),(0.,1.),.UNSPECIFIED.);
#187=B_SPLINE_SURFACE_WITH_KNOTS('',3,1,((#9714,#9715),(#9716,#9717),(#9718,
#9719),(#9720,#9721),(#9722,#9723),(#9724,#9725),(#9726,#9727)),
 .SURF_OF_LINEAR_EXTRUSION.,.F.,.F.,.F.,(4,1,1,1,4),(2,2),(-1.37391112303508E-13,
0.249999999999897,0.499999999999931,0.749999999999966,1.),(0.,1.),
 .UNSPECIFIED.);
#188=B_SPLINE_SURFACE_WITH_KNOTS('',3,1,((#9728,#9729),(#9730,#9731),(#9732,
#9733),(#9734,#9735),(#9736,#9737),(#9738,#9739),(#9740,#9741)),
 .SURF_OF_LINEAR_EXTRUSION.,.F.,.F.,.F.,(4,1,1,1,4),(2,2),(1.26394399816148E-12,
0.250000000000948,0.500000000000632,0.750000000000316,1.),(0.,1.),
 .UNSPECIFIED.);
#189=B_SPLINE_SURFACE_WITH_KNOTS('',3,1,((#9742,#9743),(#9744,#9745),(#9746,
#9747),(#9748,#9749),(#9750,#9751),(#9752,#9753),(#9754,#9755)),
 .SURF_OF_LINEAR_EXTRUSION.,.F.,.F.,.F.,(4,1,1,1,4),(2,2),(-1.49386177937128E-15,
0.249999999999999,0.499999999999999,0.75,1.),(0.,1.),.UNSPECIFIED.);
#190=B_SPLINE_SURFACE_WITH_KNOTS('',3,1,((#9756,#9757),(#9758,#9759),(#9760,
#9761),(#9762,#9763),(#9764,#9765),(#9766,#9767),(#9768,#9769)),
 .SURF_OF_LINEAR_EXTRUSION.,.F.,.F.,.F.,(4,1,1,1,4),(2,2),(8.36185276903456E-13,
0.250000000000627,0.500000000000418,0.750000000000209,1.),(0.,1.),
 .UNSPECIFIED.);
#191=B_SPLINE_SURFACE_WITH_KNOTS('',3,1,((#9770,#9771),(#9772,#9773),(#9774,
#9775),(#9776,#9777),(#9778,#9779),(#9780,#9781),(#9782,#9783)),
 .SURF_OF_LINEAR_EXTRUSION.,.F.,.F.,.F.,(4,1,1,1,4),(2,2),(-8.60576048599146E-14,
0.249999999999935,0.499999999999957,0.749999999999978,1.),(0.,1.),
 .UNSPECIFIED.);
#192=B_SPLINE_SURFACE_WITH_KNOTS('',3,1,((#9784,#9785),(#9786,#9787),(#9788,
#9789),(#9790,#9791),(#9792,#9793),(#9794,#9795),(#9796,#9797)),
 .SURF_OF_LINEAR_EXTRUSION.,.F.,.F.,.F.,(4,1,1,1,4),(2,2),(-1.34068064347262E-12,
0.249999999998994,0.49999999999933,0.749999999999665,1.),(0.,1.),
 .UNSPECIFIED.);
#193=B_SPLINE_SURFACE_WITH_KNOTS('',3,1,((#9798,#9799),(#9800,#9801),(#9802,
#9803),(#9804,#9805),(#9806,#9807),(#9808,#9809),(#9810,#9811)),
 .SURF_OF_LINEAR_EXTRUSION.,.F.,.F.,.F.,(4,1,1,1,4),(2,2),(-6.04544684897991E-14,
0.249999999999955,0.49999999999997,0.749999999999985,1.),(0.,1.),
 .UNSPECIFIED.);
#194=B_SPLINE_SURFACE_WITH_KNOTS('',3,1,((#9812,#9813),(#9814,#9815),(#9816,
#9817),(#9818,#9819),(#9820,#9821),(#9822,#9823),(#9824,#9825)),
 .SURF_OF_LINEAR_EXTRUSION.,.F.,.F.,.F.,(4,1,1,1,4),(2,2),(3.02457417132935E-13,
0.250000000000227,0.500000000000151,0.750000000000076,1.),(0.,1.),
 .UNSPECIFIED.);
#195=B_SPLINE_SURFACE_WITH_KNOTS('',3,3,((#9959,#9960,#9961,#9962,#9963,
#9964,#9965,#9966,#9967,#9968,#9969),(#9970,#9971,#9972,#9973,#9974,#9975,
#9976,#9977,#9978,#9979,#9980),(#9981,#9982,#9983,#9984,#9985,#9986,#9987,
#9988,#9989,#9990,#9991),(#9992,#9993,#9994,#9995,#9996,#9997,#9998,#9999,
#10000,#10001,#10002),(#10003,#10004,#10005,#10006,#10007,#10008,#10009,
#10010,#10011,#10012,#10013),(#10014,#10015,#10016,#10017,#10018,#10019,
#10020,#10021,#10022,#10023,#10024),(#10025,#10026,#10027,#10028,#10029,
#10030,#10031,#10032,#10033,#10034,#10035),(#10036,#10037,#10038,#10039,
#10040,#10041,#10042,#10043,#10044,#10045,#10046),(#10047,#10048,#10049,
#10050,#10051,#10052,#10053,#10054,#10055,#10056,#10057),(#10058,#10059,
#10060,#10061,#10062,#10063,#10064,#10065,#10066,#10067,#10068),(#10069,
#10070,#10071,#10072,#10073,#10074,#10075,#10076,#10077,#10078,#10079),
(#10080,#10081,#10082,#10083,#10084,#10085,#10086,#10087,#10088,#10089,
#10090),(#10091,#10092,#10093,#10094,#10095,#10096,#10097,#10098,#10099,
#10100,#10101),(#10102,#10103,#10104,#10105,#10106,#10107,#10108,#10109,
#10110,#10111,#10112),(#10113,#10114,#10115,#10116,#10117,#10118,#10119,
#10120,#10121,#10122,#10123),(#10124,#10125,#10126,#10127,#10128,#10129,
#10130,#10131,#10132,#10133,#10134),(#10135,#10136,#10137,#10138,#10139,
#10140,#10141,#10142,#10143,#10144,#10145),(#10146,#10147,#10148,#10149,
#10150,#10151,#10152,#10153,#10154,#10155,#10156),(#10157,#10158,#10159,
#10160,#10161,#10162,#10163,#10164,#10165,#10166,#10167),(#10168,#10169,
#10170,#10171,#10172,#10173,#10174,#10175,#10176,#10177,#10178),(#10179,
#10180,#10181,#10182,#10183,#10184,#10185,#10186,#10187,#10188,#10189),
(#10190,#10191,#10192,#10193,#10194,#10195,#10196,#10197,#10198,#10199,
#10200),(#10201,#10202,#10203,#10204,#10205,#10206,#10207,#10208,#10209,
#10210,#10211),(#10212,#10213,#10214,#10215,#10216,#10217,#10218,#10219,
#10220,#10221,#10222),(#10223,#10224,#10225,#10226,#10227,#10228,#10229,
#10230,#10231,#10232,#10233),(#10234,#10235,#10236,#10237,#10238,#10239,
#10240,#10241,#10242,#10243,#10244),(#10245,#10246,#10247,#10248,#10249,
#10250,#10251,#10252,#10253,#10254,#10255),(#10256,#10257,#10258,#10259,
#10260,#10261,#10262,#10263,#10264,#10265,#10266),(#10267,#10268,#10269,
#10270,#10271,#10272,#10273,#10274,#10275,#10276,#10277),(#10278,#10279,
#10280,#10281,#10282,#10283,#10284,#10285,#10286,#10287,#10288),(#10289,
#10290,#10291,#10292,#10293,#10294,#10295,#10296,#10297,#10298,#10299),
(#10300,#10301,#10302,#10303,#10304,#10305,#10306,#10307,#10308,#10309,
#10310),(#10311,#10312,#10313,#10314,#10315,#10316,#10317,#10318,#10319,
#10320,#10321),(#10322,#10323,#10324,#10325,#10326,#10327,#10328,#10329,
#10330,#10331,#10332),(#10333,#10334,#10335,#10336,#10337,#10338,#10339,
#10340,#10341,#10342,#10343),(#10344,#10345,#10346,#10347,#10348,#10349,
#10350,#10351,#10352,#10353,#10354),(#10355,#10356,#10357,#10358,#10359,
#10360,#10361,#10362,#10363,#10364,#10365),(#10366,#10367,#10368,#10369,
#10370,#10371,#10372,#10373,#10374,#10375,#10376),(#10377,#10378,#10379,
#10380,#10381,#10382,#10383,#10384,#10385,#10386,#10387),(#10388,#10389,
#10390,#10391,#10392,#10393,#10394,#10395,#10396,#10397,#10398),(#10399,
#10400,#10401,#10402,#10403,#10404,#10405,#10406,#10407,#10408,#10409),
(#10410,#10411,#10412,#10413,#10414,#10415,#10416,#10417,#10418,#10419,
#10420),(#10421,#10422,#10423,#10424,#10425,#10426,#10427,#10428,#10429,
#10430,#10431),(#10432,#10433,#10434,#10435,#10436,#10437,#10438,#10439,
#10440,#10441,#10442),(#10443,#10444,#10445,#10446,#10447,#10448,#10449,
#10450,#10451,#10452,#10453),(#10454,#10455,#10456,#10457,#10458,#10459,
#10460,#10461,#10462,#10463,#10464),(#10465,#10466,#10467,#10468,#10469,
#10470,#10471,#10472,#10473,#10474,#10475),(#10476,#10477,#10478,#10479,
#10480,#10481,#10482,#10483,#10484,#10485,#10486),(#10487,#10488,#10489,
#10490,#10491,#10492,#10493,#10494,#10495,#10496,#10497),(#10498,#10499,
#10500,#10501,#10502,#10503,#10504,#10505,#10506,#10507,#10508),(#10509,
#10510,#10511,#10512,#10513,#10514,#10515,#10516,#10517,#10518,#10519),
(#10520,#10521,#10522,#10523,#10524,#10525,#10526,#10527,#10528,#10529,
#10530),(#10531,#10532,#10533,#10534,#10535,#10536,#10537,#10538,#10539,
#10540,#10541)),.UNSPECIFIED.,.T.,.F.,.F.,(1,1,1,1,1,1,1,1,1,1,1,1,1,1,
1,1,1,1,1,1,1,1,1,1,1,1,1,1,1,1,1,1,1,1,1,1,1,1,1,1,1,1,1,1,1,1,1,1,1,1,
1,1,1,1,1,1,1),(4,1,1,1,1,1,1,1,4),(-0.046875,-0.03125,-0.015625,0.,0.015625,
0.03125,0.046875,0.0625,0.09375,0.125,0.15625,0.1875,0.203125,0.21875,0.25,
0.28125,0.3125,0.34375,0.375,0.40625,0.421875,0.4375,0.453125,0.46875,0.4765625,
0.484375,0.4921875,0.49609375,0.5,0.50390625,0.5078125,0.515625,0.5234375,
0.53125,0.546875,0.5625,0.578125,0.59375,0.625,0.65625,0.6875,0.71875,0.75,
0.78125,0.796875,0.8125,0.84375,0.875,0.90625,0.9375,0.953125,0.96875,0.984375,
1.,1.015625,1.03125,1.046875),(0.0164948286203018,0.283485853828986,0.380573499359416,
0.477661144889847,0.599020701802885,0.74465217009853,0.890283638394176,
1.01164319530721,1.18154657498547),.UNSPECIFIED.);
#196=B_SPLINE_SURFACE_WITH_KNOTS('',3,3,((#10928,#10929,#10930,#10931,#10932),
(#10933,#10934,#10935,#10936,#10937),(#10938,#10939,#10940,#10941,#10942),
(#10943,#10944,#10945,#10946,#10947),(#10948,#10949,#10950,#10951,#10952),
(#10953,#10954,#10955,#10956,#10957),(#10958,#10959,#10960,#10961,#10962),
(#10963,#10964,#10965,#10966,#10967),(#10968,#10969,#10970,#10971,#10972),
(#10973,#10974,#10975,#10976,#10977),(#10978,#10979,#10980,#10981,#10982),
(#10983,#10984,#10985,#10986,#10987),(#10988,#10989,#10990,#10991,#10992),
(#10993,#10994,#10995,#10996,#10997),(#10998,#10999,#11000,#11001,#11002),
(#11003,#11004,#11005,#11006,#11007),(#11008,#11009,#11010,#11011,#11012),
(#11013,#11014,#11015,#11016,#11017),(#11018,#11019,#11020,#11021,#11022),
(#11023,#11024,#11025,#11026,#11027),(#11028,#11029,#11030,#11031,#11032),
(#11033,#11034,#11035,#11036,#11037),(#11038,#11039,#11040,#11041,#11042),
(#11043,#11044,#11045,#11046,#11047),(#11048,#11049,#11050,#11051,#11052),
(#11053,#11054,#11055,#11056,#11057),(#11058,#11059,#11060,#11061,#11062),
(#11063,#11064,#11065,#11066,#11067),(#11068,#11069,#11070,#11071,#11072),
(#11073,#11074,#11075,#11076,#11077),(#11078,#11079,#11080,#11081,#11082),
(#11083,#11084,#11085,#11086,#11087),(#11088,#11089,#11090,#11091,#11092),
(#11093,#11094,#11095,#11096,#11097),(#11098,#11099,#11100,#11101,#11102),
(#11103,#11104,#11105,#11106,#11107),(#11108,#11109,#11110,#11111,#11112),
(#11113,#11114,#11115,#11116,#11117),(#11118,#11119,#11120,#11121,#11122),
(#11123,#11124,#11125,#11126,#11127),(#11128,#11129,#11130,#11131,#11132),
(#11133,#11134,#11135,#11136,#11137),(#11138,#11139,#11140,#11141,#11142),
(#11143,#11144,#11145,#11146,#11147),(#11148,#11149,#11150,#11151,#11152),
(#11153,#11154,#11155,#11156,#11157),(#11158,#11159,#11160,#11161,#11162),
(#11163,#11164,#11165,#11166,#11167),(#11168,#11169,#11170,#11171,#11172),
(#11173,#11174,#11175,#11176,#11177),(#11178,#11179,#11180,#11181,#11182),
(#11183,#11184,#11185,#11186,#11187),(#11188,#11189,#11190,#11191,#11192),
(#11193,#11194,#11195,#11196,#11197),(#11198,#11199,#11200,#11201,#11202),
(#11203,#11204,#11205,#11206,#11207),(#11208,#11209,#11210,#11211,#11212),
(#11213,#11214,#11215,#11216,#11217),(#11218,#11219,#11220,#11221,#11222),
(#11223,#11224,#11225,#11226,#11227),(#11228,#11229,#11230,#11231,#11232),
(#11233,#11234,#11235,#11236,#11237),(#11238,#11239,#11240,#11241,#11242),
(#11243,#11244,#11245,#11246,#11247),(#11248,#11249,#11250,#11251,#11252),
(#11253,#11254,#11255,#11256,#11257),(#11258,#11259,#11260,#11261,#11262),
(#11263,#11264,#11265,#11266,#11267),(#11268,#11269,#11270,#11271,#11272),
(#11273,#11274,#11275,#11276,#11277),(#11278,#11279,#11280,#11281,#11282),
(#11283,#11284,#11285,#11286,#11287),(#11288,#11289,#11290,#11291,#11292),
(#11293,#11294,#11295,#11296,#11297),(#11298,#11299,#11300,#11301,#11302),
(#11303,#11304,#11305,#11306,#11307),(#11308,#11309,#11310,#11311,#11312),
(#11313,#11314,#11315,#11316,#11317),(#11318,#11319,#11320,#11321,#11322),
(#11323,#11324,#11325,#11326,#11327),(#11328,#11329,#11330,#11331,#11332),
(#11333,#11334,#11335,#11336,#11337),(#11338,#11339,#11340,#11341,#11342),
(#11343,#11344,#11345,#11346,#11347),(#11348,#11349,#11350,#11351,#11352),
(#11353,#11354,#11355,#11356,#11357),(#11358,#11359,#11360,#11361,#11362),
(#11363,#11364,#11365,#11366,#11367),(#11368,#11369,#11370,#11371,#11372),
(#11373,#11374,#11375,#11376,#11377),(#11378,#11379,#11380,#11381,#11382),
(#11383,#11384,#11385,#11386,#11387),(#11388,#11389,#11390,#11391,#11392),
(#11393,#11394,#11395,#11396,#11397),(#11398,#11399,#11400,#11401,#11402),
(#11403,#11404,#11405,#11406,#11407),(#11408,#11409,#11410,#11411,#11412),
(#11413,#11414,#11415,#11416,#11417),(#11418,#11419,#11420,#11421,#11422),
(#11423,#11424,#11425,#11426,#11427),(#11428,#11429,#11430,#11431,#11432),
(#11433,#11434,#11435,#11436,#11437),(#11438,#11439,#11440,#11441,#11442),
(#11443,#11444,#11445,#11446,#11447),(#11448,#11449,#11450,#11451,#11452),
(#11453,#11454,#11455,#11456,#11457),(#11458,#11459,#11460,#11461,#11462),
(#11463,#11464,#11465,#11466,#11467),(#11468,#11469,#11470,#11471,#11472),
(#11473,#11474,#11475,#11476,#11477),(#11478,#11479,#11480,#11481,#11482),
(#11483,#11484,#11485,#11486,#11487),(#11488,#11489,#11490,#11491,#11492),
(#11493,#11494,#11495,#11496,#11497),(#11498,#11499,#11500,#11501,#11502),
(#11503,#11504,#11505,#11506,#11507),(#11508,#11509,#11510,#11511,#11512),
(#11513,#11514,#11515,#11516,#11517),(#11518,#11519,#11520,#11521,#11522),
(#11523,#11524,#11525,#11526,#11527),(#11528,#11529,#11530,#11531,#11532),
(#11533,#11534,#11535,#11536,#11537),(#11538,#11539,#11540,#11541,#11542),
(#11543,#11544,#11545,#11546,#11547),(#11548,#11549,#11550,#11551,#11552),
(#11553,#11554,#11555,#11556,#11557),(#11558,#11559,#11560,#11561,#11562),
(#11563,#11564,#11565,#11566,#11567),(#11568,#11569,#11570,#11571,#11572),
(#11573,#11574,#11575,#11576,#11577),(#11578,#11579,#11580,#11581,#11582),
(#11583,#11584,#11585,#11586,#11587),(#11588,#11589,#11590,#11591,#11592),
(#11593,#11594,#11595,#11596,#11597),(#11598,#11599,#11600,#11601,#11602),
(#11603,#11604,#11605,#11606,#11607),(#11608,#11609,#11610,#11611,#11612),
(#11613,#11614,#11615,#11616,#11617),(#11618,#11619,#11620,#11621,#11622),
(#11623,#11624,#11625,#11626,#11627),(#11628,#11629,#11630,#11631,#11632),
(#11633,#11634,#11635,#11636,#11637),(#11638,#11639,#11640,#11641,#11642),
(#11643,#11644,#11645,#11646,#11647),(#11648,#11649,#11650,#11651,#11652),
(#11653,#11654,#11655,#11656,#11657),(#11658,#11659,#11660,#11661,#11662)),
 .UNSPECIFIED.,.F.,.F.,.F.,(4,2,2,2,2,2,2,2,2,2,2,2,2,2,2,2,2,2,2,2,2,2,
2,2,2,2,2,2,2,2,2,2,2,2,2,2,3,2,2,2,2,2,2,2,2,2,2,2,2,2,2,2,2,2,2,2,2,2,
2,2,2,2,2,2,2,2,2,2,2,2,2,2,4),(4,1,4),(0.504332111548826,0.515626668305374,
0.531251614489071,0.546876560672769,0.562501506856467,0.578126453040164,
0.593751399223862,0.601563872315711,0.60937634540756,0.625001291591257,
0.640626237774955,0.656251183958652,0.67187613014235,0.687501076326048,
0.703126022509745,0.70703225905567,0.710938495601594,0.718750968693443,
0.734375914877141,0.750000861060838,0.765625807244536,0.781250753428233,
0.796875699611931,0.80468817270378,0.812500645795629,0.828125591979326,
0.843750538163024,0.875000430530419,0.890625376714117,0.898437849805966,
0.906250322897814,0.921875269081512,0.93750021526521,0.953125161448907,
0.968750107632605,0.984375053816302,1.,1.0156250538163,1.0312501076326,
1.04687516144891,1.06250021526521,1.07812526908151,1.09375032289781,1.10156284980597,
1.10937537671412,1.12500043053042,1.15625053816302,1.17187559197933,1.18750064579563,
1.19531317270378,1.20312569961193,1.21875075342823,1.23437580724454,1.25000086106084,
1.26562591487714,1.28125096869344,1.28906349560159,1.29296975905567,1.29687602250975,
1.31250107632605,1.32812613014235,1.34375118395865,1.35937623777495,1.37500129159126,
1.39062634540756,1.39843887231571,1.40625139922386,1.42187645304016,1.43750150685647,
1.45312656067277,1.46875161448907,1.48437666830537,1.49567132839948),(0.101839786005038,
0.432703445021159,0.977528141659924),.UNSPECIFIED.);
#197=CONTEXT_DEPENDENT_SHAPE_REPRESENTATION(#209,#12761);
#198=CONTEXT_DEPENDENT_SHAPE_REPRESENTATION(#210,#12763);
#199=CONTEXT_DEPENDENT_SHAPE_REPRESENTATION(#211,#12765);
#200=CONTEXT_DEPENDENT_SHAPE_REPRESENTATION(#212,#12767);
#201=CONTEXT_DEPENDENT_SHAPE_REPRESENTATION(#213,#12769);
#202=CONTEXT_DEPENDENT_SHAPE_REPRESENTATION(#214,#12771);
#203=NEXT_ASSEMBLY_USAGE_OCCURRENCE('NAUO1','Part 2','Part 2',#12772,#12773,
'');
#204=NEXT_ASSEMBLY_USAGE_OCCURRENCE('NAUO2','11Blade_fan','11Blade_fan',
#12772,#12774,'');
#205=NEXT_ASSEMBLY_USAGE_OCCURRENCE('NAUO3','4600kv_motor',
'4600kv_motor',#12772,#12775,'');
#206=NEXT_ASSEMBLY_USAGE_OCCURRENCE('NAUO4','housing','housing',#12772,
#12776,'');
#207=NEXT_ASSEMBLY_USAGE_OCCURRENCE('NAUO5','Trigger','Trigger',#12772,
#12777,'');
#208=NEXT_ASSEMBLY_USAGE_OCCURRENCE('NAUO6','Part 1','Part 1',#12772,#12778,
'');
#209=(
REPRESENTATION_RELATIONSHIP(' ',' ',#5631,#5630)
REPRESENTATION_RELATIONSHIP_WITH_TRANSFORMATION(#215)
SHAPE_REPRESENTATION_RELATIONSHIP()
);
#210=(
REPRESENTATION_RELATIONSHIP(' ',' ',#5632,#5630)
REPRESENTATION_RELATIONSHIP_WITH_TRANSFORMATION(#216)
SHAPE_REPRESENTATION_RELATIONSHIP()
);
#211=(
REPRESENTATION_RELATIONSHIP(' ',' ',#5633,#5630)
REPRESENTATION_RELATIONSHIP_WITH_TRANSFORMATION(#217)
SHAPE_REPRESENTATION_RELATIONSHIP()
);
#212=(
REPRESENTATION_RELATIONSHIP(' ',' ',#5634,#5630)
REPRESENTATION_RELATIONSHIP_WITH_TRANSFORMATION(#218)
SHAPE_REPRESENTATION_RELATIONSHIP()
);
#213=(
REPRESENTATION_RELATIONSHIP(' ',' ',#5635,#5630)
REPRESENTATION_RELATIONSHIP_WITH_TRANSFORMATION(#219)
SHAPE_REPRESENTATION_RELATIONSHIP()
);
#214=(
REPRESENTATION_RELATIONSHIP(' ',' ',#5636,#5630)
REPRESENTATION_RELATIONSHIP_WITH_TRANSFORMATION(#220)
SHAPE_REPRESENTATION_RELATIONSHIP()
);
#215=ITEM_DEFINED_TRANSFORMATION(' ',' ',#5637,#5658);
#216=ITEM_DEFINED_TRANSFORMATION(' ',' ',#5637,#5710);
#217=ITEM_DEFINED_TRANSFORMATION(' ',' ',#5637,#5801);
#218=ITEM_DEFINED_TRANSFORMATION(' ',' ',#5637,#5882);
#219=ITEM_DEFINED_TRANSFORMATION(' ',' ',#5637,#5912);
#220=ITEM_DEFINED_TRANSFORMATION(' ',' ',#5637,#6083);
#221=SHAPE_REPRESENTATION_RELATIONSHIP('','',#5631,#227);
#222=SHAPE_REPRESENTATION_RELATIONSHIP('','',#5632,#228);
#223=SHAPE_REPRESENTATION_RELATIONSHIP('','',#5633,#229);
#224=SHAPE_REPRESENTATION_RELATIONSHIP('','',#5634,#230);
#225=SHAPE_REPRESENTATION_RELATIONSHIP('','',#5635,#231);
#226=SHAPE_REPRESENTATION_RELATIONSHIP('','',#5636,#232);
#227=ADVANCED_BREP_SHAPE_REPRESENTATION('',(#5617),#12743);
#228=ADVANCED_BREP_SHAPE_REPRESENTATION('',(#5618),#12744);
#229=ADVANCED_BREP_SHAPE_REPRESENTATION('',(#5619),#12745);
#230=ADVANCED_BREP_SHAPE_REPRESENTATION('',(#5620),#12746);
#231=ADVANCED_BREP_SHAPE_REPRESENTATION('',(#5621),#12747);
#232=ADVANCED_BREP_SHAPE_REPRESENTATION('',(#5622),#12748);
#233=TOROIDAL_SURFACE('',#5652,0.005,0.002);
#234=TOROIDAL_SURFACE('',#5654,0.034,0.002);
#235=TOROIDAL_SURFACE('',#5656,0.005,0.002);
#236=TOROIDAL_SURFACE('',#5840,0.0375732192451039,0.0108192976796287);
#237=TOROIDAL_SURFACE('',#5844,0.0374833388283844,0.00939257782179466);
#238=TOROIDAL_SURFACE('',#5909,0.011,0.005);
#239=TOROIDAL_SURFACE('',#5941,0.0374833388283844,0.00939257782179466);
#240=TOROIDAL_SURFACE('',#6081,0.07,0.05);
#241=TOROIDAL_SURFACE('',#6082,0.0686991846140072,0.05);
#242=(
BOUNDED_SURFACE()
B_SPLINE_SURFACE(3,2,((#7505,#7506,#7507),(#7508,#7509,#7510),(#7511,#7512,
#7513),(#7514,#7515,#7516),(#7517,#7518,#7519)),.UNSPECIFIED.,.F.,.F.,.F.)
B_SPLINE_SURFACE_WITH_KNOTS((4,1,4),(3,3),(-2.77555756156289E-17,0.0030600794911667,
0.00612015898233343),(0.,1.),.UNSPECIFIED.)
GEOMETRIC_REPRESENTATION_ITEM()
RATIONAL_B_SPLINE_SURFACE(((1.,0.707106781186548,1.),(1.,0.707106781186548,
1.),(1.,0.707106781186546,1.),(1.,0.707106781186548,1.),(1.,0.707106781186548,
1.)))
REPRESENTATION_ITEM('')
SURFACE()
);
#243=(
BOUNDED_SURFACE()
B_SPLINE_SURFACE(3,2,((#7526,#7527,#7528),(#7529,#7530,#7531),(#7532,#7533,
#7534),(#7535,#7536,#7537),(#7538,#7539,#7540),(#7541,#7542,#7543),(#7544,
#7545,#7546),(#7547,#7548,#7549),(#7550,#7551,#7552),(#7553,#7554,#7555),
(#7556,#7557,#7558),(#7559,#7560,#7561),(#7562,#7563,#7564),(#7565,#7566,
#7567),(#7568,#7569,#7570),(#7571,#7572,#7573),(#7574,#7575,#7576),(#7577,
#7578,#7579),(#7580,#7581,#7582)),.UNSPECIFIED.,.F.,.F.,.F.)
B_SPLINE_SURFACE_WITH_KNOTS((4,1,1,1,1,1,1,1,1,1,1,1,1,1,1,1,4),(3,3),(-1.04083408558608E-15,
0.00106472659943013,0.0021294531988613,0.00425890639772364,0.00638835959658597,
0.00851781279544831,0.0106472659943106,0.012776719193173,0.0170356255908977,
0.0212945319886223,0.025553438386347,0.0298123447840717,0.0340712511817964,
0.0425890639772457,0.0511068767726951,0.0596246895681444,0.0681425023635938),
(0.,1.),.UNSPECIFIED.)
GEOMETRIC_REPRESENTATION_ITEM()
RATIONAL_B_SPLINE_SURFACE(((1.,0.707106781186546,1.),(1.,0.707106781186546,
1.),(1.,0.707106781186547,1.),(1.,0.707106781186547,1.),(1.,0.707106781186547,
1.),(1.,0.707106781186548,1.),(1.,0.707106781186548,1.),(1.,0.707106781186547,
1.),(1.,0.707106781186547,1.),(1.,0.707106781186547,1.),(1.,0.707106781186547,
1.),(1.,0.707106781186548,1.),(1.,0.707106781186548,1.),(1.,0.707106781186548,
1.),(1.,0.707106781186548,1.),(1.,0.707106781186547,1.),(1.,0.707106781186546,
1.),(1.,0.707106781186552,1.),(1.,0.707106781186552,1.)))
REPRESENTATION_ITEM('')
SURFACE()
);
#244=(
BOUNDED_SURFACE()
B_SPLINE_SURFACE(3,2,((#7590,#7591,#7592),(#7593,#7594,#7595),(#7596,#7597,
#7598),(#7599,#7600,#7601),(#7602,#7603,#7604),(#7605,#7606,#7607),(#7608,
#7609,#7610),(#7611,#7612,#7613),(#7614,#7615,#7616),(#7617,#7618,#7619),
(#7620,#7621,#7622),(#7623,#7624,#7625)),.UNSPECIFIED.,.F.,.F.,.F.)
B_SPLINE_SURFACE_WITH_KNOTS((4,1,1,1,1,1,1,1,1,4),(3,3),(0.,0.000244265320008367,
0.000488530640016735,0.000732795960025102,0.000977061280033469,0.00109919394003765,
0.00122132660004184,0.0014655919200502,0.00170985724005857,0.00195412256006694),
(0.,1.),.UNSPECIFIED.)
GEOMETRIC_REPRESENTATION_ITEM()
RATIONAL_B_SPLINE_SURFACE(((1.,0.707106781186548,1.),(1.,0.707106781186548,
1.),(1.,0.707106781186548,1.),(1.,0.707106781186547,1.),(1.,0.707106781186548,
1.),(1.,0.707106781186544,1.),(1.,0.707106781186554,1.),(1.,0.707106781186543,
1.),(1.,0.707106781186547,1.),(1.,0.70710678118655,1.),(1.,0.707106781186547,
1.),(1.,0.707106781186547,1.)))
REPRESENTATION_ITEM('')
SURFACE()
);
#245=(
BOUNDED_SURFACE()
B_SPLINE_SURFACE(3,2,((#7633,#7634,#7635),(#7636,#7637,#7638),(#7639,#7640,
#7641),(#7642,#7643,#7644),(#7645,#7646,#7647),(#7648,#7649,#7650),(#7651,
#7652,#7653),(#7654,#7655,#7656),(#7657,#7658,#7659),(#7660,#7661,#7662),
(#7663,#7664,#7665),(#7666,#7667,#7668),(#7669,#7670,#7671),(#7672,#7673,
#7674),(#7675,#7676,#7677),(#7678,#7679,#7680),(#7681,#7682,#7683),(#7684,
#7685,#7686),(#7687,#7688,#7689),(#7690,#7691,#7692)),.UNSPECIFIED.,.F.,
 .F.,.F.)
B_SPLINE_SURFACE_WITH_KNOTS((4,1,1,1,1,1,1,1,1,1,1,1,1,1,1,1,1,4),(3,3),
(0.,0.00838825587624323,0.0167765117524865,0.0251647676287297,0.0335530235049729,
0.0377471514430945,0.0419412793812162,0.0461354073193378,0.0503295352574594,
0.054523663195581,0.0566207271646418,0.0587177911337026,0.0608148551027634,
0.0629119190718242,0.0639604510563546,0.065008983040885,0.0660575150254154,
0.0671060470099459),(0.,1.),.UNSPECIFIED.)
GEOMETRIC_REPRESENTATION_ITEM()
RATIONAL_B_SPLINE_SURFACE(((1.,0.707106781186552,1.),(1.,0.707106781186552,
1.),(1.,0.707106781186546,1.),(1.,0.707106781186546,1.),(1.,0.707106781186548,
1.),(1.,0.707106781186546,1.),(1.,0.707106781186547,1.),(1.,0.707106781186547,
1.),(1.,0.707106781186547,1.),(1.,0.707106781186549,1.),(1.,0.707106781186547,
1.),(1.,0.707106781186548,1.),(1.,0.707106781186546,1.),(1.,0.707106781186549,
1.),(1.,0.707106781186546,1.),(1.,0.70710678118655,1.),(1.,0.707106781186547,
1.),(1.,0.707106781186547,1.),(1.,0.707106781186548,1.),(1.,0.707106781186548,
1.)))
REPRESENTATION_ITEM('')
SURFACE()
);
#246=(
BOUNDED_SURFACE()
B_SPLINE_SURFACE(3,2,((#7700,#7701,#7702),(#7703,#7704,#7705),(#7706,#7707,
#7708),(#7709,#7710,#7711),(#7712,#7713,#7714)),.UNSPECIFIED.,.F.,.F.,.F.)
B_SPLINE_SURFACE_WITH_KNOTS((4,1,4),(3,3),(-3.65187047268734E-13,0.00305740738647226,
0.00611481477330971),(0.,1.),.UNSPECIFIED.)
GEOMETRIC_REPRESENTATION_ITEM()
RATIONAL_B_SPLINE_SURFACE(((1.,0.707106781186547,1.),(1.,0.707106781186547,
1.),(1.,0.707106781186548,1.),(1.,0.707106781186548,1.),(1.,0.707106781186548,
1.)))
REPRESENTATION_ITEM('')
SURFACE()
);
#247=(
BOUNDED_SURFACE()
B_SPLINE_SURFACE(3,2,((#11791,#11792,#11793),(#11794,#11795,#11796),(#11797,
#11798,#11799),(#11800,#11801,#11802),(#11803,#11804,#11805),(#11806,#11807,
#11808),(#11809,#11810,#11811),(#11812,#11813,#11814),(#11815,#11816,#11817),
(#11818,#11819,#11820),(#11821,#11822,#11823),(#11824,#11825,#11826),(#11827,
#11828,#11829),(#11830,#11831,#11832),(#11833,#11834,#11835),(#11836,#11837,
#11838),(#11839,#11840,#11841),(#11842,#11843,#11844),(#11845,#11846,#11847),
(#11848,#11849,#11850),(#11851,#11852,#11853),(#11854,#11855,#11856),(#11857,
#11858,#11859),(#11860,#11861,#11862),(#11863,#11864,#11865),(#11866,#11867,
#11868),(#11869,#11870,#11871),(#11872,#11873,#11874),(#11875,#11876,#11877),
(#11878,#11879,#11880),(#11881,#11882,#11883),(#11884,#11885,#11886),(#11887,
#11888,#11889),(#11890,#11891,#11892),(#11893,#11894,#11895),(#11896,#11897,
#11898),(#11899,#11900,#11901),(#11902,#11903,#11904),(#11905,#11906,#11907),
(#11908,#11909,#11910),(#11911,#11912,#11913),(#11914,#11915,#11916),(#11917,
#11918,#11919),(#11920,#11921,#11922),(#11923,#11924,#11925),(#11926,#11927,
#11928),(#11929,#11930,#11931),(#11932,#11933,#11934),(#11935,#11936,#11937),
(#11938,#11939,#11940),(#11941,#11942,#11943)),.UNSPECIFIED.,.F.,.F.,.F.)
B_SPLINE_SURFACE_WITH_KNOTS((4,1,1,1,1,1,1,1,1,1,1,1,1,1,1,1,1,1,1,1,1,
1,1,1,1,1,1,1,1,1,1,1,1,1,1,1,1,1,1,1,1,1,1,1,1,1,1,1,4),(3,3),(0.0214703249698179,
0.0278338001733229,0.0310155377750754,0.0341972753768278,0.0373790129785803,
0.0405607505803328,0.0469242257838377,0.0532877009873427,0.0564694385890951,
0.0596511761908476,0.0660146513943526,0.0723781265978575,0.07555986419961,
0.0787416018013624,0.0819233394031149,0.0851050770048674,0.0914685522083723,
0.0978320274118773,0.10101376501363,0.104195502615382,0.107377240217135,
0.110558977818887,0.11374071542064,0.116922453022392,0.120104190624145,
0.123285928225897,0.12646766582765,0.129649403429402,0.132831141031154,
0.136012878632907,0.142376353836412,0.148739829039917,0.155103304243422,
0.161466779446927,0.164648517048679,0.167830254650432,0.171011992252184,
0.174193729853937,0.180557205057442,0.186920680260946,0.190102417862699,
0.193284155464451,0.199647630667956,0.202829368269709,0.206011105871461,
0.212374581074966,0.215556318676719,0.218738056278471,0.225101531481976),
(0.,1.),.UNSPECIFIED.)
GEOMETRIC_REPRESENTATION_ITEM()
RATIONAL_B_SPLINE_SURFACE(((1.,0.727181887990604,1.),(1.,0.740585566600893,
1.),(1.,0.761875404054626,1.),(1.,0.789473928117044,1.),(1.,0.808640625701644,
1.),(1.,0.825970545320618,1.),(1.,0.846425916472378,1.),(1.,0.865480710464218,
1.),(1.,0.876410747226596,1.),(1.,0.881065788930687,1.),(1.,0.883760235765813,
1.),(1.,0.883804503166963,1.),(1.,0.878155612832793,1.),(1.,0.870198502835168,
1.),(1.,0.862035735923284,1.),(1.,0.85154630234334,1.),(1.,0.834287930247378,
1.),(1.,0.807718095953353,1.),(1.,0.777450520776171,1.),(1.,0.752153678171196,
1.),(1.,0.733310411641629,1.),(1.,0.714895752164191,1.),(1.,0.69732160644325,
1.),(1.,0.681839905126708,1.),(1.,0.669547286934859,1.),(1.,0.661346832890257,
1.),(1.,0.658471574185097,1.),(1.,0.66128088950954,1.),(1.,0.669193984596591,
1.),(1.,0.681595904806588,1.),(1.,0.702030770348061,1.),(1.,0.732943005774351,
1.),(1.,0.770604613422216,1.),(1.,0.807596191721513,1.),(1.,0.834063559557185,
1.),(1.,0.851403228408174,1.),(1.,0.861991060646,1.),(1.,0.870206707585299,
1.),(1.,0.87821197663789,1.),(1.,0.883821720129735,1.),(1.,0.883751350607245,
1.),(1.,0.881012503186811,1.),(1.,0.876225903405016,1.),(1.,0.867519009338486,
1.),(1.,0.853874345610608,1.),(1.,0.836584016202876,1.),(1.,0.814811538643749,
1.),(1.,0.789389747892406,1.),(1.,0.761861618333777,1.),(1.,0.740524914595873,
1.),(1.,0.727242260762273,1.)))
REPRESENTATION_ITEM('')
SURFACE()
);
#248=(
BOUNDED_SURFACE()
B_SPLINE_SURFACE(3,2,((#12544,#12545,#12546),(#12547,#12548,#12549),(#12550,
#12551,#12552),(#12553,#12554,#12555),(#12556,#12557,#12558),(#12559,#12560,
#12561),(#12562,#12563,#12564),(#12565,#12566,#12567),(#12568,#12569,#12570),
(#12571,#12572,#12573),(#12574,#12575,#12576),(#12577,#12578,#12579),(#12580,
#12581,#12582),(#12583,#12584,#12585),(#12586,#12587,#12588),(#12589,#12590,
#12591),(#12592,#12593,#12594),(#12595,#12596,#12597),(#12598,#12599,#12600),
(#12601,#12602,#12603),(#12604,#12605,#12606),(#12607,#12608,#12609),(#12610,
#12611,#12612),(#12613,#12614,#12615),(#12616,#12617,#12618),(#12619,#12620,
#12621),(#12622,#12623,#12624),(#12625,#12626,#12627),(#12628,#12629,#12630),
(#12631,#12632,#12633),(#12634,#12635,#12636),(#12637,#12638,#12639),(#12640,
#12641,#12642),(#12643,#12644,#12645),(#12646,#12647,#12648),(#12649,#12650,
#12651),(#12652,#12653,#12654),(#12655,#12656,#12657),(#12658,#12659,#12660),
(#12661,#12662,#12663),(#12664,#12665,#12666),(#12667,#12668,#12669),(#12670,
#12671,#12672),(#12673,#12674,#12675),(#12676,#12677,#12678),(#12679,#12680,
#12681),(#12682,#12683,#12684),(#12685,#12686,#12687),(#12688,#12689,#12690),
(#12691,#12692,#12693),(#12694,#12695,#12696),(#12697,#12698,#12699),(#12700,
#12701,#12702),(#12703,#12704,#12705),(#12706,#12707,#12708),(#12709,#12710,
#12711),(#12712,#12713,#12714),(#12715,#12716,#12717),(#12718,#12719,#12720),
(#12721,#12722,#12723)),.UNSPECIFIED.,.T.,.F.,.F.)
B_SPLINE_SURFACE_WITH_KNOTS((1,3,1,1,1,1,1,1,1,1,1,1,1,1,1,1,1,1,1,1,1,
1,1,1,1,1,1,1,1,1,1,1,1,1,1,1,1,1,1,1,1,1,1,1,1,1,1,1,1,1,1,1,1,1,1,1,1,
1,3,1),(3,3),(-0.00342702498333025,0.,0.00342702498333025,0.00685404996666051,
0.00856756245832564,0.0102810749499908,0.013708099933321,0.0171351249166513,
0.0205621498999815,0.0239891748833118,0.027416199866642,0.0308432248499723,
0.0342702498333025,0.0376972748166328,0.041124299799963,0.0479783497666236,
0.0514053747499538,0.0548323997332841,0.0582594247166143,0.0616864496999446,
0.0685404996666051,0.0719675246499353,0.0753945496332656,0.0788215746165958,
0.0822485995999261,0.0856756245832563,0.0891026495665866,0.0925296745499168,
0.0959566995332471,0.0993837245165774,0.102810749499908,0.109664799466568,
0.116518849433229,0.119945874416559,0.123372899399889,0.13022694936655,
0.13365397434988,0.13708099933321,0.143935049299871,0.147362074283201,0.150789099266531,
0.154216124249861,0.157643149233192,0.161070174216522,0.164497199199852,
0.167924224183182,0.171351249166513,0.178205299133173,0.181632324116503,
0.185059349099834,0.191913399066494,0.195340424049824,0.198767449033155,
0.202194474016485,0.205621498999815,0.209048523983145,0.212475548966476,
0.215902573949806,0.219329598933136,0.222756623916467),(0.,1.),
 .UNSPECIFIED.)
GEOMETRIC_REPRESENTATION_ITEM()
RATIONAL_B_SPLINE_SURFACE(((1.,0.647024356765363,1.),(1.,0.647024501682993,
1.),(1.,0.647024672340201,1.),(1.,0.647023670673545,1.),(1.,0.647024038876936,
1.),(1.,0.647024082478601,1.),(1.,0.647023846095101,1.),(1.,0.647024121959325,
1.),(1.,0.647025381163617,1.),(1.,0.647024152666332,1.),(1.,0.647024048883205,
1.),(1.,0.647025634273679,1.),(1.,0.647023849980567,1.),(1.,0.647024204498278,
1.),(1.,0.647024417668014,1.),(1.,0.647023747175132,1.),(1.,0.647024115003282,
1.),(1.,0.647023663924391,1.),(1.,0.647024320775456,1.),(1.,0.647023901101891,
1.),(1.,0.647022588520716,1.),(1.,0.647026690940986,1.),(1.,0.647018943394085,
1.),(1.,0.647026259674471,1.),(1.,0.647022499560128,1.),(1.,0.64702904423607,
1.),(1.,0.647021441724753,1.),(1.,0.647026943518508,1.),(1.,0.647021906462199,
1.),(1.,0.647024743965078,1.),(1.,0.647023661345294,1.),(1.,0.647023307058664,
1.),(1.,0.647025695317506,1.),(1.,0.647023666759089,1.),(1.,0.647025337360212,
1.),(1.,0.647023214853442,1.),(1.,0.647023804975074,1.),(1.,0.64702409300893,
1.),(1.,0.647024764925589,1.),(1.,0.647023839412947,1.),(1.,0.647023231290604,
1.),(1.,0.64702902998919,1.),(1.,0.647021021472687,1.),(1.,0.647027560948037,
1.),(1.,0.647019801907435,1.),(1.,0.647025028339638,1.),(1.,0.647023697992411,
1.),(1.,0.647023874779456,1.),(1.,0.647024752504598,1.),(1.,0.647023398320282,
1.),(1.,0.647024160540759,1.),(1.,0.647024087102625,1.),(1.,0.647024021163026,
1.),(1.,0.647024231687362,1.),(1.,0.647023573124124,1.),(1.,0.647025401672675,
1.),(1.,0.647025471274981,1.),(1.,0.647023802834424,1.),(1.,0.647024211847734,
1.),(1.,0.647024356765363,1.)))
REPRESENTATION_ITEM('')
SURFACE()
);
#249=LINE('',#7422,#635);
#250=LINE('',#7425,#636);
#251=LINE('',#7427,#637);
#252=LINE('',#7429,#638);
#253=LINE('',#7489,#639);
#254=LINE('',#7492,#640);
#255=LINE('',#7494,#641);
#256=LINE('',#7496,#642);
#257=LINE('',#7498,#643);
#258=LINE('',#7499,#644);
#259=LINE('',#7501,#645);
#260=LINE('',#7503,#646);
#261=LINE('',#7739,#647);
#262=LINE('',#7749,#648);
#263=LINE('',#7790,#649);
#264=LINE('',#7799,#650);
#265=LINE('',#7846,#651);
#266=LINE('',#7855,#652);
#267=LINE('',#7902,#653);
#268=LINE('',#7911,#654);
#269=LINE('',#7958,#655);
#270=LINE('',#7967,#656);
#271=LINE('',#8014,#657);
#272=LINE('',#8023,#658);
#273=LINE('',#8070,#659);
#274=LINE('',#8079,#660);
#275=LINE('',#8126,#661);
#276=LINE('',#8135,#662);
#277=LINE('',#8182,#663);
#278=LINE('',#8191,#664);
#279=LINE('',#8238,#665);
#280=LINE('',#8247,#666);
#281=LINE('',#8294,#667);
#282=LINE('',#8303,#668);
#283=LINE('',#8586,#669);
#284=LINE('',#8587,#670);
#285=LINE('',#8589,#671);
#286=LINE('',#8590,#672);
#287=LINE('',#8598,#673);
#288=LINE('',#8615,#674);
#289=LINE('',#8619,#675);
#290=LINE('',#8679,#676);
#291=LINE('',#8693,#677);
#292=LINE('',#8695,#678);
#293=LINE('',#8791,#679);
#294=LINE('',#8795,#680);
#295=LINE('',#8800,#681);
#296=LINE('',#8801,#682);
#297=LINE('',#8806,#683);
#298=LINE('',#8807,#684);
#299=LINE('',#8815,#685);
#300=LINE('',#8819,#686);
#301=LINE('',#8820,#687);
#302=LINE('',#8824,#688);
#303=LINE('',#8825,#689);
#304=LINE('',#8829,#690);
#305=LINE('',#8834,#691);
#306=LINE('',#8838,#692);
#307=LINE('',#8840,#693);
#308=LINE('',#8842,#694);
#309=LINE('',#8845,#695);
#310=LINE('',#8849,#696);
#311=LINE('',#8851,#697);
#312=LINE('',#8853,#698);
#313=LINE('',#8856,#699);
#314=LINE('',#8860,#700);
#315=LINE('',#8862,#701);
#316=LINE('',#8864,#702);
#317=LINE('',#8906,#703);
#318=LINE('',#8916,#704);
#319=LINE('',#8925,#705);
#320=LINE('',#8934,#706);
#321=LINE('',#8943,#707);
#322=LINE('',#8952,#708);
#323=LINE('',#8961,#709);
#324=LINE('',#8970,#710);
#325=LINE('',#8982,#711);
#326=LINE('',#8986,#712);
#327=LINE('',#9019,#713);
#328=LINE('',#9023,#714);
#329=LINE('',#9056,#715);
#330=LINE('',#9060,#716);
#331=LINE('',#9093,#717);
#332=LINE('',#9097,#718);
#333=LINE('',#9130,#719);
#334=LINE('',#9134,#720);
#335=LINE('',#9167,#721);
#336=LINE('',#9171,#722);
#337=LINE('',#9204,#723);
#338=LINE('',#9208,#724);
#339=LINE('',#9244,#725);
#340=LINE('',#9274,#726);
#341=LINE('',#9304,#727);
#342=LINE('',#9334,#728);
#343=LINE('',#9364,#729);
#344=LINE('',#9394,#730);
#345=LINE('',#9424,#731);
#346=LINE('',#9454,#732);
#347=LINE('',#9508,#733);
#348=LINE('',#9515,#734);
#349=LINE('',#9517,#735);
#350=LINE('',#9522,#736);
#351=LINE('',#9523,#737);
#352=LINE('',#9525,#738);
#353=LINE('',#9526,#739);
#354=LINE('',#9528,#740);
#355=LINE('',#9529,#741);
#356=LINE('',#9531,#742);
#357=LINE('',#9532,#743);
#358=LINE('',#9534,#744);
#359=LINE('',#9535,#745);
#360=LINE('',#9537,#746);
#361=LINE('',#9538,#747);
#362=LINE('',#9540,#748);
#363=LINE('',#9541,#749);
#364=LINE('',#9545,#750);
#365=LINE('',#9551,#751);
#366=LINE('',#9557,#752);
#367=LINE('',#9589,#753);
#368=LINE('',#9596,#754);
#369=LINE('',#9607,#755);
#370=LINE('',#9614,#756);
#371=LINE('',#9625,#757);
#372=LINE('',#9632,#758);
#373=LINE('',#9643,#759);
#374=LINE('',#9650,#760);
#375=LINE('',#9661,#761);
#376=LINE('',#9668,#762);
#377=LINE('',#9679,#763);
#378=LINE('',#9686,#764);
#379=LINE('',#9697,#765);
#380=LINE('',#9704,#766);
#381=LINE('',#9828,#767);
#382=LINE('',#9831,#768);
#383=LINE('',#9833,#769);
#384=LINE('',#9835,#770);
#385=LINE('',#9836,#771);
#386=LINE('',#9839,#772);
#387=LINE('',#9841,#773);
#388=LINE('',#9843,#774);
#389=LINE('',#9845,#775);
#390=LINE('',#9848,#776);
#391=LINE('',#9849,#777);
#392=LINE('',#9851,#778);
#393=LINE('',#9853,#779);
#394=LINE('',#9855,#780);
#395=LINE('',#9858,#781);
#396=LINE('',#9859,#782);
#397=LINE('',#9861,#783);
#398=LINE('',#9863,#784);
#399=LINE('',#9865,#785);
#400=LINE('',#9867,#786);
#401=LINE('',#9869,#787);
#402=LINE('',#9871,#788);
#403=LINE('',#9874,#789);
#404=LINE('',#9876,#790);
#405=LINE('',#9878,#791);
#406=LINE('',#9880,#792);
#407=LINE('',#9888,#793);
#408=LINE('',#9890,#794);
#409=LINE('',#9892,#795);
#410=LINE('',#9894,#796);
#411=LINE('',#9896,#797);
#412=LINE('',#9898,#798);
#413=LINE('',#9900,#799);
#414=LINE('',#9902,#800);
#415=LINE('',#9904,#801);
#416=LINE('',#9906,#802);
#417=LINE('',#9908,#803);
#418=LINE('',#9910,#804);
#419=LINE('',#9912,#805);
#420=LINE('',#9917,#806);
#421=LINE('',#9920,#807);
#422=LINE('',#9929,#808);
#423=LINE('',#9933,#809);
#424=LINE('',#9934,#810);
#425=LINE('',#9936,#811);
#426=LINE('',#9944,#812);
#427=LINE('',#10806,#813);
#428=LINE('',#10809,#814);
#429=LINE('',#10811,#815);
#430=LINE('',#10813,#816);
#431=LINE('',#10814,#817);
#432=LINE('',#10817,#818);
#433=LINE('',#10819,#819);
#434=LINE('',#10821,#820);
#435=LINE('',#10822,#821);
#436=LINE('',#10825,#822);
#437=LINE('',#10827,#823);
#438=LINE('',#10829,#824);
#439=LINE('',#10831,#825);
#440=LINE('',#10833,#826);
#441=LINE('',#10837,#827);
#442=LINE('',#10839,#828);
#443=LINE('',#10841,#829);
#444=LINE('',#10845,#830);
#445=LINE('',#10847,#831);
#446=LINE('',#10849,#832);
#447=LINE('',#10851,#833);
#448=LINE('',#10853,#834);
#449=LINE('',#10855,#835);
#450=LINE('',#10857,#836);
#451=LINE('',#10861,#837);
#452=LINE('',#10863,#838);
#453=LINE('',#10865,#839);
#454=LINE('',#10869,#840);
#455=LINE('',#10871,#841);
#456=LINE('',#10873,#842);
#457=LINE('',#10875,#843);
#458=LINE('',#10892,#844);
#459=LINE('',#10894,#845);
#460=LINE('',#10896,#846);
#461=LINE('',#10899,#847);
#462=LINE('',#10901,#848);
#463=LINE('',#10903,#849);
#464=LINE('',#10905,#850);
#465=LINE('',#10910,#851);
#466=LINE('',#10911,#852);
#467=LINE('',#10913,#853);
#468=LINE('',#10915,#854);
#469=LINE('',#10917,#855);
#470=LINE('',#10919,#856);
#471=LINE('',#10921,#857);
#472=LINE('',#10922,#858);
#473=LINE('',#10924,#859);
#474=LINE('',#10926,#860);
#475=LINE('',#10927,#861);
#476=LINE('',#12020,#862);
#477=LINE('',#12022,#863);
#478=LINE('',#12024,#864);
#479=LINE('',#12026,#865);
#480=LINE('',#12104,#866);
#481=LINE('',#12105,#867);
#482=LINE('',#12107,#868);
#483=LINE('',#12108,#869);
#484=LINE('',#12109,#870);
#485=LINE('',#12112,#871);
#486=LINE('',#12113,#872);
#487=LINE('',#12115,#873);
#488=LINE('',#12117,#874);
#489=LINE('',#12124,#875);
#490=LINE('',#12126,#876);
#491=LINE('',#12128,#877);
#492=LINE('',#12130,#878);
#493=LINE('',#12138,#879);
#494=LINE('',#12140,#880);
#495=LINE('',#12154,#881);
#496=LINE('',#12157,#882);
#497=LINE('',#12159,#883);
#498=LINE('',#12161,#884);
#499=LINE('',#12163,#885);
#500=LINE('',#12167,#886);
#501=LINE('',#12170,#887);
#502=LINE('',#12172,#888);
#503=LINE('',#12174,#889);
#504=LINE('',#12178,#890);
#505=LINE('',#12180,#891);
#506=LINE('',#12185,#892);
#507=LINE('',#12189,#893);
#508=LINE('',#12194,#894);
#509=LINE('',#12198,#895);
#510=LINE('',#12211,#896);
#511=LINE('',#12215,#897);
#512=LINE('',#12228,#898);
#513=LINE('',#12232,#899);
#514=LINE('',#12235,#900);
#515=LINE('',#12236,#901);
#516=LINE('',#12240,#902);
#517=LINE('',#12242,#903);
#518=LINE('',#12244,#904);
#519=LINE('',#12246,#905);
#520=LINE('',#12250,#906);
#521=LINE('',#12252,#907);
#522=LINE('',#12253,#908);
#523=LINE('',#12255,#909);
#524=LINE('',#12256,#910);
#525=LINE('',#12258,#911);
#526=LINE('',#12261,#912);
#527=LINE('',#12263,#913);
#528=LINE('',#12265,#914);
#529=LINE('',#12267,#915);
#530=LINE('',#12268,#916);
#531=LINE('',#12270,#917);
#532=LINE('',#12271,#918);
#533=LINE('',#12273,#919);
#534=LINE('',#12275,#920);
#535=LINE('',#12277,#921);
#536=LINE('',#12279,#922);
#537=LINE('',#12280,#923);
#538=LINE('',#12282,#924);
#539=LINE('',#12285,#925);
#540=LINE('',#12289,#926);
#541=LINE('',#12290,#927);
#542=LINE('',#12292,#928);
#543=LINE('',#12294,#929);
#544=LINE('',#12296,#930);
#545=LINE('',#12298,#931);
#546=LINE('',#12303,#932);
#547=LINE('',#12305,#933);
#548=LINE('',#12306,#934);
#549=LINE('',#12308,#935);
#550=LINE('',#12310,#936);
#551=LINE('',#12312,#937);
#552=LINE('',#12314,#938);
#553=LINE('',#12318,#939);
#554=LINE('',#12320,#940);
#555=LINE('',#12322,#941);
#556=LINE('',#12324,#942);
#557=LINE('',#12326,#943);
#558=LINE('',#12328,#944);
#559=LINE('',#12330,#945);
#560=LINE('',#12332,#946);
#561=LINE('',#12334,#947);
#562=LINE('',#12336,#948);
#563=LINE('',#12338,#949);
#564=LINE('',#12340,#950);
#565=LINE('',#12342,#951);
#566=LINE('',#12344,#952);
#567=LINE('',#12346,#953);
#568=LINE('',#12348,#954);
#569=LINE('',#12350,#955);
#570=LINE('',#12352,#956);
#571=LINE('',#12354,#957);
#572=LINE('',#12356,#958);
#573=LINE('',#12357,#959);
#574=LINE('',#12359,#960);
#575=LINE('',#12361,#961);
#576=LINE('',#12363,#962);
#577=LINE('',#12365,#963);
#578=LINE('',#12367,#964);
#579=LINE('',#12369,#965);
#580=LINE('',#12371,#966);
#581=LINE('',#12375,#967);
#582=LINE('',#12376,#968);
#583=LINE('',#12378,#969);
#584=LINE('',#12379,#970);
#585=LINE('',#12383,#971);
#586=LINE('',#12385,#972);
#587=LINE('',#12387,#973);
#588=LINE('',#12389,#974);
#589=LINE('',#12391,#975);
#590=LINE('',#12393,#976);
#591=LINE('',#12394,#977);
#592=LINE('',#12396,#978);
#593=LINE('',#12397,#979);
#594=LINE('',#12399,#980);
#595=LINE('',#12401,#981);
#596=LINE('',#12404,#982);
#597=LINE('',#12406,#983);
#598=LINE('',#12408,#984);
#599=LINE('',#12410,#985);
#600=LINE('',#12412,#986);
#601=LINE('',#12415,#987);
#602=LINE('',#12417,#988);
#603=LINE('',#12419,#989);
#604=LINE('',#12421,#990);
#605=LINE('',#12423,#991);
#606=LINE('',#12427,#992);
#607=LINE('',#12429,#993);
#608=LINE('',#12431,#994);
#609=LINE('',#12433,#995);
#610=LINE('',#12435,#996);
#611=LINE('',#12437,#997);
#612=LINE('',#12439,#998);
#613=LINE('',#12441,#999);
#614=LINE('',#12445,#1000);
#615=LINE('',#12446,#1001);
#616=LINE('',#12448,#1002);
#617=LINE('',#12450,#1003);
#618=LINE('',#12452,#1004);
#619=LINE('',#12456,#1005);
#620=LINE('',#12457,#1006);
#621=LINE('',#12459,#1007);
#622=LINE('',#12460,#1008);
#623=LINE('',#12467,#1009);
#624=LINE('',#12469,#1010);
#625=LINE('',#12470,#1011);
#626=LINE('',#12472,#1012);
#627=LINE('',#12474,#1013);
#628=LINE('',#12477,#1014);
#629=LINE('',#12478,#1015);
#630=LINE('',#12480,#1016);
#631=LINE('',#12725,#1017);
#632=LINE('',#12726,#1018);
#633=LINE('',#12728,#1019);
#634=LINE('',#12729,#1020);
#635=VECTOR('',#6094,1.);
#636=VECTOR('',#6095,1.);
#637=VECTOR('',#6096,1.);
#638=VECTOR('',#6097,1.);
#639=VECTOR('',#6108,1.);
#640=VECTOR('',#6109,1.);
#641=VECTOR('',#6110,1.);
#642=VECTOR('',#6111,1.);
#643=VECTOR('',#6114,1.);
#644=VECTOR('',#6115,1.);
#645=VECTOR('',#6118,1.);
#646=VECTOR('',#6121,1.);
#647=VECTOR('',#6140,1.);
#648=VECTOR('',#6141,1.);
#649=VECTOR('',#6142,1.);
#650=VECTOR('',#6143,1.);
#651=VECTOR('',#6144,1.);
#652=VECTOR('',#6145,1.);
#653=VECTOR('',#6146,1.);
#654=VECTOR('',#6147,1.);
#655=VECTOR('',#6148,1.);
#656=VECTOR('',#6149,1.);
#657=VECTOR('',#6150,1.);
#658=VECTOR('',#6151,1.);
#659=VECTOR('',#6152,1.);
#660=VECTOR('',#6153,1.);
#661=VECTOR('',#6154,1.);
#662=VECTOR('',#6155,1.);
#663=VECTOR('',#6156,1.);
#664=VECTOR('',#6157,1.);
#665=VECTOR('',#6158,1.);
#666=VECTOR('',#6159,1.);
#667=VECTOR('',#6160,1.);
#668=VECTOR('',#6161,1.);
#669=VECTOR('',#6284,1.);
#670=VECTOR('',#6285,1.);
#671=VECTOR('',#6288,1.);
#672=VECTOR('',#6289,1.);
#673=VECTOR('',#6292,1.);
#674=VECTOR('',#6295,1.);
#675=VECTOR('',#6298,1.);
#676=VECTOR('',#6305,1.);
#677=VECTOR('',#6308,1.);
#678=VECTOR('',#6311,1.);
#679=VECTOR('',#6334,1.);
#680=VECTOR('',#6337,1.);
#681=VECTOR('',#6342,1.);
#682=VECTOR('',#6343,1.);
#683=VECTOR('',#6348,1.);
#684=VECTOR('',#6349,1.);
#685=VECTOR('',#6360,1.);
#686=VECTOR('',#6363,1.);
#687=VECTOR('',#6364,1.);
#688=VECTOR('',#6367,1.);
#689=VECTOR('',#6368,1.);
#690=VECTOR('',#6371,1.);
#691=VECTOR('',#6378,1.);
#692=VECTOR('',#6381,1.);
#693=VECTOR('',#6384,1.);
#694=VECTOR('',#6387,1.);
#695=VECTOR('',#6392,1.);
#696=VECTOR('',#6395,1.);
#697=VECTOR('',#6398,1.);
#698=VECTOR('',#6401,1.);
#699=VECTOR('',#6406,1.);
#700=VECTOR('',#6409,1.);
#701=VECTOR('',#6412,1.);
#702=VECTOR('',#6415,1.);
#703=VECTOR('',#6486,1.);
#704=VECTOR('',#6489,1.);
#705=VECTOR('',#6492,1.);
#706=VECTOR('',#6495,1.);
#707=VECTOR('',#6498,1.);
#708=VECTOR('',#6501,1.);
#709=VECTOR('',#6504,1.);
#710=VECTOR('',#6507,1.);
#711=VECTOR('',#6514,1.);
#712=VECTOR('',#6517,1.);
#713=VECTOR('',#6522,1.);
#714=VECTOR('',#6525,1.);
#715=VECTOR('',#6530,1.);
#716=VECTOR('',#6533,1.);
#717=VECTOR('',#6538,1.);
#718=VECTOR('',#6541,1.);
#719=VECTOR('',#6546,1.);
#720=VECTOR('',#6549,1.);
#721=VECTOR('',#6554,1.);
#722=VECTOR('',#6557,1.);
#723=VECTOR('',#6562,1.);
#724=VECTOR('',#6565,1.);
#725=VECTOR('',#6574,1.);
#726=VECTOR('',#6575,1.);
#727=VECTOR('',#6576,1.);
#728=VECTOR('',#6577,1.);
#729=VECTOR('',#6578,1.);
#730=VECTOR('',#6579,1.);
#731=VECTOR('',#6580,1.);
#732=VECTOR('',#6581,1.);
#733=VECTOR('',#6616,1.);
#734=VECTOR('',#6617,1.);
#735=VECTOR('',#6620,1.);
#736=VECTOR('',#6623,1.);
#737=VECTOR('',#6624,1.);
#738=VECTOR('',#6625,1.);
#739=VECTOR('',#6626,1.);
#740=VECTOR('',#6627,1.);
#741=VECTOR('',#6628,1.);
#742=VECTOR('',#6629,1.);
#743=VECTOR('',#6630,1.);
#744=VECTOR('',#6631,1.);
#745=VECTOR('',#6632,1.);
#746=VECTOR('',#6633,1.);
#747=VECTOR('',#6634,1.);
#748=VECTOR('',#6635,1.);
#749=VECTOR('',#6636,1.);
#750=VECTOR('',#6641,1.);
#751=VECTOR('',#6644,1.);
#752=VECTOR('',#6647,1.);
#753=VECTOR('',#6652,1.);
#754=VECTOR('',#6655,1.);
#755=VECTOR('',#6660,1.);
#756=VECTOR('',#6663,1.);
#757=VECTOR('',#6668,1.);
#758=VECTOR('',#6671,1.);
#759=VECTOR('',#6676,1.);
#760=VECTOR('',#6679,1.);
#761=VECTOR('',#6684,1.);
#762=VECTOR('',#6687,1.);
#763=VECTOR('',#6692,1.);
#764=VECTOR('',#6695,1.);
#765=VECTOR('',#6700,1.);
#766=VECTOR('',#6703,1.);
#767=VECTOR('',#6710,1.);
#768=VECTOR('',#6711,1.);
#769=VECTOR('',#6712,1.);
#770=VECTOR('',#6713,1.);
#771=VECTOR('',#6714,1.);
#772=VECTOR('',#6715,1.);
#773=VECTOR('',#6716,1.);
#774=VECTOR('',#6717,1.);
#775=VECTOR('',#6720,1.);
#776=VECTOR('',#6721,1.);
#777=VECTOR('',#6722,1.);
#778=VECTOR('',#6723,1.);
#779=VECTOR('',#6724,1.);
#780=VECTOR('',#6727,1.);
#781=VECTOR('',#6728,1.);
#782=VECTOR('',#6729,1.);
#783=VECTOR('',#6732,1.);
#784=VECTOR('',#6733,1.);
#785=VECTOR('',#6736,1.);
#786=VECTOR('',#6739,1.);
#787=VECTOR('',#6740,1.);
#788=VECTOR('',#6743,1.);
#789=VECTOR('',#6748,1.);
#790=VECTOR('',#6749,1.);
#791=VECTOR('',#6750,1.);
#792=VECTOR('',#6751,1.);
#793=VECTOR('',#6752,1.);
#794=VECTOR('',#6753,1.);
#795=VECTOR('',#6754,1.);
#796=VECTOR('',#6755,1.);
#797=VECTOR('',#6758,1.);
#798=VECTOR('',#6759,1.);
#799=VECTOR('',#6762,1.);
#800=VECTOR('',#6763,1.);
#801=VECTOR('',#6766,1.);
#802=VECTOR('',#6769,1.);
#803=VECTOR('',#6770,1.);
#804=VECTOR('',#6771,1.);
#805=VECTOR('',#6774,1.);
#806=VECTOR('',#6777,1.);
#807=VECTOR('',#6782,1.);
#808=VECTOR('',#6791,1.);
#809=VECTOR('',#6796,1.);
#810=VECTOR('',#6797,1.);
#811=VECTOR('',#6800,1.);
#812=VECTOR('',#6801,1.);
#813=VECTOR('',#6816,1.);
#814=VECTOR('',#6817,1.);
#815=VECTOR('',#6818,1.);
#816=VECTOR('',#6819,1.);
#817=VECTOR('',#6820,1.);
#818=VECTOR('',#6821,1.);
#819=VECTOR('',#6822,1.);
#820=VECTOR('',#6823,1.);
#821=VECTOR('',#6824,1.);
#822=VECTOR('',#6825,1.);
#823=VECTOR('',#6826,1.);
#824=VECTOR('',#6827,1.);
#825=VECTOR('',#6828,1.);
#826=VECTOR('',#6829,1.);
#827=VECTOR('',#6832,1.);
#828=VECTOR('',#6833,1.);
#829=VECTOR('',#6834,1.);
#830=VECTOR('',#6837,1.);
#831=VECTOR('',#6838,1.);
#832=VECTOR('',#6839,1.);
#833=VECTOR('',#6840,1.);
#834=VECTOR('',#6841,1.);
#835=VECTOR('',#6842,1.);
#836=VECTOR('',#6843,1.);
#837=VECTOR('',#6846,1.);
#838=VECTOR('',#6847,1.);
#839=VECTOR('',#6848,1.);
#840=VECTOR('',#6851,1.);
#841=VECTOR('',#6852,1.);
#842=VECTOR('',#6853,1.);
#843=VECTOR('',#6856,1.);
#844=VECTOR('',#6861,1.);
#845=VECTOR('',#6864,1.);
#846=VECTOR('',#6867,1.);
#847=VECTOR('',#6868,1.);
#848=VECTOR('',#6869,1.);
#849=VECTOR('',#6870,1.);
#850=VECTOR('',#6873,1.);
#851=VECTOR('',#6876,1.);
#852=VECTOR('',#6877,1.);
#853=VECTOR('',#6878,1.);
#854=VECTOR('',#6879,1.);
#855=VECTOR('',#6882,1.);
#856=VECTOR('',#6885,1.);
#857=VECTOR('',#6886,1.);
#858=VECTOR('',#6887,1.);
#859=VECTOR('',#6888,1.);
#860=VECTOR('',#6891,1.);
#861=VECTOR('',#6892,1.);
#862=VECTOR('',#6895,1.);
#863=VECTOR('',#6898,1.);
#864=VECTOR('',#6899,1.);
#865=VECTOR('',#6900,1.);
#866=VECTOR('',#6955,1.);
#867=VECTOR('',#6956,1.);
#868=VECTOR('',#6959,1.);
#869=VECTOR('',#6960,1.);
#870=VECTOR('',#6961,1.);
#871=VECTOR('',#6966,1.);
#872=VECTOR('',#6967,1.);
#873=VECTOR('',#6970,1.);
#874=VECTOR('',#6973,1.);
#875=VECTOR('',#6986,1.);
#876=VECTOR('',#6987,1.);
#877=VECTOR('',#6988,1.);
#878=VECTOR('',#6991,1.);
#879=VECTOR('',#7002,1.);
#880=VECTOR('',#7005,1.);
#881=VECTOR('',#7024,1.);
#882=VECTOR('',#7025,1.);
#883=VECTOR('',#7026,1.);
#884=VECTOR('',#7027,1.);
#885=VECTOR('',#7028,1.);
#886=VECTOR('',#7033,1.);
#887=VECTOR('',#7034,1.);
#888=VECTOR('',#7035,1.);
#889=VECTOR('',#7036,1.);
#890=VECTOR('',#7039,1.);
#891=VECTOR('',#7042,1.);
#892=VECTOR('',#7045,1.);
#893=VECTOR('',#7050,1.);
#894=VECTOR('',#7053,1.);
#895=VECTOR('',#7058,1.);
#896=VECTOR('',#7063,1.);
#897=VECTOR('',#7068,1.);
#898=VECTOR('',#7073,1.);
#899=VECTOR('',#7078,1.);
#900=VECTOR('',#7079,1.);
#901=VECTOR('',#7080,1.);
#902=VECTOR('',#7085,1.);
#903=VECTOR('',#7088,1.);
#904=VECTOR('',#7089,1.);
#905=VECTOR('',#7090,1.);
#906=VECTOR('',#7095,1.);
#907=VECTOR('',#7098,1.);
#908=VECTOR('',#7099,1.);
#909=VECTOR('',#7102,1.);
#910=VECTOR('',#7103,1.);
#911=VECTOR('',#7106,1.);
#912=VECTOR('',#7107,1.);
#913=VECTOR('',#7108,1.);
#914=VECTOR('',#7109,1.);
#915=VECTOR('',#7112,1.);
#916=VECTOR('',#7113,1.);
#917=VECTOR('',#7116,1.);
#918=VECTOR('',#7117,1.);
#919=VECTOR('',#7120,1.);
#920=VECTOR('',#7121,1.);
#921=VECTOR('',#7122,1.);
#922=VECTOR('',#7125,1.);
#923=VECTOR('',#7126,1.);
#924=VECTOR('',#7129,1.);
#925=VECTOR('',#7132,1.);
#926=VECTOR('',#7137,1.);
#927=VECTOR('',#7138,1.);
#928=VECTOR('',#7141,1.);
#929=VECTOR('',#7142,1.);
#930=VECTOR('',#7143,1.);
#931=VECTOR('',#7146,1.);
#932=VECTOR('',#7149,1.);
#933=VECTOR('',#7150,1.);
#934=VECTOR('',#7151,1.);
#935=VECTOR('',#7152,1.);
#936=VECTOR('',#7155,1.);
#937=VECTOR('',#7156,1.);
#938=VECTOR('',#7157,1.);
#939=VECTOR('',#7160,1.);
#940=VECTOR('',#7161,1.);
#941=VECTOR('',#7164,1.);
#942=VECTOR('',#7165,1.);
#943=VECTOR('',#7168,1.);
#944=VECTOR('',#7169,1.);
#945=VECTOR('',#7170,1.);
#946=VECTOR('',#7173,1.);
#947=VECTOR('',#7174,1.);
#948=VECTOR('',#7175,1.);
#949=VECTOR('',#7178,1.);
#950=VECTOR('',#7179,1.);
#951=VECTOR('',#7180,1.);
#952=VECTOR('',#7183,1.);
#953=VECTOR('',#7184,1.);
#954=VECTOR('',#7185,1.);
#955=VECTOR('',#7186,1.);
#956=VECTOR('',#7187,1.);
#957=VECTOR('',#7190,1.);
#958=VECTOR('',#7191,1.);
#959=VECTOR('',#7192,1.);
#960=VECTOR('',#7195,1.);
#961=VECTOR('',#7198,1.);
#962=VECTOR('',#7199,1.);
#963=VECTOR('',#7202,1.);
#964=VECTOR('',#7203,1.);
#965=VECTOR('',#7206,1.);
#966=VECTOR('',#7209,1.);
#967=VECTOR('',#7212,1.);
#968=VECTOR('',#7213,1.);
#969=VECTOR('',#7216,1.);
#970=VECTOR('',#7217,1.);
#971=VECTOR('',#7220,1.);
#972=VECTOR('',#7223,1.);
#973=VECTOR('',#7226,1.);
#974=VECTOR('',#7229,1.);
#975=VECTOR('',#7232,1.);
#976=VECTOR('',#7235,1.);
#977=VECTOR('',#7236,1.);
#978=VECTOR('',#7239,1.);
#979=VECTOR('',#7240,1.);
#980=VECTOR('',#7243,1.);
#981=VECTOR('',#7246,1.);
#982=VECTOR('',#7247,1.);
#983=VECTOR('',#7248,1.);
#984=VECTOR('',#7249,1.);
#985=VECTOR('',#7250,1.);
#986=VECTOR('',#7253,1.);
#987=VECTOR('',#7254,1.);
#988=VECTOR('',#7255,1.);
#989=VECTOR('',#7256,1.);
#990=VECTOR('',#7257,1.);
#991=VECTOR('',#7260,1.);
#992=VECTOR('',#7267,1.);
#993=VECTOR('',#7270,1.);
#994=VECTOR('',#7271,1.);
#995=VECTOR('',#7272,1.);
#996=VECTOR('',#7273,1.);
#997=VECTOR('',#7276,1.);
#998=VECTOR('',#7277,1.);
#999=VECTOR('',#7280,1.);
#1000=VECTOR('',#7283,1.);
#1001=VECTOR('',#7284,1.);
#1002=VECTOR('',#7287,1.);
#1003=VECTOR('',#7288,1.);
#1004=VECTOR('',#7289,1.);
#1005=VECTOR('',#7296,1.);
#1006=VECTOR('',#7297,1.);
#1007=VECTOR('',#7300,1.);
#1008=VECTOR('',#7301,1.);
#1009=VECTOR('',#7314,1.);
#1010=VECTOR('',#7315,1.);
#1011=VECTOR('',#7316,1.);
#1012=VECTOR('',#7317,1.);
#1013=VECTOR('',#7320,1.);
#1014=VECTOR('',#7321,1.);
#1015=VECTOR('',#7322,1.);
#1016=VECTOR('',#7323,1.);
#1017=VECTOR('',#7336,1.);
#1018=VECTOR('',#7337,1.);
#1019=VECTOR('',#7340,1.);
#1020=VECTOR('',#7341,1.);
#1021=B_SPLINE_CURVE_WITH_KNOTS('',3,(#7371,#7372,#7373,#7374),
 .UNSPECIFIED.,.F.,.F.,(4,4),(0.,0.00523337781700891),.UNSPECIFIED.);
#1022=B_SPLINE_CURVE_WITH_KNOTS('',3,(#7376,#7377,#7378,#7379,#7380,#7381,
#7382,#7383,#7384,#7385,#7386,#7387,#7388,#7389,#7390,#7391),
 .UNSPECIFIED.,.F.,.F.,(4,1,1,1,1,1,1,1,1,1,1,1,1,4),(0.0125177533948858,
0.0212792319652119,0.030040710535538,0.0388021891058641,0.0475636676761902,
0.0563251462465163,0.0607058855316794,0.0650866248168424,0.0694673641020055,
0.0738481033871685,0.07603847302975,0.0782288426723316,0.0804192123149131,
0.0826095819574946),.UNSPECIFIED.);
#1023=B_SPLINE_CURVE_WITH_KNOTS('',3,(#7393,#7394,#7395,#7396,#7397),
 .UNSPECIFIED.,.F.,.F.,(4,1,4),(0.,0.0018922381332969,0.00378447626659379),
 .UNSPECIFIED.);
#1024=B_SPLINE_CURVE_WITH_KNOTS('',3,(#7399,#7400,#7401,#7402,#7403,#7404,
#7405,#7406,#7407,#7408,#7409,#7410,#7411,#7412,#7413,#7414),
 .UNSPECIFIED.,.F.,.F.,(4,1,1,1,1,1,1,1,1,1,1,1,1,4),(0.0862873415602889,
0.0884580361760978,0.0906287307919068,0.0927994254077158,0.0949701200235247,
0.0993115092551426,0.103652898486761,0.107994287718378,0.112335676949996,
0.121018455413232,0.129701233876468,0.138384012339704,0.14706679080294,
0.155749569266176),.UNSPECIFIED.);
#1025=B_SPLINE_CURVE_WITH_KNOTS('',3,(#7416,#7417,#7418,#7419),
 .UNSPECIFIED.,.F.,.F.,(4,4),(0.0174834797992597,0.0226900282050776),
 .UNSPECIFIED.);
#1026=B_SPLINE_CURVE_WITH_KNOTS('',3,(#7431,#7432,#7433,#7434,#7435,#7436,
#7437,#7438,#7439,#7440,#7441,#7442,#7443,#7444,#7445,#7446),
 .UNSPECIFIED.,.F.,.F.,(4,1,1,1,1,1,1,1,1,1,1,1,1,4),(0.,0.00210223972922705,
0.00420447945845411,0.00630671918768116,0.00840895891690821,0.0126134383753623,
0.0168179178338164,0.0210223972922705,0.0252268767507246,0.0336358356676328,
0.0420447945845411,0.0504537535014493,0.0588627124183575,0.0672716713352657),
 .UNSPECIFIED.);
#1027=B_SPLINE_CURVE_WITH_KNOTS('',3,(#7449,#7450,#7451,#7452,#7453),
 .UNSPECIFIED.,.F.,.F.,(4,1,4),(0.,0.00311700754200267,0.00623401508400533),
 .UNSPECIFIED.);
#1028=B_SPLINE_CURVE_WITH_KNOTS('',3,(#7461,#7462,#7463,#7464),
 .UNSPECIFIED.,.F.,.F.,(4,4),(0.,0.00617928937755679),.UNSPECIFIED.);
#1029=B_SPLINE_CURVE_WITH_KNOTS('',3,(#7466,#7467,#7468,#7469,#7470,#7471,
#7472,#7473,#7474,#7475,#7476,#7477,#7478,#7479,#7480,#7481),
 .UNSPECIFIED.,.F.,.F.,(4,1,1,1,1,1,1,1,1,1,1,1,1,4),(0.,0.00841983433972295,
0.0168396686794459,0.0252595030191688,0.0336793373588918,0.0420991716986147,
0.0463090888684762,0.0505190060383377,0.0547289232081992,0.0589388403780606,
0.0610437989629914,0.0631487575479221,0.0652537161328529,0.0673586747177836),
 .UNSPECIFIED.);
#1030=B_SPLINE_CURVE_WITH_KNOTS('',3,(#7483,#7484,#7485,#7486,#7487),
 .UNSPECIFIED.,.F.,.F.,(4,1,4),(0.,0.000986718833545705,0.00197343766709141),
 .UNSPECIFIED.);
#1031=B_SPLINE_CURVE_WITH_KNOTS('',3,(#7521,#7522,#7523,#7524,#7525),
 .UNSPECIFIED.,.F.,.F.,(4,1,4),(0.,0.5,1.),.UNSPECIFIED.);
#1032=B_SPLINE_CURVE_WITH_KNOTS('',3,(#7583,#7584,#7585,#7586,#7587),
 .UNSPECIFIED.,.F.,.F.,(4,1,4),(0.,0.5,1.),.UNSPECIFIED.);
#1033=B_SPLINE_CURVE_WITH_KNOTS('',3,(#7626,#7627,#7628,#7629,#7630),
 .UNSPECIFIED.,.F.,.F.,(4,1,4),(0.,0.5,1.),.UNSPECIFIED.);
#1034=B_SPLINE_CURVE_WITH_KNOTS('',3,(#7693,#7694,#7695,#7696,#7697),
 .UNSPECIFIED.,.F.,.F.,(4,1,4),(0.,0.5,1.),.UNSPECIFIED.);
#1035=B_SPLINE_CURVE_WITH_KNOTS('',3,(#7730,#7731,#7732,#7733,#7734,#7735,
#7736),.UNSPECIFIED.,.F.,.F.,(4,1,1,1,4),(0.,0.00330295987300273,0.00660591974600545,
0.00990887961900818,0.0132118394920109),.UNSPECIFIED.);
#1036=B_SPLINE_CURVE_WITH_KNOTS('',3,(#7741,#7742,#7743,#7744,#7745,#7746,
#7747),.UNSPECIFIED.,.F.,.F.,(4,1,1,1,4),(2.23046923745514E-16,0.00330634875745684,
0.00661269751491346,0.00991904627237008,0.0132253950298267),
 .UNSPECIFIED.);
#1037=B_SPLINE_CURVE_WITH_KNOTS('',3,(#7760,#7761,#7762,#7763,#7764,#7765),
 .UNSPECIFIED.,.F.,.F.,(4,1,1,4),(0.,0.00670684424177465,0.010060266362662,
0.0134136884835493),.UNSPECIFIED.);
#1038=B_SPLINE_CURVE_WITH_KNOTS('',3,(#7766,#7767,#7768,#7769,#7770,#7771),
 .UNSPECIFIED.,.F.,.F.,(4,1,1,4),(0.,0.00670900680083825,0.0100635102012574,
0.0134180136016765),.UNSPECIFIED.);
#1039=B_SPLINE_CURVE_WITH_KNOTS('',3,(#7782,#7783,#7784,#7785,#7786,#7787),
 .UNSPECIFIED.,.F.,.F.,(4,1,1,4),(0.,0.00670684424177465,0.010060266362662,
0.0134136884835493),.UNSPECIFIED.);
#1040=B_SPLINE_CURVE_WITH_KNOTS('',3,(#7792,#7793,#7794,#7795,#7796,#7797),
 .UNSPECIFIED.,.F.,.F.,(4,1,1,4),(0.,0.00670900680083828,0.0100635102012574,
0.0134180136016766),.UNSPECIFIED.);
#1041=B_SPLINE_CURVE_WITH_KNOTS('',3,(#7814,#7815,#7816,#7817,#7818,#7819,
#7820),.UNSPECIFIED.,.F.,.F.,(4,1,1,1,4),(0.,0.00330295987300271,0.00660591974600543,
0.00990887961900814,0.0132118394920109),.UNSPECIFIED.);
#1042=B_SPLINE_CURVE_WITH_KNOTS('',3,(#7821,#7822,#7823,#7824,#7825,#7826,
#7827),.UNSPECIFIED.,.F.,.F.,(4,1,1,1,4),(0.,0.00330634875745663,0.00661269751491326,
0.00991904627236989,0.0132253950298265),.UNSPECIFIED.);
#1043=B_SPLINE_CURVE_WITH_KNOTS('',3,(#7838,#7839,#7840,#7841,#7842,#7843),
 .UNSPECIFIED.,.F.,.F.,(4,1,1,4),(0.,0.00670684424177465,0.010060266362662,
0.0134136884835493),.UNSPECIFIED.);
#1044=B_SPLINE_CURVE_WITH_KNOTS('',3,(#7848,#7849,#7850,#7851,#7852,#7853),
 .UNSPECIFIED.,.F.,.F.,(4,1,1,4),(0.,0.00670900680083826,0.0100635102012574,
0.0134180136016765),.UNSPECIFIED.);
#1045=B_SPLINE_CURVE_WITH_KNOTS('',3,(#7870,#7871,#7872,#7873,#7874,#7875,
#7876),.UNSPECIFIED.,.F.,.F.,(4,1,1,1,4),(0.,0.00330295987300272,0.00660591974600543,
0.00990887961900815,0.0132118394920109),.UNSPECIFIED.);
#1046=B_SPLINE_CURVE_WITH_KNOTS('',3,(#7877,#7878,#7879,#7880,#7881,#7882,
#7883),.UNSPECIFIED.,.F.,.F.,(4,1,1,1,4),(4.12186688366715E-16,0.00330634875745703,
0.00661269751491365,0.00991904627237027,0.0132253950298269),
 .UNSPECIFIED.);
#1047=B_SPLINE_CURVE_WITH_KNOTS('',3,(#7894,#7895,#7896,#7897,#7898,#7899),
 .UNSPECIFIED.,.F.,.F.,(4,1,1,4),(0.,0.00670684424177468,0.010060266362662,
0.0134136884835494),.UNSPECIFIED.);
#1048=B_SPLINE_CURVE_WITH_KNOTS('',3,(#7904,#7905,#7906,#7907,#7908,#7909),
 .UNSPECIFIED.,.F.,.F.,(4,1,1,4),(1.73472347597681E-17,0.00670900680083824,
0.0100635102012573,0.0134180136016765),.UNSPECIFIED.);
#1049=B_SPLINE_CURVE_WITH_KNOTS('',3,(#7926,#7927,#7928,#7929,#7930,#7931,
#7932),.UNSPECIFIED.,.F.,.F.,(4,1,1,1,4),(0.,0.00330295987300273,0.00660591974600547,
0.0099088796190082,0.0132118394920109),.UNSPECIFIED.);
#1050=B_SPLINE_CURVE_WITH_KNOTS('',3,(#7933,#7934,#7935,#7936,#7937,#7938,
#7939),.UNSPECIFIED.,.F.,.F.,(4,1,1,1,4),(4.03665344508682E-16,0.00330634875745701,
0.00661269751491362,0.00991904627237023,0.0132253950298268),
 .UNSPECIFIED.);
#1051=B_SPLINE_CURVE_WITH_KNOTS('',3,(#7950,#7951,#7952,#7953,#7954,#7955),
 .UNSPECIFIED.,.F.,.F.,(4,1,1,4),(0.,0.00670684424177466,0.010060266362662,
0.0134136884835493),.UNSPECIFIED.);
#1052=B_SPLINE_CURVE_WITH_KNOTS('',3,(#7960,#7961,#7962,#7963,#7964,#7965),
 .UNSPECIFIED.,.F.,.F.,(4,1,1,4),(1.38777878078145E-17,0.00670900680083824,
0.0100635102012574,0.0134180136016765),.UNSPECIFIED.);
#1053=B_SPLINE_CURVE_WITH_KNOTS('',3,(#7982,#7983,#7984,#7985,#7986,#7987,
#7988),.UNSPECIFIED.,.F.,.F.,(4,1,1,1,4),(0.,0.00330295987300272,0.00660591974600544,
0.00990887961900816,0.0132118394920109),.UNSPECIFIED.);
#1054=B_SPLINE_CURVE_WITH_KNOTS('',3,(#7989,#7990,#7991,#7992,#7993,#7994,
#7995),.UNSPECIFIED.,.F.,.F.,(4,1,1,1,4),(0.,0.00330634875745663,0.00661269751491327,
0.0099190462723699,0.0132253950298265),.UNSPECIFIED.);
#1055=B_SPLINE_CURVE_WITH_KNOTS('',3,(#8006,#8007,#8008,#8009,#8010,#8011),
 .UNSPECIFIED.,.F.,.F.,(4,1,1,4),(0.,0.00670684424177467,0.010060266362662,
0.0134136884835493),.UNSPECIFIED.);
#1056=B_SPLINE_CURVE_WITH_KNOTS('',3,(#8016,#8017,#8018,#8019,#8020,#8021),
 .UNSPECIFIED.,.F.,.F.,(4,1,1,4),(1.73472347597681E-17,0.00670900680083824,
0.0100635102012574,0.0134180136016765),.UNSPECIFIED.);
#1057=B_SPLINE_CURVE_WITH_KNOTS('',3,(#8038,#8039,#8040,#8041,#8042,#8043,
#8044),.UNSPECIFIED.,.F.,.F.,(4,1,1,1,4),(0.,0.00330295987300273,0.00660591974600546,
0.00990887961900819,0.0132118394920109),.UNSPECIFIED.);
#1058=B_SPLINE_CURVE_WITH_KNOTS('',3,(#8045,#8046,#8047,#8048,#8049,#8050,
#8051),.UNSPECIFIED.,.F.,.F.,(4,1,1,1,4),(1.51239635529634E-16,0.00330634875745677,
0.00661269751491338,0.00991904627237,0.0132253950298266),.UNSPECIFIED.);
#1059=B_SPLINE_CURVE_WITH_KNOTS('',3,(#8062,#8063,#8064,#8065,#8066,#8067),
 .UNSPECIFIED.,.F.,.F.,(4,1,1,4),(0.,0.00670684424177465,0.010060266362662,
0.0134136884835493),.UNSPECIFIED.);
#1060=B_SPLINE_CURVE_WITH_KNOTS('',3,(#8072,#8073,#8074,#8075,#8076,#8077),
 .UNSPECIFIED.,.F.,.F.,(4,1,1,4),(3.46944695195361E-18,0.00670900680083826,
0.0100635102012574,0.0134180136016765),.UNSPECIFIED.);
#1061=B_SPLINE_CURVE_WITH_KNOTS('',3,(#8094,#8095,#8096,#8097,#8098,#8099,
#8100),.UNSPECIFIED.,.F.,.F.,(4,1,1,1,4),(0.,0.00330295987300272,0.00660591974600544,
0.00990887961900817,0.0132118394920109),.UNSPECIFIED.);
#1062=B_SPLINE_CURVE_WITH_KNOTS('',3,(#8101,#8102,#8103,#8104,#8105,#8106,
#8107),.UNSPECIFIED.,.F.,.F.,(4,1,1,1,4),(4.26007964798828E-16,0.00330634875745704,
0.00661269751491365,0.00991904627237027,0.0132253950298269),
 .UNSPECIFIED.);
#1063=B_SPLINE_CURVE_WITH_KNOTS('',3,(#8118,#8119,#8120,#8121,#8122,#8123),
 .UNSPECIFIED.,.F.,.F.,(4,1,1,4),(0.,0.00670684424177466,0.010060266362662,
0.0134136884835493),.UNSPECIFIED.);
#1064=B_SPLINE_CURVE_WITH_KNOTS('',3,(#8128,#8129,#8130,#8131,#8132,#8133),
 .UNSPECIFIED.,.F.,.F.,(4,1,1,4),(1.38777878078145E-17,0.00670900680083824,
0.0100635102012574,0.0134180136016765),.UNSPECIFIED.);
#1065=B_SPLINE_CURVE_WITH_KNOTS('',3,(#8150,#8151,#8152,#8153,#8154,#8155,
#8156),.UNSPECIFIED.,.F.,.F.,(4,1,1,1,4),(0.,0.00330295987300272,0.00660591974600544,
0.00990887961900816,0.0132118394920109),.UNSPECIFIED.);
#1066=B_SPLINE_CURVE_WITH_KNOTS('',3,(#8157,#8158,#8159,#8160,#8161,#8162,
#8163),.UNSPECIFIED.,.F.,.F.,(4,1,1,1,4),(3.28546963413471E-16,0.00330634875745694,
0.00661269751491354,0.00991904627237015,0.0132253950298268),
 .UNSPECIFIED.);
#1067=B_SPLINE_CURVE_WITH_KNOTS('',3,(#8174,#8175,#8176,#8177,#8178,#8179),
 .UNSPECIFIED.,.F.,.F.,(4,1,1,4),(0.,0.00670684424177466,0.010060266362662,
0.0134136884835493),.UNSPECIFIED.);
#1068=B_SPLINE_CURVE_WITH_KNOTS('',3,(#8184,#8185,#8186,#8187,#8188,#8189),
 .UNSPECIFIED.,.F.,.F.,(4,1,1,4),(0.,0.00670900680083826,0.0100635102012574,
0.0134180136016765),.UNSPECIFIED.);
#1069=B_SPLINE_CURVE_WITH_KNOTS('',3,(#8206,#8207,#8208,#8209,#8210,#8211,
#8212),.UNSPECIFIED.,.F.,.F.,(4,1,1,1,4),(0.,0.00330295987300273,0.00660591974600546,
0.00990887961900819,0.0132118394920109),.UNSPECIFIED.);
#1070=B_SPLINE_CURVE_WITH_KNOTS('',3,(#8213,#8214,#8215,#8216,#8217,#8218,
#8219),.UNSPECIFIED.,.F.,.F.,(4,1,1,1,4),(0.,0.00330634875745663,0.00661269751491327,
0.0099190462723699,0.0132253950298265),.UNSPECIFIED.);
#1071=B_SPLINE_CURVE_WITH_KNOTS('',3,(#8230,#8231,#8232,#8233,#8234,#8235),
 .UNSPECIFIED.,.F.,.F.,(4,1,1,4),(0.,0.00670684424177465,0.010060266362662,
0.0134136884835493),.UNSPECIFIED.);
#1072=B_SPLINE_CURVE_WITH_KNOTS('',3,(#8240,#8241,#8242,#8243,#8244,#8245),
 .UNSPECIFIED.,.F.,.F.,(4,1,1,4),(1.04083408558608E-17,0.00670900680083824,
0.0100635102012574,0.0134180136016765),.UNSPECIFIED.);
#1073=B_SPLINE_CURVE_WITH_KNOTS('',3,(#8262,#8263,#8264,#8265,#8266,#8267,
#8268),.UNSPECIFIED.,.F.,.F.,(4,1,1,1,4),(0.,0.00330295987300272,0.00660591974600544,
0.00990887961900816,0.0132118394920109),.UNSPECIFIED.);
#1074=B_SPLINE_CURVE_WITH_KNOTS('',3,(#8269,#8270,#8271,#8272,#8273,#8274,
#8275),.UNSPECIFIED.,.F.,.F.,(4,1,1,1,4),(9.33532698856995E-17,0.00330634875745671,
0.00661269751491333,0.00991904627236995,0.0132253950298266),
 .UNSPECIFIED.);
#1075=B_SPLINE_CURVE_WITH_KNOTS('',3,(#8286,#8287,#8288,#8289,#8290,#8291),
 .UNSPECIFIED.,.F.,.F.,(4,1,1,4),(0.,0.00670684424177467,0.010060266362662,
0.0134136884835493),.UNSPECIFIED.);
#1076=B_SPLINE_CURVE_WITH_KNOTS('',3,(#8296,#8297,#8298,#8299,#8300,#8301),
 .UNSPECIFIED.,.F.,.F.,(4,1,1,4),(0.,0.00670900680083825,0.0100635102012574,
0.0134180136016765),.UNSPECIFIED.);
#1077=B_SPLINE_CURVE_WITH_KNOTS('',3,(#8318,#8319,#8320,#8321,#8322,#8323,
#8324),.UNSPECIFIED.,.F.,.F.,(4,1,1,1,4),(0.,0.00330295987300273,0.00660591974600545,
0.00990887961900818,0.0132118394920109),.UNSPECIFIED.);
#1078=B_SPLINE_CURVE_WITH_KNOTS('',3,(#8325,#8326,#8327,#8328,#8329,#8330,
#8331),.UNSPECIFIED.,.F.,.F.,(4,1,1,1,4),(0.,0.00330634875745662,0.00661269751491325,
0.00991904627236987,0.0132253950298265),.UNSPECIFIED.);
#1079=B_SPLINE_CURVE_WITH_KNOTS('',3,(#8390,#8391,#8392,#8393,#8394,#8395,
#8396,#8397,#8398,#8399,#8400,#8401,#8402,#8403,#8404,#8405,#8406),
 .UNSPECIFIED.,.T.,.F.,(1,1,1,1,1,1,1,1,1,1,1,1,1,1,1,1,1,1,1,1,1),(-0.00240222671407167,
-0.00120111335703584,-0.000600556678517918,0.,0.000600556678517917,0.00120111335703583,
0.00180167003555375,0.00240222671407167,0.0036033400711075,0.00420389674962542,
0.00480445342814334,0.00540501010666126,0.00600556678517917,0.00660612346369709,
0.00720668014221501,0.00840779349925084,0.00900835017776876,0.00960890685628668,
0.0102094635348046,0.0108100202133225,0.0114105768918404),.UNSPECIFIED.);
#1080=B_SPLINE_CURVE_WITH_KNOTS('',3,(#8408,#8409,#8410,#8411,#8412,#8413,
#8414,#8415,#8416,#8417,#8418,#8419,#8420,#8421,#8422,#8423,#8424),
 .UNSPECIFIED.,.T.,.F.,(1,1,1,1,1,1,1,1,1,1,1,1,1,1,1,1,1,1,1,1,1),(-0.00240603827073454,
-0.00120301913536727,-0.000601509567683635,0.,0.000601509567683635,0.00120301913536727,
0.0018045287030509,0.00240603827073454,0.00360905740610181,0.00421056697378544,
0.00481207654146908,0.00541358610915271,0.00601509567683635,0.00661660524451998,
0.00721811481220361,0.00842113394757088,0.00902264351525452,0.00962415308293815,
0.0102256626506218,0.0108271722183054,0.0114286817859891),.UNSPECIFIED.);
#1081=B_SPLINE_CURVE_WITH_KNOTS('',3,(#8426,#8427,#8428,#8429,#8430,#8431,
#8432,#8433,#8434,#8435,#8436,#8437,#8438,#8439,#8440,#8441,#8442),
 .UNSPECIFIED.,.T.,.F.,(1,1,1,1,1,1,1,1,1,1,1,1,1,1,1,1,1,1,1,1,1),(-0.00240377353813947,
-0.00120188676906973,-0.000600943384534867,0.,0.000600943384534867,0.00120188676906973,
0.0018028301536046,0.00240377353813947,0.0036056603072092,0.00420660369174407,
0.00480754707627893,0.0054084904608138,0.00600943384534867,0.00661037722988353,
0.0072113206144184,0.00841320738348814,0.009014150768023,0.00961509415255787,
0.0102160375370927,0.0108169809216276,0.0114179243061625),.UNSPECIFIED.);
#1082=B_SPLINE_CURVE_WITH_KNOTS('',3,(#8444,#8445,#8446,#8447,#8448,#8449,
#8450,#8451,#8452,#8453,#8454,#8455,#8456,#8457,#8458,#8459,#8460),
 .UNSPECIFIED.,.T.,.F.,(1,1,1,1,1,1,1,1,1,1,1,1,1,1,1,1,1,1,1,1,1),(-0.00178970654177582,
-0.00119313769451722,-0.000596568847258609,0.,0.000596568847258608,0.00119313769451722,
0.00238627538903443,0.00298284423629304,0.00357941308355165,0.00417598193081026,
0.00477255077806886,0.00536911962532747,0.00596568847258608,0.0071588261671033,
0.00775539501436191,0.00835196386162051,0.00894853270887912,0.00954510155613773,
0.0101416704033963,0.0107382392506549,0.0119313769451722),.UNSPECIFIED.);
#1083=B_SPLINE_CURVE_WITH_KNOTS('',3,(#8462,#8463,#8464,#8465,#8466,#8467,
#8468,#8469,#8470,#8471,#8472,#8473,#8474,#8475,#8476,#8477,#8478),
 .UNSPECIFIED.,.T.,.F.,(1,1,1,1,1,1,1,1,1,1,1,1,1,1,1,1,1,1,1,1,1),(-0.00240387552907311,
-0.00120193776453655,-0.000600968882268276,0.,0.000600968882268277,0.00120193776453655,
0.00180290664680483,0.00240387552907311,0.00360581329360966,0.00420678217587794,
0.00480775105814621,0.00540871994041449,0.00600968882268277,0.00661065770495104,
0.00721162658721932,0.00841356435175587,0.00901453323402415,0.00961550211629243,
0.0102164709985607,0.010817439880829,0.0114184087630973),.UNSPECIFIED.);
#1084=B_SPLINE_CURVE_WITH_KNOTS('',3,(#8480,#8481,#8482,#8483,#8484,#8485,
#8486,#8487,#8488,#8489,#8490,#8491,#8492,#8493,#8494,#8495,#8496),
 .UNSPECIFIED.,.T.,.F.,(1,1,1,1,1,1,1,1,1,1,1,1,1,1,1,1,1,1,1,1,1),(-0.00179428459956934,
-0.00119618973304623,-0.000598094866523112,0.,0.000598094866523113,0.00119618973304623,
0.00239237946609245,0.00299047433261556,0.00358856919913868,0.00418666406566179,
0.0047847589321849,0.00538285379870801,0.00598094866523113,0.00717713839827735,
0.00777523326480046,0.00837332813132358,0.00897142299784669,0.0095695178643698,
0.0101676127308929,0.010765707597416,0.0119618973304623),.UNSPECIFIED.);
#1085=B_SPLINE_CURVE_WITH_KNOTS('',3,(#8498,#8499,#8500,#8501,#8502,#8503,
#8504,#8505,#8506,#8507,#8508,#8509,#8510,#8511,#8512,#8513,#8514),
 .UNSPECIFIED.,.T.,.F.,(1,1,1,1,1,1,1,1,1,1,1,1,1,1,1,1,1,1,1,1,1),(-0.00240303762541257,
-0.00120151881270629,-0.000600759406353143,0.,0.000600759406353143,0.00120151881270629,
0.00180227821905943,0.00240303762541257,0.00360455643811886,0.004205315844472,
0.00480607525082515,0.00540683465717829,0.00600759406353143,0.00660835346988457,
0.00720911287623772,0.008410631688944,0.00901139109529715,0.00961215050165029,
0.0102129099080034,0.0108136693143566,0.0114144287207097),.UNSPECIFIED.);
#1086=B_SPLINE_CURVE_WITH_KNOTS('',3,(#8516,#8517,#8518,#8519,#8520,#8521,
#8522,#8523,#8524,#8525,#8526,#8527,#8528,#8529,#8530,#8531,#8532),
 .UNSPECIFIED.,.T.,.F.,(1,1,1,1,1,1,1,1,1,1,1,1,1,1,1,1,1,1,1,1,1),(-0.00245152859396631,
-0.00122576429698316,-0.000612882148491579,0.,0.000612882148491578,0.00122576429698316,
0.00183864644547473,0.00245152859396631,0.00367729289094947,0.00429017503944104,
0.00490305718793262,0.0055159393364242,0.00612882148491578,0.00674170363340735,
0.00735458578189893,0.00858035007888209,0.00919323222737366,0.00980611437586524,
0.0104189965243568,0.0110318786728484,0.01164476082134),.UNSPECIFIED.);
#1087=B_SPLINE_CURVE_WITH_KNOTS('',3,(#8534,#8535,#8536,#8537,#8538,#8539,
#8540,#8541,#8542,#8543,#8544,#8545,#8546),.UNSPECIFIED.,.F.,.F.,(4,1,1,
1,1,1,1,1,1,1,4),(0.000318699970831675,0.00124085468609512,0.00216300940135856,
0.00308516411662201,0.00354624147425373,0.00400731883188545,0.00446839618951717,
0.0049294735471489,0.00585162826241234,0.00677378297767578,0.00769593769293923),
 .UNSPECIFIED.);
#1088=B_SPLINE_CURVE_WITH_KNOTS('',3,(#8551,#8552,#8553,#8554,#8555,#8556,
#8557,#8558,#8559,#8560,#8561,#8562,#8563),.UNSPECIFIED.,.F.,.F.,(4,1,1,
1,1,1,1,1,1,1,4),(0.000378533591558726,0.00125145573991198,0.00212437788826524,
0.00299730003661849,0.00343376111079512,0.00387022218497175,0.00430668325914838,
0.004743144333325,0.00561606648167826,0.00648898863003152,0.00736191077838477),
 .UNSPECIFIED.);
#1089=B_SPLINE_CURVE_WITH_KNOTS('',3,(#8569,#8570,#8571,#8572,#8573),
 .UNSPECIFIED.,.F.,.F.,(4,1,4),(0.000828407930603212,0.00205838305838678,
0.00328835818617035),.UNSPECIFIED.);
#1090=B_SPLINE_CURVE_WITH_KNOTS('',3,(#8578,#8579,#8580,#8581,#8582),
 .UNSPECIFIED.,.F.,.F.,(4,1,4),(0.,0.00105479254978341,0.00210958509956682),
 .UNSPECIFIED.);
#1091=B_SPLINE_CURVE_WITH_KNOTS('',3,(#8592,#8593,#8594,#8595),
 .UNSPECIFIED.,.F.,.F.,(4,4),(0.,0.00059317126217351),.UNSPECIFIED.);
#1092=B_SPLINE_CURVE_WITH_KNOTS('',3,(#8600,#8601,#8602,#8603,#8604,#8605,
#8606),.UNSPECIFIED.,.F.,.F.,(4,1,1,1,4),(0.00339119731428195,0.00420956809496991,
0.00502793887565788,0.00584630965634584,0.00666468043703381),
 .UNSPECIFIED.);
#1093=B_SPLINE_CURVE_WITH_KNOTS('',3,(#8610,#8611,#8612,#8613),
 .UNSPECIFIED.,.F.,.F.,(4,4),(0.,0.00011696780236448),.UNSPECIFIED.);
#1094=B_SPLINE_CURVE_WITH_KNOTS('',3,(#8621,#8622,#8623,#8624),
 .UNSPECIFIED.,.F.,.F.,(4,4),(0.00444314575155728,0.00456032988028179),
 .UNSPECIFIED.);
#1095=B_SPLINE_CURVE_WITH_KNOTS('',3,(#8628,#8629,#8630,#8631,#8632,#8633,
#8634,#8635,#8636,#8637,#8638,#8639,#8640,#8641,#8642,#8643,#8644,#8645,
#8646,#8647,#8648,#8649),.UNSPECIFIED.,.F.,.F.,(4,1,1,1,1,1,1,1,1,1,1,1,
1,1,1,1,1,1,1,4),(0.000635295337723269,0.00145956853106397,0.00228384172440467,
0.00310811491774537,0.00393238811108607,0.00475666130442677,0.00558093449776747,
0.00640520769110817,0.00681734428777851,0.00722948088444886,0.00764161748111921,
0.00805375407778956,0.00846589067445991,0.00887802727113026,0.00970230046447096,
0.0105265736578117,0.0113508468511524,0.0121751200444931,0.0129993932378338,
0.0138236664311745),.UNSPECIFIED.);
#1096=B_SPLINE_CURVE_WITH_KNOTS('',3,(#8650,#8651,#8652,#8653,#8654,#8655,
#8656,#8657,#8658,#8659,#8660,#8661,#8662,#8663,#8664,#8665,#8666,#8667,
#8668),.UNSPECIFIED.,.F.,.F.,(4,1,1,1,1,1,1,1,1,1,1,1,1,1,1,1,4),(0.000140444383658416,
0.000592567997069428,0.00104469161048044,0.00149681522389145,0.00194893883730246,
0.00240106245071348,0.00285318606412449,0.0033053096775355,0.00375743329094651,
0.00420955690435752,0.00466168051776854,0.00511380413117955,0.00556592774459056,
0.00601805135800157,0.00647017497141258,0.00692229858482359,0.00737442219823461),
 .UNSPECIFIED.);
#1097=B_SPLINE_CURVE_WITH_KNOTS('',3,(#8670,#8671,#8672,#8673,#8674,#8675,
#8676),.UNSPECIFIED.,.F.,.F.,(4,1,1,1,4),(0.,0.000755353255784354,0.00151070651156871,
0.00226605976735306,0.00302141302313742),.UNSPECIFIED.);
#1098=B_SPLINE_CURVE_WITH_KNOTS('',3,(#8681,#8682,#8683,#8684),
 .UNSPECIFIED.,.F.,.F.,(4,4),(0.00568541076936928,0.00634059395447992),
 .UNSPECIFIED.);
#1099=B_SPLINE_CURVE_WITH_KNOTS('',3,(#8688,#8689,#8690,#8691),
 .UNSPECIFIED.,.F.,.F.,(4,4),(0.,0.000116967802364576),.UNSPECIFIED.);
#1100=B_SPLINE_CURVE_WITH_KNOTS('',3,(#8697,#8698,#8699,#8700),
 .UNSPECIFIED.,.F.,.F.,(4,4),(0.00444314575155774,0.00456032988028222),
 .UNSPECIFIED.);
#1101=B_SPLINE_CURVE_WITH_KNOTS('',3,(#8704,#8705,#8706,#8707,#8708,#8709,
#8710,#8711,#8712,#8713,#8714,#8715,#8716,#8717,#8718,#8719,#8720,#8721,
#8722,#8723,#8724,#8725),.UNSPECIFIED.,.F.,.F.,(4,1,1,1,1,1,1,1,1,1,1,1,
1,1,1,1,1,1,1,4),(0.00160037257480834,0.00238705803421827,0.0031737434936282,
0.00396042895303812,0.00474711441244805,0.00553379987185798,0.0063204853312679,
0.00671382806097287,0.00710717079067783,0.00750051352038279,0.00789385625008776,
0.00828719897979272,0.00868054170949768,0.00946722716890761,0.0102539126283175,
0.0110405980877275,0.0118272835471374,0.0126139690065473,0.0134006544659572,
0.0141873399253672),.UNSPECIFIED.);
#1102=B_SPLINE_CURVE_WITH_KNOTS('',3,(#8726,#8727,#8728,#8729,#8730,#8731,
#8732,#8733,#8734,#8735,#8736,#8737,#8738,#8739,#8740,#8741,#8742,#8743,
#8744),.UNSPECIFIED.,.F.,.F.,(4,1,1,1,1,1,1,1,1,1,1,1,1,1,1,1,4),(0.000140444383658474,
0.000592567997069313,0.00104469161048015,0.00149681522389099,0.00194893883730183,
0.00240106245071267,0.00285318606412351,0.00330530967753435,0.00375743329094519,
0.00420955690435602,0.00466168051776686,0.0051138041311777,0.00556592774458854,
0.00601805135799938,0.00647017497141022,0.00692229858482106,0.0073744221982319),
 .UNSPECIFIED.);
#1103=B_SPLINE_CURVE_WITH_KNOTS('',3,(#8748,#8749,#8750,#8751),
 .UNSPECIFIED.,.F.,.F.,(4,4),(2.86385140925676E-7,0.00151012197862069),
 .UNSPECIFIED.);
#1104=B_SPLINE_CURVE_WITH_KNOTS('',3,(#8756,#8757,#8758,#8759),
 .UNSPECIFIED.,.F.,.F.,(4,4),(3.23389192671707E-7,0.0015101589826724),
 .UNSPECIFIED.);
#1105=B_SPLINE_CURVE_WITH_KNOTS('',3,(#8763,#8764,#8765,#8766),
 .UNSPECIFIED.,.F.,.F.,(4,4),(0.0103724266677463,0.0118811283730569),
 .UNSPECIFIED.);
#1106=B_SPLINE_CURVE_WITH_KNOTS('',3,(#8770,#8771,#8772,#8773),
 .UNSPECIFIED.,.F.,.F.,(4,4),(0.00977315935396997,0.0112827868725344),
 .UNSPECIFIED.);
#1107=B_SPLINE_CURVE_WITH_KNOTS('',3,(#8777,#8778,#8779,#8780),
 .UNSPECIFIED.,.F.,.F.,(4,4),(2.86385140926871E-7,0.00151012197862096),
 .UNSPECIFIED.);
#1108=B_SPLINE_CURVE_WITH_KNOTS('',3,(#8784,#8785,#8786,#8787),
 .UNSPECIFIED.,.F.,.F.,(4,4),(3.23389192904666E-7,0.00151015898267282),
 .UNSPECIFIED.);
#1109=B_SPLINE_CURVE_WITH_KNOTS('',3,(#8911,#8912,#8913,#8914),
 .UNSPECIFIED.,.F.,.F.,(4,4),(0.,1.),.UNSPECIFIED.);
#1110=B_SPLINE_CURVE_WITH_KNOTS('',3,(#8920,#8921,#8922,#8923),
 .UNSPECIFIED.,.F.,.F.,(4,4),(0.,1.),.UNSPECIFIED.);
#1111=B_SPLINE_CURVE_WITH_KNOTS('',3,(#8929,#8930,#8931,#8932),
 .UNSPECIFIED.,.F.,.F.,(4,4),(0.,1.),.UNSPECIFIED.);
#1112=B_SPLINE_CURVE_WITH_KNOTS('',3,(#8938,#8939,#8940,#8941),
 .UNSPECIFIED.,.F.,.F.,(4,4),(0.,1.),.UNSPECIFIED.);
#1113=B_SPLINE_CURVE_WITH_KNOTS('',3,(#8947,#8948,#8949,#8950),
 .UNSPECIFIED.,.F.,.F.,(4,4),(0.,1.),.UNSPECIFIED.);
#1114=B_SPLINE_CURVE_WITH_KNOTS('',3,(#8956,#8957,#8958,#8959),
 .UNSPECIFIED.,.F.,.F.,(4,4),(0.,1.),.UNSPECIFIED.);
#1115=B_SPLINE_CURVE_WITH_KNOTS('',3,(#8965,#8966,#8967,#8968),
 .UNSPECIFIED.,.F.,.F.,(4,4),(0.,1.),.UNSPECIFIED.);
#1116=B_SPLINE_CURVE_WITH_KNOTS('',3,(#8974,#8975,#8976,#8977),
 .UNSPECIFIED.,.F.,.F.,(4,4),(0.,1.),.UNSPECIFIED.);
#1117=B_SPLINE_CURVE_WITH_KNOTS('',3,(#8988,#8989,#8990,#8991,#8992,#8993,
#8994,#8995,#8996,#8997,#8998,#8999,#9000,#9001,#9002,#9003,#9004,#9005,
#9006,#9007,#9008,#9009,#9010,#9011,#9012,#9013,#9014,#9015),
 .UNSPECIFIED.,.F.,.F.,(4,1,1,1,1,1,1,1,1,1,1,1,1,1,1,1,1,1,1,1,1,1,1,1,
1,4),(0.,0.125,0.25,0.3125,0.375,0.4375,0.46875,0.5,0.53125,0.5625,0.625,
0.6875,0.71875,0.75,0.78125,0.8125,0.84375,0.875,0.90625,0.921875,0.9375,
0.953125,0.9609375,0.96875,0.984375,1.),.UNSPECIFIED.);
#1118=B_SPLINE_CURVE_WITH_KNOTS('',3,(#9025,#9026,#9027,#9028,#9029,#9030,
#9031,#9032,#9033,#9034,#9035,#9036,#9037,#9038,#9039,#9040,#9041,#9042,
#9043,#9044,#9045,#9046,#9047,#9048,#9049,#9050,#9051,#9052),
 .UNSPECIFIED.,.F.,.F.,(4,1,1,1,1,1,1,1,1,1,1,1,1,1,1,1,1,1,1,1,1,1,1,1,
1,4),(0.,0.125,0.25,0.3125,0.375,0.4375,0.46875,0.5,0.53125,0.5625,0.625,
0.6875,0.71875,0.75,0.78125,0.8125,0.84375,0.875,0.90625,0.921875,0.9375,
0.953125,0.9609375,0.96875,0.984375,1.),.UNSPECIFIED.);
#1119=B_SPLINE_CURVE_WITH_KNOTS('',3,(#9062,#9063,#9064,#9065,#9066,#9067,
#9068,#9069,#9070,#9071,#9072,#9073,#9074,#9075,#9076,#9077,#9078,#9079,
#9080,#9081,#9082,#9083,#9084,#9085,#9086,#9087,#9088,#9089),
 .UNSPECIFIED.,.F.,.F.,(4,1,1,1,1,1,1,1,1,1,1,1,1,1,1,1,1,1,1,1,1,1,1,1,
1,4),(0.,0.125,0.25,0.3125,0.375,0.4375,0.46875,0.5,0.53125,0.5625,0.625,
0.6875,0.71875,0.75,0.78125,0.8125,0.84375,0.875,0.90625,0.921875,0.9375,
0.953125,0.9609375,0.96875,0.984375,1.),.UNSPECIFIED.);
#1120=B_SPLINE_CURVE_WITH_KNOTS('',3,(#9099,#9100,#9101,#9102,#9103,#9104,
#9105,#9106,#9107,#9108,#9109,#9110,#9111,#9112,#9113,#9114,#9115,#9116,
#9117,#9118,#9119,#9120,#9121,#9122,#9123,#9124,#9125,#9126),
 .UNSPECIFIED.,.F.,.F.,(4,1,1,1,1,1,1,1,1,1,1,1,1,1,1,1,1,1,1,1,1,1,1,1,
1,4),(0.,0.125,0.25,0.3125,0.375,0.4375,0.46875,0.5,0.53125,0.5625,0.625,
0.6875,0.71875,0.75,0.78125,0.8125,0.84375,0.875,0.90625,0.921875,0.9375,
0.953125,0.9609375,0.96875,0.984375,1.),.UNSPECIFIED.);
#1121=B_SPLINE_CURVE_WITH_KNOTS('',3,(#9136,#9137,#9138,#9139,#9140,#9141,
#9142,#9143,#9144,#9145,#9146,#9147,#9148,#9149,#9150,#9151,#9152,#9153,
#9154,#9155,#9156,#9157,#9158,#9159,#9160,#9161,#9162,#9163),
 .UNSPECIFIED.,.F.,.F.,(4,1,1,1,1,1,1,1,1,1,1,1,1,1,1,1,1,1,1,1,1,1,1,1,
1,4),(0.,0.125,0.25,0.3125,0.375,0.4375,0.46875,0.5,0.53125,0.5625,0.625,
0.6875,0.71875,0.75,0.78125,0.8125,0.84375,0.875,0.90625,0.921875,0.9375,
0.953125,0.9609375,0.96875,0.984375,1.),.UNSPECIFIED.);
#1122=B_SPLINE_CURVE_WITH_KNOTS('',3,(#9173,#9174,#9175,#9176,#9177,#9178,
#9179,#9180,#9181,#9182,#9183,#9184,#9185,#9186,#9187,#9188,#9189,#9190,
#9191,#9192,#9193,#9194,#9195,#9196,#9197,#9198,#9199,#9200),
 .UNSPECIFIED.,.F.,.F.,(4,1,1,1,1,1,1,1,1,1,1,1,1,1,1,1,1,1,1,1,1,1,1,1,
1,4),(0.,0.125,0.25,0.3125,0.375,0.4375,0.46875,0.5,0.53125,0.5625,0.625,
0.6875,0.71875,0.75,0.78125,0.8125,0.84375,0.875,0.90625,0.921875,0.9375,
0.953125,0.9609375,0.96875,0.984375,1.),.UNSPECIFIED.);
#1123=B_SPLINE_CURVE_WITH_KNOTS('',3,(#9210,#9211,#9212,#9213,#9214,#9215,
#9216,#9217,#9218,#9219,#9220,#9221,#9222,#9223,#9224,#9225,#9226,#9227,
#9228,#9229,#9230,#9231,#9232,#9233,#9234,#9235,#9236,#9237),
 .UNSPECIFIED.,.F.,.F.,(4,1,1,1,1,1,1,1,1,1,1,1,1,1,1,1,1,1,1,1,1,1,1,1,
1,4),(0.,0.125,0.25,0.3125,0.375,0.4375,0.46875,0.5,0.53125,0.5625,0.625,
0.6875,0.71875,0.75,0.78125,0.8125,0.84375,0.875,0.90625,0.921875,0.9375,
0.953125,0.9609375,0.96875,0.984375,1.),.UNSPECIFIED.);
#1124=B_SPLINE_CURVE_WITH_KNOTS('',3,(#9246,#9247,#9248,#9249,#9250,#9251,
#9252,#9253,#9254,#9255,#9256,#9257,#9258,#9259,#9260,#9261,#9262,#9263,
#9264,#9265,#9266,#9267,#9268,#9269,#9270,#9271,#9272,#9273),
 .UNSPECIFIED.,.F.,.F.,(4,1,1,1,1,1,1,1,1,1,1,1,1,1,1,1,1,1,1,1,1,1,1,1,
1,4),(0.,0.015625,0.03125,0.0390625,0.046875,0.0625,0.078125,0.09375,0.125,
0.15625,0.1875,0.21875,0.25,0.28125,0.3125,0.375,0.4375,0.46875,0.5,0.53125,
0.5625,0.625,0.6875,0.75,0.875,1.),.UNSPECIFIED.);
#1125=B_SPLINE_CURVE_WITH_KNOTS('',3,(#9276,#9277,#9278,#9279,#9280,#9281,
#9282,#9283,#9284,#9285,#9286,#9287,#9288,#9289,#9290,#9291,#9292,#9293,
#9294,#9295,#9296,#9297,#9298,#9299,#9300,#9301,#9302,#9303),
 .UNSPECIFIED.,.F.,.F.,(4,1,1,1,1,1,1,1,1,1,1,1,1,1,1,1,1,1,1,1,1,1,1,1,
1,4),(0.,0.015625,0.03125,0.0390625,0.046875,0.0625,0.078125,0.09375,0.125,
0.15625,0.1875,0.21875,0.25,0.28125,0.3125,0.375,0.4375,0.46875,0.5,0.53125,
0.5625,0.625,0.6875,0.75,0.875,1.),.UNSPECIFIED.);
#1126=B_SPLINE_CURVE_WITH_KNOTS('',3,(#9306,#9307,#9308,#9309,#9310,#9311,
#9312,#9313,#9314,#9315,#9316,#9317,#9318,#9319,#9320,#9321,#9322,#9323,
#9324,#9325,#9326,#9327,#9328,#9329,#9330,#9331,#9332,#9333),
 .UNSPECIFIED.,.F.,.F.,(4,1,1,1,1,1,1,1,1,1,1,1,1,1,1,1,1,1,1,1,1,1,1,1,
1,4),(0.,0.015625,0.03125,0.0390625,0.046875,0.0625,0.078125,0.09375,0.125,
0.15625,0.1875,0.21875,0.25,0.28125,0.3125,0.375,0.4375,0.46875,0.5,0.53125,
0.5625,0.625,0.6875,0.75,0.875,1.),.UNSPECIFIED.);
#1127=B_SPLINE_CURVE_WITH_KNOTS('',3,(#9336,#9337,#9338,#9339,#9340,#9341,
#9342,#9343,#9344,#9345,#9346,#9347,#9348,#9349,#9350,#9351,#9352,#9353,
#9354,#9355,#9356,#9357,#9358,#9359,#9360,#9361,#9362,#9363),
 .UNSPECIFIED.,.F.,.F.,(4,1,1,1,1,1,1,1,1,1,1,1,1,1,1,1,1,1,1,1,1,1,1,1,
1,4),(0.,0.015625,0.03125,0.0390625,0.046875,0.0625,0.078125,0.09375,0.125,
0.15625,0.1875,0.21875,0.25,0.28125,0.3125,0.375,0.4375,0.46875,0.5,0.53125,
0.5625,0.625,0.6875,0.75,0.875,1.),.UNSPECIFIED.);
#1128=B_SPLINE_CURVE_WITH_KNOTS('',3,(#9366,#9367,#9368,#9369,#9370,#9371,
#9372,#9373,#9374,#9375,#9376,#9377,#9378,#9379,#9380,#9381,#9382,#9383,
#9384,#9385,#9386,#9387,#9388,#9389,#9390,#9391,#9392,#9393),
 .UNSPECIFIED.,.F.,.F.,(4,1,1,1,1,1,1,1,1,1,1,1,1,1,1,1,1,1,1,1,1,1,1,1,
1,4),(0.,0.015625,0.03125,0.0390625,0.046875,0.0625,0.078125,0.09375,0.125,
0.15625,0.1875,0.21875,0.25,0.28125,0.3125,0.375,0.4375,0.46875,0.5,0.53125,
0.5625,0.625,0.6875,0.75,0.875,1.),.UNSPECIFIED.);
#1129=B_SPLINE_CURVE_WITH_KNOTS('',3,(#9396,#9397,#9398,#9399,#9400,#9401,
#9402,#9403,#9404,#9405,#9406,#9407,#9408,#9409,#9410,#9411,#9412,#9413,
#9414,#9415,#9416,#9417,#9418,#9419,#9420,#9421,#9422,#9423),
 .UNSPECIFIED.,.F.,.F.,(4,1,1,1,1,1,1,1,1,1,1,1,1,1,1,1,1,1,1,1,1,1,1,1,
1,4),(0.,0.015625,0.03125,0.0390625,0.046875,0.0625,0.078125,0.09375,0.125,
0.15625,0.1875,0.21875,0.25,0.28125,0.3125,0.375,0.4375,0.46875,0.5,0.53125,
0.5625,0.625,0.6875,0.75,0.875,1.),.UNSPECIFIED.);
#1130=B_SPLINE_CURVE_WITH_KNOTS('',3,(#9426,#9427,#9428,#9429,#9430,#9431,
#9432,#9433,#9434,#9435,#9436,#9437,#9438,#9439,#9440,#9441,#9442,#9443,
#9444,#9445,#9446,#9447,#9448,#9449,#9450,#9451,#9452,#9453),
 .UNSPECIFIED.,.F.,.F.,(4,1,1,1,1,1,1,1,1,1,1,1,1,1,1,1,1,1,1,1,1,1,1,1,
1,4),(0.,0.015625,0.03125,0.0390625,0.046875,0.0625,0.078125,0.09375,0.125,
0.15625,0.1875,0.21875,0.25,0.28125,0.3125,0.375,0.4375,0.46875,0.5,0.53125,
0.5625,0.625,0.6875,0.75,0.875,1.),.UNSPECIFIED.);
#1131=B_SPLINE_CURVE_WITH_KNOTS('',3,(#9456,#9457,#9458,#9459,#9460,#9461,
#9462,#9463,#9464,#9465,#9466,#9467,#9468,#9469,#9470,#9471,#9472,#9473,
#9474,#9475,#9476,#9477,#9478,#9479,#9480,#9481,#9482,#9483),
 .UNSPECIFIED.,.F.,.F.,(4,1,1,1,1,1,1,1,1,1,1,1,1,1,1,1,1,1,1,1,1,1,1,1,
1,4),(0.,0.015625,0.03125,0.0390625,0.046875,0.0625,0.078125,0.09375,0.125,
0.15625,0.1875,0.21875,0.25,0.28125,0.3125,0.375,0.4375,0.46875,0.5,0.53125,
0.5625,0.625,0.6875,0.75,0.875,1.),.UNSPECIFIED.);
#1132=B_SPLINE_CURVE_WITH_KNOTS('',3,(#9511,#9512,#9513,#9514),
 .UNSPECIFIED.,.F.,.F.,(4,4),(0.,1.),.UNSPECIFIED.);
#1133=B_SPLINE_CURVE_WITH_KNOTS('',3,(#9546,#9547,#9548,#9549),
 .UNSPECIFIED.,.F.,.F.,(4,4),(0.,1.),.UNSPECIFIED.);
#1134=B_SPLINE_CURVE_WITH_KNOTS('',3,(#9552,#9553,#9554,#9555),
 .UNSPECIFIED.,.F.,.F.,(4,4),(0.,1.),.UNSPECIFIED.);
#1135=B_SPLINE_CURVE_WITH_KNOTS('',3,(#9559,#9560,#9561,#9562,#9563,#9564,
#9565,#9566,#9567,#9568,#9569,#9570,#9571,#9572,#9573,#9574,#9575,#9576,
#9577,#9578,#9579,#9580,#9581,#9582,#9583,#9584,#9585,#9586),
 .UNSPECIFIED.,.F.,.F.,(4,1,1,1,1,1,1,1,1,1,1,1,1,1,1,1,1,1,1,1,1,1,1,1,
1,4),(0.,0.125,0.25,0.3125,0.375,0.4375,0.46875,0.5,0.53125,0.5625,0.625,
0.6875,0.71875,0.75,0.78125,0.8125,0.84375,0.875,0.90625,0.921875,0.9375,
0.953125,0.9609375,0.96875,0.984375,1.),.UNSPECIFIED.);
#1136=B_SPLINE_CURVE_WITH_KNOTS('',3,(#9591,#9592,#9593,#9594),
 .UNSPECIFIED.,.F.,.F.,(4,4),(0.,1.),.UNSPECIFIED.);
#1137=B_SPLINE_CURVE_WITH_KNOTS('',3,(#9597,#9598,#9599,#9600),
 .UNSPECIFIED.,.F.,.F.,(4,4),(0.,1.),.UNSPECIFIED.);
#1138=B_SPLINE_CURVE_WITH_KNOTS('',3,(#9602,#9603,#9604,#9605),
 .UNSPECIFIED.,.F.,.F.,(4,4),(0.,1.),.UNSPECIFIED.);
#1139=B_SPLINE_CURVE_WITH_KNOTS('',3,(#9609,#9610,#9611,#9612),
 .UNSPECIFIED.,.F.,.F.,(4,4),(0.,1.),.UNSPECIFIED.);
#1140=B_SPLINE_CURVE_WITH_KNOTS('',3,(#9615,#9616,#9617,#9618),
 .UNSPECIFIED.,.F.,.F.,(4,4),(0.,1.),.UNSPECIFIED.);
#1141=B_SPLINE_CURVE_WITH_KNOTS('',3,(#9620,#9621,#9622,#9623),
 .UNSPECIFIED.,.F.,.F.,(4,4),(0.,1.),.UNSPECIFIED.);
#1142=B_SPLINE_CURVE_WITH_KNOTS('',3,(#9627,#9628,#9629,#9630),
 .UNSPECIFIED.,.F.,.F.,(4,4),(0.,1.),.UNSPECIFIED.);
#1143=B_SPLINE_CURVE_WITH_KNOTS('',3,(#9633,#9634,#9635,#9636),
 .UNSPECIFIED.,.F.,.F.,(4,4),(0.,1.),.UNSPECIFIED.);
#1144=B_SPLINE_CURVE_WITH_KNOTS('',3,(#9638,#9639,#9640,#9641),
 .UNSPECIFIED.,.F.,.F.,(4,4),(0.,1.),.UNSPECIFIED.);
#1145=B_SPLINE_CURVE_WITH_KNOTS('',3,(#9645,#9646,#9647,#9648),
 .UNSPECIFIED.,.F.,.F.,(4,4),(0.,1.),.UNSPECIFIED.);
#1146=B_SPLINE_CURVE_WITH_KNOTS('',3,(#9651,#9652,#9653,#9654),
 .UNSPECIFIED.,.F.,.F.,(4,4),(0.,1.),.UNSPECIFIED.);
#1147=B_SPLINE_CURVE_WITH_KNOTS('',3,(#9656,#9657,#9658,#9659),
 .UNSPECIFIED.,.F.,.F.,(4,4),(0.,1.),.UNSPECIFIED.);
#1148=B_SPLINE_CURVE_WITH_KNOTS('',3,(#9663,#9664,#9665,#9666),
 .UNSPECIFIED.,.F.,.F.,(4,4),(0.,1.),.UNSPECIFIED.);
#1149=B_SPLINE_CURVE_WITH_KNOTS('',3,(#9669,#9670,#9671,#9672),
 .UNSPECIFIED.,.F.,.F.,(4,4),(0.,1.),.UNSPECIFIED.);
#1150=B_SPLINE_CURVE_WITH_KNOTS('',3,(#9674,#9675,#9676,#9677),
 .UNSPECIFIED.,.F.,.F.,(4,4),(0.,1.),.UNSPECIFIED.);
#1151=B_SPLINE_CURVE_WITH_KNOTS('',3,(#9681,#9682,#9683,#9684),
 .UNSPECIFIED.,.F.,.F.,(4,4),(0.,1.),.UNSPECIFIED.);
#1152=B_SPLINE_CURVE_WITH_KNOTS('',3,(#9687,#9688,#9689,#9690),
 .UNSPECIFIED.,.F.,.F.,(4,4),(0.,1.),.UNSPECIFIED.);
#1153=B_SPLINE_CURVE_WITH_KNOTS('',3,(#9692,#9693,#9694,#9695),
 .UNSPECIFIED.,.F.,.F.,(4,4),(0.,1.),.UNSPECIFIED.);
#1154=B_SPLINE_CURVE_WITH_KNOTS('',3,(#9699,#9700,#9701,#9702),
 .UNSPECIFIED.,.F.,.F.,(4,4),(0.,1.),.UNSPECIFIED.);
#1155=B_SPLINE_CURVE_WITH_KNOTS('',3,(#9705,#9706,#9707,#9708),
 .UNSPECIFIED.,.F.,.F.,(4,4),(0.,1.),.UNSPECIFIED.);
#1156=B_SPLINE_CURVE_WITH_KNOTS('',3,(#9710,#9711,#9712,#9713),
 .UNSPECIFIED.,.F.,.F.,(4,4),(0.,1.),.UNSPECIFIED.);
#1157=B_SPLINE_CURVE_WITH_KNOTS('',3,(#9882,#9883,#9884,#9885,#9886),
 .UNSPECIFIED.,.F.,.F.,(4,1,4),(0.00224327181056193,0.00648043182006876,
0.0107175918295756),.UNSPECIFIED.);
#1158=B_SPLINE_CURVE_WITH_KNOTS('',3,(#9938,#9939,#9940,#9941,#9942),
 .UNSPECIFIED.,.F.,.F.,(4,1,4),(0.00224327181056193,0.00648043182006876,
0.0107175918295756),.UNSPECIFIED.);
#1159=B_SPLINE_CURVE_WITH_KNOTS('',3,(#9948,#9949,#9950,#9951),
 .UNSPECIFIED.,.F.,.F.,(4,4),(0.,0.00284158751822086),.UNSPECIFIED.);
#1160=B_SPLINE_CURVE_WITH_KNOTS('',3,(#9952,#9953,#9954,#9955),
 .UNSPECIFIED.,.F.,.F.,(4,4),(0.,0.00284531573050921),.UNSPECIFIED.);
#1161=B_SPLINE_CURVE_WITH_KNOTS('',3,(#10542,#10543,#10544,#10545),
 .UNSPECIFIED.,.F.,.F.,(4,4),(0.00338632897902922,0.00498420928112368),
 .UNSPECIFIED.);
#1162=B_SPLINE_CURVE_WITH_KNOTS('',3,(#10548,#10549,#10550,#10551,#10552,
#10553,#10554),.UNSPECIFIED.,.F.,.F.,(4,1,1,1,4),(0.0279893047570982,0.0315251134761909,
0.0350609221952836,0.0385967309143763,0.0421325396334689),.UNSPECIFIED.);
#1163=B_SPLINE_CURVE_WITH_KNOTS('',3,(#10556,#10557,#10558,#10559,#10560,
#10561,#10562),.UNSPECIFIED.,.F.,.F.,(4,1,1,1,4),(0.0254146389774502,0.0309670076239369,
0.0365193762704235,0.0420717449169101,0.0476241135633968),.UNSPECIFIED.);
#1164=B_SPLINE_CURVE_WITH_KNOTS('',3,(#10564,#10565,#10566,#10567,#10568,
#10569,#10570),.UNSPECIFIED.,.F.,.F.,(4,1,1,1,4),(0.00719410647262277,0.0102837082304327,
0.0133733099882426,0.0164629117460526,0.0195525135038625),.UNSPECIFIED.);
#1165=B_SPLINE_CURVE_WITH_KNOTS('',3,(#10572,#10573,#10574,#10575),
 .UNSPECIFIED.,.F.,.F.,(4,4),(0.0730338910315293,0.0769790361378734),
 .UNSPECIFIED.);
#1166=B_SPLINE_CURVE_WITH_KNOTS('',3,(#10577,#10578,#10579,#10580),
 .UNSPECIFIED.,.F.,.F.,(4,4),(9.34177181294034E-18,0.00291473208029849),
 .UNSPECIFIED.);
#1167=B_SPLINE_CURVE_WITH_KNOTS('',3,(#10582,#10583,#10584,#10585),
 .UNSPECIFIED.,.F.,.F.,(4,4),(4.9065389333868E-18,0.00173075608089442),
 .UNSPECIFIED.);
#1168=B_SPLINE_CURVE_WITH_KNOTS('',3,(#10587,#10588,#10589,#10590),
 .UNSPECIFIED.,.F.,.F.,(4,4),(0.0181081062410597,0.030410909482968),
 .UNSPECIFIED.);
#1169=B_SPLINE_CURVE_WITH_KNOTS('',3,(#10592,#10593,#10594,#10595,#10596,
#10597,#10598,#10599,#10600,#10601,#10602,#10603,#10604,#10605,#10606,#10607,
#10608,#10609,#10610,#10611,#10612,#10613,#10614,#10615,#10616,#10617,#10618,
#10619,#10620,#10621,#10622),.UNSPECIFIED.,.F.,.F.,(4,1,1,1,1,1,1,1,1,1,
1,1,1,1,1,1,1,1,1,1,1,1,1,1,1,1,1,1,4),(0.122170979721801,0.129752477131816,
0.137333974541831,0.144915471951847,0.148706220656854,0.152496969361862,
0.15628771806687,0.160078466771877,0.163869215476885,0.165764589829389,
0.167659964181893,0.169555338534396,0.1714507128869,0.173346087239404,0.175241461591908,
0.177136835944412,0.179032210296916,0.18092758464942,0.182822959001923,
0.186613707706931,0.190404456411939,0.194195205116946,0.197985953821954,
0.205567451231969,0.213148948641985,0.220730446052,0.228311943462015,0.235893440872031,
0.243474938282046),.UNSPECIFIED.);
#1170=B_SPLINE_CURVE_WITH_KNOTS('',3,(#10624,#10625,#10626,#10627,#10628,
#10629,#10630,#10631,#10632,#10633,#10634),.UNSPECIFIED.,.F.,.F.,(4,1,1,
1,1,1,1,1,4),(0.0130400454456492,0.0183670253403103,0.0236940052349714,
0.0290209851296326,0.0343479650242937,0.0396749449189548,0.0450019248136159,
0.050328904708277,0.0556558846029381),.UNSPECIFIED.);
#1171=B_SPLINE_CURVE_WITH_KNOTS('',3,(#10636,#10637,#10638,#10639),
 .UNSPECIFIED.,.F.,.F.,(4,4),(-0.00280311763722892,0.0183827472211471),
 .UNSPECIFIED.);
#1172=B_SPLINE_CURVE_WITH_KNOTS('',3,(#10641,#10642,#10643,#10644),
 .UNSPECIFIED.,.F.,.F.,(4,4),(7.75791922889773E-18,0.0092751684594077),
 .UNSPECIFIED.);
#1173=B_SPLINE_CURVE_WITH_KNOTS('',3,(#10646,#10647,#10648,#10649,#10650,
#10651,#10652,#10653,#10654,#10655,#10656),.UNSPECIFIED.,.F.,.F.,(4,1,1,
1,1,1,1,1,4),(0.,0.00496695709786984,0.00993391419573969,0.0149008712936095,
0.0198678283914794,0.0248347854893492,0.0298017425872191,0.0347686996850889,
0.0397356567829587),.UNSPECIFIED.);
#1174=B_SPLINE_CURVE_WITH_KNOTS('',3,(#10658,#10659,#10660,#10661),
 .UNSPECIFIED.,.F.,.F.,(4,4),(0.0155804803940231,0.0184894436357106),
 .UNSPECIFIED.);
#1175=B_SPLINE_CURVE_WITH_KNOTS('',3,(#10663,#10664,#10665,#10666),
 .UNSPECIFIED.,.F.,.F.,(4,4),(0.0872697017681165,0.0912383603798368),
 .UNSPECIFIED.);
#1176=B_SPLINE_CURVE_WITH_KNOTS('',3,(#10668,#10669,#10670,#10671,#10672,
#10673,#10674),.UNSPECIFIED.,.F.,.F.,(4,1,1,1,4),(0.0281194668524604,0.0312101857399882,
0.0343009046275159,0.0373916235150437,0.0404823424025715),.UNSPECIFIED.);
#1177=B_SPLINE_CURVE_WITH_KNOTS('',3,(#10676,#10677,#10678,#10679,#10680,
#10681,#10682),.UNSPECIFIED.,.F.,.F.,(4,1,1,1,4),(0.025414638989664,0.030967007633103,
0.036519376276542,0.0420717449199809,0.0476241135634199),.UNSPECIFIED.);
#1178=B_SPLINE_CURVE_WITH_KNOTS('',3,(#10684,#10685,#10686,#10687,#10688,
#10689,#10690,#10691),.UNSPECIFIED.,.F.,.F.,(4,1,1,1,1,4),(0.0069023857194584,
0.0104487670751535,0.0139951484308486,0.0175415297865436,0.0193147204643912,
0.0210879111422387),.UNSPECIFIED.);
#1179=B_SPLINE_CURVE_WITH_KNOTS('',3,(#10693,#10694,#10695,#10696),
 .UNSPECIFIED.,.F.,.F.,(4,4),(1.73472347597681E-18,0.00159817376527357),
 .UNSPECIFIED.);
#1180=B_SPLINE_CURVE_WITH_KNOTS('',3,(#10698,#10699,#10700,#10701),
 .UNSPECIFIED.,.F.,.F.,(4,4),(9.97465998686664E-18,0.00401083211143858),
 .UNSPECIFIED.);
#1181=B_SPLINE_CURVE_WITH_KNOTS('',3,(#10702,#10703,#10704,#10705),
 .UNSPECIFIED.,.F.,.F.,(4,4),(0.,0.0227272585219574),.UNSPECIFIED.);
#1182=B_SPLINE_CURVE_WITH_KNOTS('',3,(#10708,#10709,#10710,#10711,#10712,
#10713),.UNSPECIFIED.,.F.,.F.,(4,1,1,4),(9.34177181294034E-18,0.0032004064983878,
0.00640081299677559,0.0128016259935512),.UNSPECIFIED.);
#1183=B_SPLINE_CURVE_WITH_KNOTS('',3,(#10715,#10716,#10717,#10718),
 .UNSPECIFIED.,.F.,.F.,(4,4),(0.,0.0227318641383937),.UNSPECIFIED.);
#1184=B_SPLINE_CURVE_WITH_KNOTS('',3,(#10720,#10721,#10722,#10723,#10724,
#10725,#10726),.UNSPECIFIED.,.F.,.F.,(4,1,1,1,4),(0.,0.00327627119928997,
0.00655254239857995,0.00982881359786992,0.0131050847971599),
 .UNSPECIFIED.);
#1185=B_SPLINE_CURVE_WITH_KNOTS('',3,(#10727,#10728,#10729,#10730),
 .UNSPECIFIED.,.F.,.F.,(4,4),(4.02515171092524E-14,0.00728716244095785),
 .UNSPECIFIED.);
#1186=B_SPLINE_CURVE_WITH_KNOTS('',3,(#10733,#10734,#10735,#10736),
 .UNSPECIFIED.,.F.,.F.,(4,4),(1.73472347597681E-18,0.0152965871513445),
 .UNSPECIFIED.);
#1187=B_SPLINE_CURVE_WITH_KNOTS('',3,(#10738,#10739,#10740,#10741),
 .UNSPECIFIED.,.F.,.F.,(4,4),(0.,0.00260383025707686),.UNSPECIFIED.);
#1188=B_SPLINE_CURVE_WITH_KNOTS('',3,(#10743,#10744,#10745,#10746,#10747,
#10748,#10749,#10750,#10751,#10752,#10753,#10754,#10755,#10756,#10757),
 .UNSPECIFIED.,.F.,.F.,(4,1,1,1,1,1,1,1,1,1,1,1,4),(0.,0.00287379740669138,
0.00574759481338275,0.00718449351672844,0.00862139222007413,0.0100582909234198,
0.0114951896267655,0.0129320883301112,0.0143689870334569,0.0158058857368026,
0.0172427844401483,0.0201165818468396,0.022990379253531),.UNSPECIFIED.);
#1189=B_SPLINE_CURVE_WITH_KNOTS('',3,(#10759,#10760,#10761,#10762),
 .UNSPECIFIED.,.F.,.F.,(4,4),(7.75791922889773E-18,0.00260370903737951),
 .UNSPECIFIED.);
#1190=B_SPLINE_CURVE_WITH_KNOTS('',3,(#10764,#10765,#10766,#10767),
 .UNSPECIFIED.,.F.,.F.,(4,4),(4.72061576097606E-16,0.0152970515377764),
 .UNSPECIFIED.);
#1191=B_SPLINE_CURVE_WITH_KNOTS('',3,(#10769,#10770,#10771,#10772),
 .UNSPECIFIED.,.F.,.F.,(4,4),(0.000624381546591813,0.00791107577223562),
 .UNSPECIFIED.);
#1192=B_SPLINE_CURVE_WITH_KNOTS('',3,(#10774,#10775,#10776,#10777,#10778,
#10779,#10780,#10781,#10782,#10783,#10784,#10785,#10786,#10787,#10788,#10789,
#10790,#10791,#10792,#10793,#10794,#10795,#10796,#10797,#10798,#10799,#10800,
#10801,#10802,#10803,#10804),.UNSPECIFIED.,.F.,.F.,(4,1,1,1,1,1,1,1,1,1,
1,1,1,1,1,1,1,1,1,1,1,1,1,1,1,1,1,1,4),(0.0542192481985733,0.0566078979051878,
0.0589965476118023,0.0613851973184167,0.0637738470250312,0.0685511464382601,
0.073328445851489,0.0757170955581035,0.0781057452647179,0.0804943949713324,
0.0828830446779468,0.0852716943845613,0.0876603440911758,0.0900489937977902,
0.0924376435044047,0.0936319683577119,0.0948262932110191,0.0972149429176336,
0.099603592624248,0.101992242330863,0.104380892037477,0.106769541744091,
0.109158191450706,0.11154684115732,0.116324140570549,0.121101439983778,
0.125878739397007,0.128267389103622,0.130656038810236),.UNSPECIFIED.);
#1193=B_SPLINE_CURVE_WITH_KNOTS('',3,(#10877,#10878,#10879,#10880,#10881,
#10882),.UNSPECIFIED.,.F.,.F.,(4,1,1,4),(0.,0.00587473705828215,0.00881210558742323,
0.0117494741165643),.UNSPECIFIED.);
#1194=B_SPLINE_CURVE_WITH_KNOTS('',3,(#10886,#10887,#10888,#10889,#10890,
#10891),.UNSPECIFIED.,.F.,.F.,(4,1,1,4),(0.00100360300685009,0.00393538955742643,
0.00686717610800277,0.0127307492091555),.UNSPECIFIED.);
#1195=B_SPLINE_CURVE_WITH_KNOTS('',3,(#11663,#11664,#11665,#11666,#11667,
#11668,#11669,#11670,#11671,#11672,#11673,#11674,#11675,#11676,#11677,#11678),
 .UNSPECIFIED.,.F.,.F.,(4,1,1,1,1,1,1,1,1,1,1,1,1,4),(0.0125177533948865,
0.0212792319652125,0.0300407105355385,0.0388021891058645,0.0475636676761905,
0.0563251462465165,0.0607058855316795,0.0650866248168425,0.0694673641020055,
0.0738481033871685,0.07603847302975,0.0782288426723315,0.080419212314913,
0.0826095819574945),.UNSPECIFIED.);
#1196=B_SPLINE_CURVE_WITH_KNOTS('',3,(#11681,#11682,#11683,#11684,#11685,
#11686,#11687,#11688,#11689,#11690,#11691,#11692,#11693,#11694,#11695,#11696,
#11697,#11698,#11699,#11700,#11701,#11702,#11703,#11704,#11705,#11706,#11707,
#11708,#11709,#11710,#11711,#11712,#11713,#11714,#11715,#11716,#11717,#11718),
 .UNSPECIFIED.,.F.,.F.,(4,1,1,1,1,1,1,1,1,1,1,1,1,1,1,1,1,1,1,1,1,1,1,1,
1,1,1,1,1,1,1,1,1,1,1,4),(0.00124728245805263,0.00511133454418479,0.00897538663031695,
0.010907412673383,0.0128394387164491,0.0167034908025813,0.0205675428887134,
0.0244315949748456,0.0282956470609778,0.0321596991471099,0.0360237512332421,
0.0398878033193742,0.0437518554055064,0.0476159074916386,0.0514799595777707,
0.0553440116639029,0.0592080637500351,0.0630721158361672,0.0650041418792333,
0.0669361679222994,0.0708002200084316,0.0746642720945637,0.0765962981376298,
0.0785283241806959,0.082392376266828,0.0862564283529602,0.0901204804390924,
0.0939845325252245,0.0978485846113567,0.101712636697489,0.105576688783621,
0.109440740869753,0.113304792955885,0.117168845042017,0.12103289712815,
0.124896949214282),.UNSPECIFIED.);
#1197=B_SPLINE_CURVE_WITH_KNOTS('',3,(#11720,#11721,#11722,#11723,#11724,
#11725,#11726,#11727,#11728,#11729,#11730,#11731,#11732,#11733,#11734,#11735),
 .UNSPECIFIED.,.F.,.F.,(4,1,1,1,1,1,1,1,1,1,1,1,1,4),(0.086287341560289,
0.0884580361760981,0.0906287307919072,0.0927994254077164,0.0949701200235255,
0.0993115092551437,0.103652898486762,0.10799428771838,0.112335676949998,
0.121018455413235,0.129701233876471,0.138384012339708,0.147066790802944,
0.155749569266181),.UNSPECIFIED.);
#1198=B_SPLINE_CURVE_WITH_KNOTS('',3,(#11737,#11738,#11739,#11740,#11741,
#11742,#11743,#11744,#11745,#11746,#11747,#11748,#11749,#11750,#11751,#11752,
#11753,#11754),.UNSPECIFIED.,.F.,.F.,(4,1,1,1,1,1,1,1,1,1,1,1,1,1,1,4),
(1.20185167898973E-17,0.00364476189804733,0.00728952379609466,0.010934285694142,
0.0145790475921893,0.0182238094902366,0.0218685713882839,0.0291580951843786,
0.0328028570824259,0.0364476189804732,0.0400923808785206,0.0437371427765679,
0.0473819046746152,0.0510266665726625,0.0546714284707099,0.0583161903687572),
 .UNSPECIFIED.);
#1199=B_SPLINE_CURVE_WITH_KNOTS('',3,(#11756,#11757,#11758,#11759),
 .UNSPECIFIED.,.F.,.F.,(4,4),(0.0117697667276805,0.0198732636493373),
 .UNSPECIFIED.);
#1200=B_SPLINE_CURVE_WITH_KNOTS('',3,(#11761,#11762,#11763,#11764,#11765,
#11766),.UNSPECIFIED.,.F.,.F.,(4,1,1,4),(0.,0.00316835375936748,0.00633670751873496,
0.0126734150374699),.UNSPECIFIED.);
#1201=B_SPLINE_CURVE_WITH_KNOTS('',3,(#11768,#11769,#11770,#11771),
 .UNSPECIFIED.,.F.,.F.,(4,4),(6.93889390390723E-18,0.00810513766297939),
 .UNSPECIFIED.);
#1202=B_SPLINE_CURVE_WITH_KNOTS('',3,(#11773,#11774,#11775,#11776,#11777,
#11778,#11779,#11780,#11781,#11782,#11783,#11784,#11785,#11786,#11787,#11788,
#11789,#11790),.UNSPECIFIED.,.F.,.F.,(4,1,1,1,1,1,1,1,1,1,1,1,1,1,1,4),
(0.0716331254320486,0.0752759941525251,0.0789188628730017,0.0825617315934783,
0.0862046003139549,0.0898474690344315,0.0934903377549081,0.0971332064753846,
0.100776075195861,0.108061812636814,0.111704681357291,0.115347550077768,
0.118990418798244,0.122633287518721,0.126276156239197,0.129919024959674),
 .UNSPECIFIED.);
#1203=B_SPLINE_CURVE_WITH_KNOTS('',3,(#11944,#11945,#11946,#11947,#11948,
#11949,#11950),.UNSPECIFIED.,.F.,.F.,(4,1,1,1,4),(2.84832931570969E-16,
0.00433678412716091,0.00867356825432154,0.0130103523814822,0.0173471365086428),
 .UNSPECIFIED.);
#1204=B_SPLINE_CURVE_WITH_KNOTS('',3,(#11952,#11953,#11954,#11955,#11956,
#11957,#11958,#11959,#11960),.UNSPECIFIED.,.F.,.F.,(4,1,1,1,1,1,4),(0.,
0.00363336439946895,0.00545004659920343,0.00726672879893791,0.00908341099867238,
0.0109000931984069,0.0145334575978758),.UNSPECIFIED.);
#1205=B_SPLINE_CURVE_WITH_KNOTS('',3,(#11962,#11963,#11964,#11965,#11966,
#11967,#11968),.UNSPECIFIED.,.F.,.F.,(4,1,1,1,4),(6.16872448772816E-15,
0.00433670394234581,0.00867340788468546,0.0130101118270251,0.0173468157693647),
 .UNSPECIFIED.);
#1206=B_SPLINE_CURVE_WITH_KNOTS('',3,(#11969,#11970,#11971,#11972,#11973,
#11974,#11975,#11976),.UNSPECIFIED.,.F.,.F.,(4,1,1,1,1,4),(3.43457725337076E-17,
0.00567250705126943,0.00850876057690413,0.0113450141025388,0.0170175211538082,
0.0226900282050776),.UNSPECIFIED.);
#1207=B_SPLINE_CURVE_WITH_KNOTS('',3,(#11978,#11979,#11980,#11981,#11982,
#11983,#11984,#11985,#11986,#11987,#11988,#11989,#11990,#11991,#11992,#11993,
#11994,#11995,#11996,#11997,#11998,#11999,#12000,#12001,#12002,#12003,#12004,
#12005,#12006,#12007,#12008,#12009),.UNSPECIFIED.,.F.,.F.,(4,1,1,1,1,1,
1,1,1,1,1,1,1,1,1,1,1,1,1,1,1,1,1,1,1,1,1,1,1,4),(0.,0.00937686866006529,
0.0140653029900979,0.0187537373201306,0.0234421716501632,0.0281306059801959,
0.0328190403102285,0.0375074746402612,0.0421959089702938,0.0468843433003265,
0.0515727776303591,0.0562612119603917,0.0609496462904244,0.065638080620457,
0.0703265149504897,0.0750149492805223,0.0773591664455386,0.079703383610555,
0.0820476007755713,0.0843918179405876,0.0890802522706203,0.0937686866006529,
0.0984571209306856,0.103145555260718,0.112522423920783,0.117210858250816,
0.121899292580849,0.131276161240914,0.140653029900979,0.150029898561045),
 .UNSPECIFIED.);
#1208=B_SPLINE_CURVE_WITH_KNOTS('',3,(#12011,#12012,#12013,#12014,#12015,
#12016,#12017,#12018),.UNSPECIFIED.,.F.,.F.,(4,1,1,1,1,4),(0.,0.00569546508431072,
0.00854319762646609,0.0113909301686214,0.0170863952529322,0.0227818603372429),
 .UNSPECIFIED.);
#1209=B_SPLINE_CURVE_WITH_KNOTS('',3,(#12028,#12029,#12030,#12031,#12032),
 .UNSPECIFIED.,.F.,.F.,(4,1,4),(8.50807398791325E-16,0.00189223813329635,
0.00378447626659185),.UNSPECIFIED.);
#1210=B_SPLINE_CURVE_WITH_KNOTS('',3,(#12039,#12040,#12041,#12042,#12043,
#12044,#12045,#12046,#12047,#12048,#12049,#12050,#12051,#12052,#12053),
 .UNSPECIFIED.,.F.,.F.,(4,1,1,1,1,1,1,1,1,1,1,1,4),(6.06052528115621E-17,
0.000625737122052457,0.00125147424410485,0.00187721136615725,0.00250294848820964,
0.00375442273231444,0.00500589697641923,0.00625737122052402,0.00750884546462881,
0.0100117939528384,0.012514742441048,0.0150176909292576,0.0200235879056767),
 .UNSPECIFIED.);
#1211=B_SPLINE_CURVE_WITH_KNOTS('',3,(#12057,#12058,#12059,#12060,#12061,
#12062,#12063,#12064,#12065,#12066,#12067,#12068,#12069,#12070,#12071),
 .UNSPECIFIED.,.F.,.F.,(4,1,1,1,1,1,1,1,1,1,1,1,4),(5.57157561346115E-17,
0.00495490944829792,0.00743236417244685,0.00990981889659578,0.0123872736207447,
0.0136260009828192,0.0148647283448936,0.0161034557069681,0.0173421830690426,
0.0179615467500798,0.018580910431117,0.0192002741121543,0.0198196377931915),
 .UNSPECIFIED.);
#1212=B_SPLINE_CURVE_WITH_KNOTS('',3,(#12203,#12204,#12205,#12206,#12207),
 .UNSPECIFIED.,.F.,.F.,(4,1,4),(0.,0.00158351532766683,0.00316703065533366),
 .UNSPECIFIED.);
#1213=B_SPLINE_CURVE_WITH_KNOTS('',3,(#12220,#12221,#12222,#12223,#12224),
 .UNSPECIFIED.,.F.,.F.,(4,1,4),(0.,0.00158351532766674,0.00316703065533349),
 .UNSPECIFIED.);
#1214=B_SPLINE_CURVE_WITH_KNOTS('',3,(#12482,#12483,#12484,#12485,#12486,
#12487,#12488,#12489,#12490,#12491,#12492,#12493,#12494,#12495,#12496,#12497,
#12498,#12499,#12500,#12501,#12502,#12503,#12504),.UNSPECIFIED.,.F.,.F.,
(4,1,1,1,1,1,1,1,1,1,1,1,1,1,1,1,1,1,1,1,4),(0.,0.00373212057257123,0.00746424114514246,
0.0111963617177137,0.0149284822902849,0.0186606028628561,0.0223927234354274,
0.024258783721713,0.0261248440079986,0.0279909042942842,0.0298569645805698,
0.0307899947237126,0.0317230248668554,0.0335890851531411,0.0354551454394267,
0.0373212057257123,0.0410533262982835,0.0447854468708547,0.048517567443426,
0.0522496880159972,0.0597139291611397),.UNSPECIFIED.);
#1215=B_SPLINE_CURVE_WITH_KNOTS('',3,(#12508,#12509,#12510,#12511,#12512,
#12513,#12514,#12515,#12516,#12517,#12518,#12519,#12520,#12521,#12522,#12523,
#12524,#12525,#12526,#12527,#12528,#12529,#12530,#12531,#12532,#12533,#12534,
#12535,#12536,#12537,#12538,#12539,#12540,#12541),.UNSPECIFIED.,.F.,.F.,
(4,1,1,1,1,1,1,1,1,1,1,1,1,1,1,1,1,1,1,1,1,1,1,1,1,1,1,1,1,1,1,4),(0.0329732895218832,
0.0378880674297628,0.0428028453376425,0.0477176232455221,0.0526324011534017,
0.0575471790612814,0.062461956969161,0.0673767348770406,0.0722915127849203,
0.0772062906927999,0.0821210686006795,0.0919506244164388,0.0968654023243185,
0.101780180232198,0.106694958140078,0.111609736047957,0.116524513955837,
0.121439291863717,0.126354069771596,0.131268847679476,0.136183625587356,
0.141098403495235,0.146013181403115,0.150927959310994,0.155842737218874,
0.160757515126754,0.165672293034633,0.170587070942513,0.175501848850393,
0.180416626758272,0.185331404666152,0.190246182574032),.UNSPECIFIED.);
#1216=ORIENTED_EDGE('',*,*,#2732,.T.);
#1217=ORIENTED_EDGE('',*,*,#2733,.T.);
#1218=ORIENTED_EDGE('',*,*,#2734,.F.);
#1219=ORIENTED_EDGE('',*,*,#2735,.T.);
#1220=ORIENTED_EDGE('',*,*,#2736,.F.);
#1221=ORIENTED_EDGE('',*,*,#2737,.T.);
#1222=ORIENTED_EDGE('',*,*,#2738,.F.);
#1223=ORIENTED_EDGE('',*,*,#2739,.T.);
#1224=ORIENTED_EDGE('',*,*,#2740,.F.);
#1225=ORIENTED_EDGE('',*,*,#2741,.T.);
#1226=ORIENTED_EDGE('',*,*,#2742,.T.);
#1227=ORIENTED_EDGE('',*,*,#2743,.T.);
#1228=ORIENTED_EDGE('',*,*,#2744,.T.);
#1229=ORIENTED_EDGE('',*,*,#2745,.T.);
#1230=ORIENTED_EDGE('',*,*,#2746,.T.);
#1231=ORIENTED_EDGE('',*,*,#2747,.T.);
#1232=ORIENTED_EDGE('',*,*,#2748,.T.);
#1233=ORIENTED_EDGE('',*,*,#2749,.T.);
#1234=ORIENTED_EDGE('',*,*,#2750,.T.);
#1235=ORIENTED_EDGE('',*,*,#2751,.T.);
#1236=ORIENTED_EDGE('',*,*,#2752,.T.);
#1237=ORIENTED_EDGE('',*,*,#2753,.T.);
#1238=ORIENTED_EDGE('',*,*,#2754,.T.);
#1239=ORIENTED_EDGE('',*,*,#2755,.F.);
#1240=ORIENTED_EDGE('',*,*,#2752,.F.);
#1241=ORIENTED_EDGE('',*,*,#2756,.T.);
#1242=ORIENTED_EDGE('',*,*,#2743,.F.);
#1243=ORIENTED_EDGE('',*,*,#2757,.F.);
#1244=ORIENTED_EDGE('',*,*,#2753,.F.);
#1245=ORIENTED_EDGE('',*,*,#2757,.T.);
#1246=ORIENTED_EDGE('',*,*,#2742,.F.);
#1247=ORIENTED_EDGE('',*,*,#2758,.F.);
#1248=ORIENTED_EDGE('',*,*,#2754,.F.);
#1249=ORIENTED_EDGE('',*,*,#2758,.T.);
#1250=ORIENTED_EDGE('',*,*,#2741,.F.);
#1251=ORIENTED_EDGE('',*,*,#2759,.F.);
#1252=ORIENTED_EDGE('',*,*,#2756,.F.);
#1253=ORIENTED_EDGE('',*,*,#2755,.T.);
#1254=ORIENTED_EDGE('',*,*,#2759,.T.);
#1255=ORIENTED_EDGE('',*,*,#2740,.T.);
#1256=ORIENTED_EDGE('',*,*,#2760,.F.);
#1257=ORIENTED_EDGE('',*,*,#2738,.T.);
#1258=ORIENTED_EDGE('',*,*,#2761,.F.);
#1259=ORIENTED_EDGE('',*,*,#2749,.F.);
#1260=ORIENTED_EDGE('',*,*,#2761,.T.);
#1261=ORIENTED_EDGE('',*,*,#2737,.F.);
#1262=ORIENTED_EDGE('',*,*,#2762,.F.);
#1263=ORIENTED_EDGE('',*,*,#2750,.F.);
#1264=ORIENTED_EDGE('',*,*,#2760,.T.);
#1265=ORIENTED_EDGE('',*,*,#2748,.F.);
#1266=ORIENTED_EDGE('',*,*,#2763,.F.);
#1267=ORIENTED_EDGE('',*,*,#2739,.F.);
#1268=ORIENTED_EDGE('',*,*,#2762,.T.);
#1269=ORIENTED_EDGE('',*,*,#2736,.T.);
#1270=ORIENTED_EDGE('',*,*,#2764,.F.);
#1271=ORIENTED_EDGE('',*,*,#2751,.F.);
#1272=ORIENTED_EDGE('',*,*,#2763,.T.);
#1273=ORIENTED_EDGE('',*,*,#2747,.F.);
#1274=ORIENTED_EDGE('',*,*,#2765,.F.);
#1275=ORIENTED_EDGE('',*,*,#2732,.F.);
#1276=ORIENTED_EDGE('',*,*,#2764,.T.);
#1277=ORIENTED_EDGE('',*,*,#2735,.F.);
#1278=ORIENTED_EDGE('',*,*,#2766,.F.);
#1279=ORIENTED_EDGE('',*,*,#2744,.F.);
#1280=ORIENTED_EDGE('',*,*,#2765,.T.);
#1281=ORIENTED_EDGE('',*,*,#2746,.F.);
#1282=ORIENTED_EDGE('',*,*,#2767,.F.);
#1283=ORIENTED_EDGE('',*,*,#2733,.F.);
#1284=ORIENTED_EDGE('',*,*,#2766,.T.);
#1285=ORIENTED_EDGE('',*,*,#2734,.T.);
#1286=ORIENTED_EDGE('',*,*,#2767,.T.);
#1287=ORIENTED_EDGE('',*,*,#2745,.F.);
#1288=ORIENTED_EDGE('',*,*,#2768,.F.);
#1289=ORIENTED_EDGE('',*,*,#2769,.T.);
#1290=ORIENTED_EDGE('',*,*,#2770,.T.);
#1291=ORIENTED_EDGE('',*,*,#2771,.F.);
#1292=ORIENTED_EDGE('',*,*,#2772,.F.);
#1293=ORIENTED_EDGE('',*,*,#2771,.T.);
#1294=ORIENTED_EDGE('',*,*,#2773,.T.);
#1295=ORIENTED_EDGE('',*,*,#2769,.F.);
#1296=ORIENTED_EDGE('',*,*,#2774,.F.);
#1297=ORIENTED_EDGE('',*,*,#2775,.T.);
#1298=ORIENTED_EDGE('',*,*,#2776,.T.);
#1299=ORIENTED_EDGE('',*,*,#2777,.F.);
#1300=ORIENTED_EDGE('',*,*,#2778,.F.);
#1301=ORIENTED_EDGE('',*,*,#2777,.T.);
#1302=ORIENTED_EDGE('',*,*,#2779,.T.);
#1303=ORIENTED_EDGE('',*,*,#2775,.F.);
#1304=ORIENTED_EDGE('',*,*,#2780,.F.);
#1305=ORIENTED_EDGE('',*,*,#2781,.T.);
#1306=ORIENTED_EDGE('',*,*,#2782,.T.);
#1307=ORIENTED_EDGE('',*,*,#2783,.F.);
#1308=ORIENTED_EDGE('',*,*,#2784,.F.);
#1309=ORIENTED_EDGE('',*,*,#2783,.T.);
#1310=ORIENTED_EDGE('',*,*,#2785,.T.);
#1311=ORIENTED_EDGE('',*,*,#2781,.F.);
#1312=ORIENTED_EDGE('',*,*,#2786,.F.);
#1313=ORIENTED_EDGE('',*,*,#2787,.T.);
#1314=ORIENTED_EDGE('',*,*,#2788,.T.);
#1315=ORIENTED_EDGE('',*,*,#2789,.F.);
#1316=ORIENTED_EDGE('',*,*,#2790,.F.);
#1317=ORIENTED_EDGE('',*,*,#2789,.T.);
#1318=ORIENTED_EDGE('',*,*,#2791,.T.);
#1319=ORIENTED_EDGE('',*,*,#2787,.F.);
#1320=ORIENTED_EDGE('',*,*,#2792,.F.);
#1321=ORIENTED_EDGE('',*,*,#2793,.T.);
#1322=ORIENTED_EDGE('',*,*,#2794,.T.);
#1323=ORIENTED_EDGE('',*,*,#2795,.F.);
#1324=ORIENTED_EDGE('',*,*,#2796,.F.);
#1325=ORIENTED_EDGE('',*,*,#2795,.T.);
#1326=ORIENTED_EDGE('',*,*,#2797,.T.);
#1327=ORIENTED_EDGE('',*,*,#2793,.F.);
#1328=ORIENTED_EDGE('',*,*,#2798,.F.);
#1329=ORIENTED_EDGE('',*,*,#2799,.T.);
#1330=ORIENTED_EDGE('',*,*,#2800,.T.);
#1331=ORIENTED_EDGE('',*,*,#2801,.F.);
#1332=ORIENTED_EDGE('',*,*,#2802,.F.);
#1333=ORIENTED_EDGE('',*,*,#2801,.T.);
#1334=ORIENTED_EDGE('',*,*,#2803,.T.);
#1335=ORIENTED_EDGE('',*,*,#2799,.F.);
#1336=ORIENTED_EDGE('',*,*,#2804,.F.);
#1337=ORIENTED_EDGE('',*,*,#2805,.T.);
#1338=ORIENTED_EDGE('',*,*,#2806,.T.);
#1339=ORIENTED_EDGE('',*,*,#2807,.F.);
#1340=ORIENTED_EDGE('',*,*,#2808,.F.);
#1341=ORIENTED_EDGE('',*,*,#2807,.T.);
#1342=ORIENTED_EDGE('',*,*,#2809,.T.);
#1343=ORIENTED_EDGE('',*,*,#2805,.F.);
#1344=ORIENTED_EDGE('',*,*,#2810,.F.);
#1345=ORIENTED_EDGE('',*,*,#2811,.T.);
#1346=ORIENTED_EDGE('',*,*,#2812,.T.);
#1347=ORIENTED_EDGE('',*,*,#2813,.F.);
#1348=ORIENTED_EDGE('',*,*,#2814,.F.);
#1349=ORIENTED_EDGE('',*,*,#2813,.T.);
#1350=ORIENTED_EDGE('',*,*,#2815,.T.);
#1351=ORIENTED_EDGE('',*,*,#2811,.F.);
#1352=ORIENTED_EDGE('',*,*,#2816,.F.);
#1353=ORIENTED_EDGE('',*,*,#2817,.T.);
#1354=ORIENTED_EDGE('',*,*,#2818,.T.);
#1355=ORIENTED_EDGE('',*,*,#2819,.F.);
#1356=ORIENTED_EDGE('',*,*,#2820,.F.);
#1357=ORIENTED_EDGE('',*,*,#2819,.T.);
#1358=ORIENTED_EDGE('',*,*,#2821,.T.);
#1359=ORIENTED_EDGE('',*,*,#2817,.F.);
#1360=ORIENTED_EDGE('',*,*,#2822,.F.);
#1361=ORIENTED_EDGE('',*,*,#2823,.T.);
#1362=ORIENTED_EDGE('',*,*,#2824,.T.);
#1363=ORIENTED_EDGE('',*,*,#2825,.F.);
#1364=ORIENTED_EDGE('',*,*,#2826,.F.);
#1365=ORIENTED_EDGE('',*,*,#2825,.T.);
#1366=ORIENTED_EDGE('',*,*,#2827,.T.);
#1367=ORIENTED_EDGE('',*,*,#2823,.F.);
#1368=ORIENTED_EDGE('',*,*,#2828,.F.);
#1369=ORIENTED_EDGE('',*,*,#2829,.T.);
#1370=ORIENTED_EDGE('',*,*,#2830,.T.);
#1371=ORIENTED_EDGE('',*,*,#2831,.F.);
#1372=ORIENTED_EDGE('',*,*,#2832,.F.);
#1373=ORIENTED_EDGE('',*,*,#2831,.T.);
#1374=ORIENTED_EDGE('',*,*,#2833,.T.);
#1375=ORIENTED_EDGE('',*,*,#2829,.F.);
#1376=ORIENTED_EDGE('',*,*,#2830,.F.);
#1377=ORIENTED_EDGE('',*,*,#2834,.T.);
#1378=ORIENTED_EDGE('',*,*,#2827,.F.);
#1379=ORIENTED_EDGE('',*,*,#2835,.F.);
#1380=ORIENTED_EDGE('',*,*,#2833,.F.);
#1381=ORIENTED_EDGE('',*,*,#2836,.F.);
#1382=ORIENTED_EDGE('',*,*,#2773,.F.);
#1383=ORIENTED_EDGE('',*,*,#2837,.T.);
#1384=ORIENTED_EDGE('',*,*,#2824,.F.);
#1385=ORIENTED_EDGE('',*,*,#2838,.T.);
#1386=ORIENTED_EDGE('',*,*,#2821,.F.);
#1387=ORIENTED_EDGE('',*,*,#2839,.F.);
#1388=ORIENTED_EDGE('',*,*,#2818,.F.);
#1389=ORIENTED_EDGE('',*,*,#2840,.T.);
#1390=ORIENTED_EDGE('',*,*,#2815,.F.);
#1391=ORIENTED_EDGE('',*,*,#2841,.F.);
#1392=ORIENTED_EDGE('',*,*,#2812,.F.);
#1393=ORIENTED_EDGE('',*,*,#2842,.T.);
#1394=ORIENTED_EDGE('',*,*,#2809,.F.);
#1395=ORIENTED_EDGE('',*,*,#2843,.F.);
#1396=ORIENTED_EDGE('',*,*,#2806,.F.);
#1397=ORIENTED_EDGE('',*,*,#2844,.T.);
#1398=ORIENTED_EDGE('',*,*,#2803,.F.);
#1399=ORIENTED_EDGE('',*,*,#2845,.F.);
#1400=ORIENTED_EDGE('',*,*,#2800,.F.);
#1401=ORIENTED_EDGE('',*,*,#2846,.T.);
#1402=ORIENTED_EDGE('',*,*,#2797,.F.);
#1403=ORIENTED_EDGE('',*,*,#2847,.F.);
#1404=ORIENTED_EDGE('',*,*,#2794,.F.);
#1405=ORIENTED_EDGE('',*,*,#2848,.T.);
#1406=ORIENTED_EDGE('',*,*,#2791,.F.);
#1407=ORIENTED_EDGE('',*,*,#2849,.F.);
#1408=ORIENTED_EDGE('',*,*,#2788,.F.);
#1409=ORIENTED_EDGE('',*,*,#2850,.T.);
#1410=ORIENTED_EDGE('',*,*,#2785,.F.);
#1411=ORIENTED_EDGE('',*,*,#2851,.F.);
#1412=ORIENTED_EDGE('',*,*,#2782,.F.);
#1413=ORIENTED_EDGE('',*,*,#2852,.T.);
#1414=ORIENTED_EDGE('',*,*,#2779,.F.);
#1415=ORIENTED_EDGE('',*,*,#2853,.F.);
#1416=ORIENTED_EDGE('',*,*,#2776,.F.);
#1417=ORIENTED_EDGE('',*,*,#2854,.T.);
#1418=ORIENTED_EDGE('',*,*,#2770,.F.);
#1419=ORIENTED_EDGE('',*,*,#2855,.F.);
#1420=ORIENTED_EDGE('',*,*,#2856,.T.);
#1421=ORIENTED_EDGE('',*,*,#2838,.F.);
#1422=ORIENTED_EDGE('',*,*,#2834,.F.);
#1423=ORIENTED_EDGE('',*,*,#2837,.F.);
#1424=ORIENTED_EDGE('',*,*,#2854,.F.);
#1425=ORIENTED_EDGE('',*,*,#2852,.F.);
#1426=ORIENTED_EDGE('',*,*,#2850,.F.);
#1427=ORIENTED_EDGE('',*,*,#2848,.F.);
#1428=ORIENTED_EDGE('',*,*,#2846,.F.);
#1429=ORIENTED_EDGE('',*,*,#2844,.F.);
#1430=ORIENTED_EDGE('',*,*,#2842,.F.);
#1431=ORIENTED_EDGE('',*,*,#2840,.F.);
#1432=ORIENTED_EDGE('',*,*,#2857,.F.);
#1433=ORIENTED_EDGE('',*,*,#2836,.T.);
#1434=ORIENTED_EDGE('',*,*,#2835,.T.);
#1435=ORIENTED_EDGE('',*,*,#2839,.T.);
#1436=ORIENTED_EDGE('',*,*,#2841,.T.);
#1437=ORIENTED_EDGE('',*,*,#2843,.T.);
#1438=ORIENTED_EDGE('',*,*,#2845,.T.);
#1439=ORIENTED_EDGE('',*,*,#2847,.T.);
#1440=ORIENTED_EDGE('',*,*,#2849,.T.);
#1441=ORIENTED_EDGE('',*,*,#2851,.T.);
#1442=ORIENTED_EDGE('',*,*,#2853,.T.);
#1443=ORIENTED_EDGE('',*,*,#2855,.T.);
#1444=ORIENTED_EDGE('',*,*,#2858,.F.);
#1445=ORIENTED_EDGE('',*,*,#2857,.T.);
#1446=ORIENTED_EDGE('',*,*,#2828,.T.);
#1447=ORIENTED_EDGE('',*,*,#2832,.T.);
#1448=ORIENTED_EDGE('',*,*,#2822,.T.);
#1449=ORIENTED_EDGE('',*,*,#2826,.T.);
#1450=ORIENTED_EDGE('',*,*,#2816,.T.);
#1451=ORIENTED_EDGE('',*,*,#2820,.T.);
#1452=ORIENTED_EDGE('',*,*,#2810,.T.);
#1453=ORIENTED_EDGE('',*,*,#2814,.T.);
#1454=ORIENTED_EDGE('',*,*,#2804,.T.);
#1455=ORIENTED_EDGE('',*,*,#2808,.T.);
#1456=ORIENTED_EDGE('',*,*,#2798,.T.);
#1457=ORIENTED_EDGE('',*,*,#2802,.T.);
#1458=ORIENTED_EDGE('',*,*,#2792,.T.);
#1459=ORIENTED_EDGE('',*,*,#2796,.T.);
#1460=ORIENTED_EDGE('',*,*,#2786,.T.);
#1461=ORIENTED_EDGE('',*,*,#2790,.T.);
#1462=ORIENTED_EDGE('',*,*,#2780,.T.);
#1463=ORIENTED_EDGE('',*,*,#2784,.T.);
#1464=ORIENTED_EDGE('',*,*,#2774,.T.);
#1465=ORIENTED_EDGE('',*,*,#2778,.T.);
#1466=ORIENTED_EDGE('',*,*,#2768,.T.);
#1467=ORIENTED_EDGE('',*,*,#2772,.T.);
#1468=ORIENTED_EDGE('',*,*,#2858,.T.);
#1469=ORIENTED_EDGE('',*,*,#2856,.F.);
#1470=ORIENTED_EDGE('',*,*,#2859,.T.);
#1471=ORIENTED_EDGE('',*,*,#2860,.T.);
#1472=ORIENTED_EDGE('',*,*,#2861,.T.);
#1473=ORIENTED_EDGE('',*,*,#2862,.T.);
#1474=ORIENTED_EDGE('',*,*,#2863,.T.);
#1475=ORIENTED_EDGE('',*,*,#2864,.T.);
#1476=ORIENTED_EDGE('',*,*,#2865,.T.);
#1477=ORIENTED_EDGE('',*,*,#2866,.T.);
#1478=ORIENTED_EDGE('',*,*,#2867,.F.);
#1479=ORIENTED_EDGE('',*,*,#2868,.F.);
#1480=ORIENTED_EDGE('',*,*,#2869,.F.);
#1481=ORIENTED_EDGE('',*,*,#2870,.F.);
#1482=ORIENTED_EDGE('',*,*,#2871,.F.);
#1483=ORIENTED_EDGE('',*,*,#2872,.F.);
#1484=ORIENTED_EDGE('',*,*,#2873,.F.);
#1485=ORIENTED_EDGE('',*,*,#2874,.T.);
#1486=ORIENTED_EDGE('',*,*,#2875,.F.);
#1487=ORIENTED_EDGE('',*,*,#2876,.T.);
#1488=ORIENTED_EDGE('',*,*,#2877,.F.);
#1489=ORIENTED_EDGE('',*,*,#2871,.T.);
#1490=ORIENTED_EDGE('',*,*,#2878,.F.);
#1491=ORIENTED_EDGE('',*,*,#2874,.F.);
#1492=ORIENTED_EDGE('',*,*,#2879,.F.);
#1493=ORIENTED_EDGE('',*,*,#2876,.F.);
#1494=ORIENTED_EDGE('',*,*,#2880,.F.);
#1495=ORIENTED_EDGE('',*,*,#2869,.T.);
#1496=ORIENTED_EDGE('',*,*,#2860,.F.);
#1497=ORIENTED_EDGE('',*,*,#2881,.F.);
#1498=ORIENTED_EDGE('',*,*,#2882,.F.);
#1499=ORIENTED_EDGE('',*,*,#2883,.F.);
#1500=ORIENTED_EDGE('',*,*,#2884,.T.);
#1501=ORIENTED_EDGE('',*,*,#2885,.F.);
#1502=ORIENTED_EDGE('',*,*,#2886,.F.);
#1503=ORIENTED_EDGE('',*,*,#2887,.F.);
#1504=ORIENTED_EDGE('',*,*,#2888,.F.);
#1505=ORIENTED_EDGE('',*,*,#2889,.F.);
#1506=ORIENTED_EDGE('',*,*,#2890,.T.);
#1507=ORIENTED_EDGE('',*,*,#2866,.F.);
#1508=ORIENTED_EDGE('',*,*,#2891,.F.);
#1509=ORIENTED_EDGE('',*,*,#2890,.F.);
#1510=ORIENTED_EDGE('',*,*,#2892,.F.);
#1511=ORIENTED_EDGE('',*,*,#2884,.F.);
#1512=ORIENTED_EDGE('',*,*,#2861,.F.);
#1513=ORIENTED_EDGE('',*,*,#2893,.F.);
#1514=ORIENTED_EDGE('',*,*,#2894,.F.);
#1515=ORIENTED_EDGE('',*,*,#2895,.F.);
#1516=ORIENTED_EDGE('',*,*,#2896,.F.);
#1517=ORIENTED_EDGE('',*,*,#2897,.F.);
#1518=ORIENTED_EDGE('',*,*,#2898,.F.);
#1519=ORIENTED_EDGE('',*,*,#2899,.T.);
#1520=ORIENTED_EDGE('',*,*,#2900,.F.);
#1521=ORIENTED_EDGE('',*,*,#2901,.F.);
#1522=ORIENTED_EDGE('',*,*,#2902,.F.);
#1523=ORIENTED_EDGE('',*,*,#2865,.F.);
#1524=ORIENTED_EDGE('',*,*,#2903,.F.);
#1525=ORIENTED_EDGE('',*,*,#2902,.T.);
#1526=ORIENTED_EDGE('',*,*,#2904,.F.);
#1527=ORIENTED_EDGE('',*,*,#2896,.T.);
#1528=ORIENTED_EDGE('',*,*,#2905,.T.);
#1529=ORIENTED_EDGE('',*,*,#2906,.F.);
#1530=ORIENTED_EDGE('',*,*,#2907,.F.);
#1531=ORIENTED_EDGE('',*,*,#2908,.F.);
#1532=ORIENTED_EDGE('',*,*,#2909,.T.);
#1533=ORIENTED_EDGE('',*,*,#2910,.F.);
#1534=ORIENTED_EDGE('',*,*,#2911,.F.);
#1535=ORIENTED_EDGE('',*,*,#2912,.F.);
#1536=ORIENTED_EDGE('',*,*,#2913,.T.);
#1537=ORIENTED_EDGE('',*,*,#2914,.F.);
#1538=ORIENTED_EDGE('',*,*,#2915,.F.);
#1539=ORIENTED_EDGE('',*,*,#2916,.F.);
#1540=ORIENTED_EDGE('',*,*,#2917,.T.);
#1541=ORIENTED_EDGE('',*,*,#2907,.T.);
#1542=ORIENTED_EDGE('',*,*,#2918,.T.);
#1543=ORIENTED_EDGE('',*,*,#2919,.F.);
#1544=ORIENTED_EDGE('',*,*,#2920,.T.);
#1545=ORIENTED_EDGE('',*,*,#2921,.F.);
#1546=ORIENTED_EDGE('',*,*,#2922,.T.);
#1547=ORIENTED_EDGE('',*,*,#2915,.T.);
#1548=ORIENTED_EDGE('',*,*,#2923,.T.);
#1549=ORIENTED_EDGE('',*,*,#2924,.F.);
#1550=ORIENTED_EDGE('',*,*,#2925,.T.);
#1551=ORIENTED_EDGE('',*,*,#2911,.T.);
#1552=ORIENTED_EDGE('',*,*,#2926,.T.);
#1553=ORIENTED_EDGE('',*,*,#2905,.F.);
#1554=ORIENTED_EDGE('',*,*,#2927,.T.);
#1555=ORIENTED_EDGE('',*,*,#2928,.F.);
#1556=ORIENTED_EDGE('',*,*,#2927,.F.);
#1557=ORIENTED_EDGE('',*,*,#2924,.T.);
#1558=ORIENTED_EDGE('',*,*,#2929,.F.);
#1559=ORIENTED_EDGE('',*,*,#2930,.F.);
#1560=ORIENTED_EDGE('',*,*,#2931,.T.);
#1561=ORIENTED_EDGE('',*,*,#2919,.T.);
#1562=ORIENTED_EDGE('',*,*,#2932,.F.);
#1563=ORIENTED_EDGE('',*,*,#2933,.F.);
#1564=ORIENTED_EDGE('',*,*,#2934,.T.);
#1565=ORIENTED_EDGE('',*,*,#2921,.T.);
#1566=ORIENTED_EDGE('',*,*,#2935,.F.);
#1567=ORIENTED_EDGE('',*,*,#2936,.F.);
#1568=ORIENTED_EDGE('',*,*,#2937,.T.);
#1569=ORIENTED_EDGE('',*,*,#2938,.F.);
#1570=ORIENTED_EDGE('',*,*,#2938,.T.);
#1571=ORIENTED_EDGE('',*,*,#2939,.F.);
#1572=ORIENTED_EDGE('',*,*,#2940,.F.);
#1573=ORIENTED_EDGE('',*,*,#2941,.T.);
#1574=ORIENTED_EDGE('',*,*,#2909,.F.);
#1575=ORIENTED_EDGE('',*,*,#2908,.T.);
#1576=ORIENTED_EDGE('',*,*,#2920,.F.);
#1577=ORIENTED_EDGE('',*,*,#2931,.F.);
#1578=ORIENTED_EDGE('',*,*,#2942,.T.);
#1579=ORIENTED_EDGE('',*,*,#2939,.T.);
#1580=ORIENTED_EDGE('',*,*,#2910,.T.);
#1581=ORIENTED_EDGE('',*,*,#2941,.F.);
#1582=ORIENTED_EDGE('',*,*,#2943,.T.);
#1583=ORIENTED_EDGE('',*,*,#2929,.T.);
#1584=ORIENTED_EDGE('',*,*,#2926,.F.);
#1585=ORIENTED_EDGE('',*,*,#2942,.F.);
#1586=ORIENTED_EDGE('',*,*,#2930,.T.);
#1587=ORIENTED_EDGE('',*,*,#2943,.F.);
#1588=ORIENTED_EDGE('',*,*,#2940,.T.);
#1589=ORIENTED_EDGE('',*,*,#2944,.F.);
#1590=ORIENTED_EDGE('',*,*,#2945,.F.);
#1591=ORIENTED_EDGE('',*,*,#2946,.T.);
#1592=ORIENTED_EDGE('',*,*,#2913,.F.);
#1593=ORIENTED_EDGE('',*,*,#2914,.T.);
#1594=ORIENTED_EDGE('',*,*,#2946,.F.);
#1595=ORIENTED_EDGE('',*,*,#2947,.T.);
#1596=ORIENTED_EDGE('',*,*,#2935,.T.);
#1597=ORIENTED_EDGE('',*,*,#2923,.F.);
#1598=ORIENTED_EDGE('',*,*,#2912,.T.);
#1599=ORIENTED_EDGE('',*,*,#2925,.F.);
#1600=ORIENTED_EDGE('',*,*,#2937,.F.);
#1601=ORIENTED_EDGE('',*,*,#2948,.T.);
#1602=ORIENTED_EDGE('',*,*,#2944,.T.);
#1603=ORIENTED_EDGE('',*,*,#2947,.F.);
#1604=ORIENTED_EDGE('',*,*,#2945,.T.);
#1605=ORIENTED_EDGE('',*,*,#2948,.F.);
#1606=ORIENTED_EDGE('',*,*,#2936,.T.);
#1607=ORIENTED_EDGE('',*,*,#2949,.F.);
#1608=ORIENTED_EDGE('',*,*,#2950,.F.);
#1609=ORIENTED_EDGE('',*,*,#2951,.T.);
#1610=ORIENTED_EDGE('',*,*,#2917,.F.);
#1611=ORIENTED_EDGE('',*,*,#2906,.T.);
#1612=ORIENTED_EDGE('',*,*,#2951,.F.);
#1613=ORIENTED_EDGE('',*,*,#2952,.T.);
#1614=ORIENTED_EDGE('',*,*,#2932,.T.);
#1615=ORIENTED_EDGE('',*,*,#2918,.F.);
#1616=ORIENTED_EDGE('',*,*,#2916,.T.);
#1617=ORIENTED_EDGE('',*,*,#2922,.F.);
#1618=ORIENTED_EDGE('',*,*,#2934,.F.);
#1619=ORIENTED_EDGE('',*,*,#2953,.T.);
#1620=ORIENTED_EDGE('',*,*,#2949,.T.);
#1621=ORIENTED_EDGE('',*,*,#2952,.F.);
#1622=ORIENTED_EDGE('',*,*,#2950,.T.);
#1623=ORIENTED_EDGE('',*,*,#2953,.F.);
#1624=ORIENTED_EDGE('',*,*,#2933,.T.);
#1625=ORIENTED_EDGE('',*,*,#2954,.F.);
#1626=ORIENTED_EDGE('',*,*,#2928,.T.);
#1627=ORIENTED_EDGE('',*,*,#2859,.F.);
#1628=ORIENTED_EDGE('',*,*,#2955,.T.);
#1629=ORIENTED_EDGE('',*,*,#2954,.T.);
#1630=ORIENTED_EDGE('',*,*,#2955,.F.);
#1631=ORIENTED_EDGE('',*,*,#2887,.T.);
#1632=ORIENTED_EDGE('',*,*,#2956,.F.);
#1633=ORIENTED_EDGE('',*,*,#2862,.F.);
#1634=ORIENTED_EDGE('',*,*,#2957,.F.);
#1635=ORIENTED_EDGE('',*,*,#2899,.F.);
#1636=ORIENTED_EDGE('',*,*,#2864,.F.);
#1637=ORIENTED_EDGE('',*,*,#2957,.T.);
#1638=ORIENTED_EDGE('',*,*,#2956,.T.);
#1639=ORIENTED_EDGE('',*,*,#2863,.F.);
#1640=ORIENTED_EDGE('',*,*,#2872,.T.);
#1641=ORIENTED_EDGE('',*,*,#2958,.T.);
#1642=ORIENTED_EDGE('',*,*,#2897,.T.);
#1643=ORIENTED_EDGE('',*,*,#2904,.T.);
#1644=ORIENTED_EDGE('',*,*,#2901,.T.);
#1645=ORIENTED_EDGE('',*,*,#2959,.T.);
#1646=ORIENTED_EDGE('',*,*,#2885,.T.);
#1647=ORIENTED_EDGE('',*,*,#2892,.T.);
#1648=ORIENTED_EDGE('',*,*,#2889,.T.);
#1649=ORIENTED_EDGE('',*,*,#2959,.F.);
#1650=ORIENTED_EDGE('',*,*,#2888,.T.);
#1651=ORIENTED_EDGE('',*,*,#2898,.T.);
#1652=ORIENTED_EDGE('',*,*,#2958,.F.);
#1653=ORIENTED_EDGE('',*,*,#2900,.T.);
#1654=ORIENTED_EDGE('',*,*,#2886,.T.);
#1655=ORIENTED_EDGE('',*,*,#2960,.F.);
#1656=ORIENTED_EDGE('',*,*,#2867,.T.);
#1657=ORIENTED_EDGE('',*,*,#2960,.T.);
#1658=ORIENTED_EDGE('',*,*,#2961,.T.);
#1659=ORIENTED_EDGE('',*,*,#2961,.F.);
#1660=ORIENTED_EDGE('',*,*,#2870,.T.);
#1661=ORIENTED_EDGE('',*,*,#2880,.T.);
#1662=ORIENTED_EDGE('',*,*,#2875,.T.);
#1663=ORIENTED_EDGE('',*,*,#2878,.T.);
#1664=ORIENTED_EDGE('',*,*,#2962,.F.);
#1665=ORIENTED_EDGE('',*,*,#2894,.T.);
#1666=ORIENTED_EDGE('',*,*,#2962,.T.);
#1667=ORIENTED_EDGE('',*,*,#2893,.T.);
#1668=ORIENTED_EDGE('',*,*,#2903,.T.);
#1669=ORIENTED_EDGE('',*,*,#2895,.T.);
#1670=ORIENTED_EDGE('',*,*,#2963,.T.);
#1671=ORIENTED_EDGE('',*,*,#2881,.T.);
#1672=ORIENTED_EDGE('',*,*,#2891,.T.);
#1673=ORIENTED_EDGE('',*,*,#2883,.T.);
#1674=ORIENTED_EDGE('',*,*,#2963,.F.);
#1675=ORIENTED_EDGE('',*,*,#2882,.T.);
#1676=ORIENTED_EDGE('',*,*,#2964,.F.);
#1677=ORIENTED_EDGE('',*,*,#2868,.T.);
#1678=ORIENTED_EDGE('',*,*,#2877,.T.);
#1679=ORIENTED_EDGE('',*,*,#2873,.T.);
#1680=ORIENTED_EDGE('',*,*,#2879,.T.);
#1681=ORIENTED_EDGE('',*,*,#2964,.T.);
#1682=ORIENTED_EDGE('',*,*,#2965,.T.);
#1683=ORIENTED_EDGE('',*,*,#2966,.T.);
#1684=ORIENTED_EDGE('',*,*,#2967,.T.);
#1685=ORIENTED_EDGE('',*,*,#2968,.T.);
#1686=ORIENTED_EDGE('',*,*,#2969,.T.);
#1687=ORIENTED_EDGE('',*,*,#2970,.T.);
#1688=ORIENTED_EDGE('',*,*,#2971,.T.);
#1689=ORIENTED_EDGE('',*,*,#2972,.T.);
#1690=ORIENTED_EDGE('',*,*,#2973,.T.);
#1691=ORIENTED_EDGE('',*,*,#2974,.T.);
#1692=ORIENTED_EDGE('',*,*,#2975,.T.);
#1693=ORIENTED_EDGE('',*,*,#2976,.T.);
#1694=ORIENTED_EDGE('',*,*,#2977,.T.);
#1695=ORIENTED_EDGE('',*,*,#2978,.T.);
#1696=ORIENTED_EDGE('',*,*,#2979,.T.);
#1697=ORIENTED_EDGE('',*,*,#2980,.T.);
#1698=ORIENTED_EDGE('',*,*,#2981,.T.);
#1699=ORIENTED_EDGE('',*,*,#2982,.T.);
#1700=ORIENTED_EDGE('',*,*,#2983,.T.);
#1701=ORIENTED_EDGE('',*,*,#2984,.T.);
#1702=ORIENTED_EDGE('',*,*,#2985,.T.);
#1703=ORIENTED_EDGE('',*,*,#2986,.T.);
#1704=ORIENTED_EDGE('',*,*,#2987,.T.);
#1705=ORIENTED_EDGE('',*,*,#2988,.T.);
#1706=ORIENTED_EDGE('',*,*,#2989,.T.);
#1707=ORIENTED_EDGE('',*,*,#2990,.T.);
#1708=ORIENTED_EDGE('',*,*,#2991,.T.);
#1709=ORIENTED_EDGE('',*,*,#2992,.F.);
#1710=ORIENTED_EDGE('',*,*,#2993,.F.);
#1711=ORIENTED_EDGE('',*,*,#2994,.T.);
#1712=ORIENTED_EDGE('',*,*,#2995,.T.);
#1713=ORIENTED_EDGE('',*,*,#2996,.T.);
#1714=ORIENTED_EDGE('',*,*,#2997,.F.);
#1715=ORIENTED_EDGE('',*,*,#2998,.F.);
#1716=ORIENTED_EDGE('',*,*,#2999,.T.);
#1717=ORIENTED_EDGE('',*,*,#3000,.T.);
#1718=ORIENTED_EDGE('',*,*,#3001,.T.);
#1719=ORIENTED_EDGE('',*,*,#3002,.F.);
#1720=ORIENTED_EDGE('',*,*,#3003,.F.);
#1721=ORIENTED_EDGE('',*,*,#3004,.T.);
#1722=ORIENTED_EDGE('',*,*,#3005,.T.);
#1723=ORIENTED_EDGE('',*,*,#3006,.T.);
#1724=ORIENTED_EDGE('',*,*,#3007,.F.);
#1725=ORIENTED_EDGE('',*,*,#3008,.F.);
#1726=ORIENTED_EDGE('',*,*,#3009,.T.);
#1727=ORIENTED_EDGE('',*,*,#3010,.T.);
#1728=ORIENTED_EDGE('',*,*,#3011,.T.);
#1729=ORIENTED_EDGE('',*,*,#3012,.F.);
#1730=ORIENTED_EDGE('',*,*,#3013,.F.);
#1731=ORIENTED_EDGE('',*,*,#3014,.T.);
#1732=ORIENTED_EDGE('',*,*,#3015,.T.);
#1733=ORIENTED_EDGE('',*,*,#3016,.T.);
#1734=ORIENTED_EDGE('',*,*,#3017,.F.);
#1735=ORIENTED_EDGE('',*,*,#3018,.F.);
#1736=ORIENTED_EDGE('',*,*,#3019,.T.);
#1737=ORIENTED_EDGE('',*,*,#3020,.T.);
#1738=ORIENTED_EDGE('',*,*,#3021,.T.);
#1739=ORIENTED_EDGE('',*,*,#3022,.F.);
#1740=ORIENTED_EDGE('',*,*,#3023,.T.);
#1741=ORIENTED_EDGE('',*,*,#3024,.T.);
#1742=ORIENTED_EDGE('',*,*,#3025,.F.);
#1743=ORIENTED_EDGE('',*,*,#3026,.F.);
#1744=ORIENTED_EDGE('',*,*,#3027,.T.);
#1745=ORIENTED_EDGE('',*,*,#3028,.T.);
#1746=ORIENTED_EDGE('',*,*,#2988,.F.);
#1747=ORIENTED_EDGE('',*,*,#3029,.T.);
#1748=ORIENTED_EDGE('',*,*,#3030,.T.);
#1749=ORIENTED_EDGE('',*,*,#2985,.F.);
#1750=ORIENTED_EDGE('',*,*,#3031,.T.);
#1751=ORIENTED_EDGE('',*,*,#3032,.T.);
#1752=ORIENTED_EDGE('',*,*,#2982,.F.);
#1753=ORIENTED_EDGE('',*,*,#3033,.T.);
#1754=ORIENTED_EDGE('',*,*,#3034,.T.);
#1755=ORIENTED_EDGE('',*,*,#2979,.F.);
#1756=ORIENTED_EDGE('',*,*,#3035,.T.);
#1757=ORIENTED_EDGE('',*,*,#3036,.T.);
#1758=ORIENTED_EDGE('',*,*,#2976,.F.);
#1759=ORIENTED_EDGE('',*,*,#3037,.T.);
#1760=ORIENTED_EDGE('',*,*,#3038,.T.);
#1761=ORIENTED_EDGE('',*,*,#2973,.F.);
#1762=ORIENTED_EDGE('',*,*,#3039,.T.);
#1763=ORIENTED_EDGE('',*,*,#3040,.T.);
#1764=ORIENTED_EDGE('',*,*,#2970,.F.);
#1765=ORIENTED_EDGE('',*,*,#3041,.T.);
#1766=ORIENTED_EDGE('',*,*,#3042,.T.);
#1767=ORIENTED_EDGE('',*,*,#2967,.F.);
#1768=ORIENTED_EDGE('',*,*,#3043,.T.);
#1769=ORIENTED_EDGE('',*,*,#3043,.F.);
#1770=ORIENTED_EDGE('',*,*,#3044,.T.);
#1771=ORIENTED_EDGE('',*,*,#3044,.F.);
#1772=ORIENTED_EDGE('',*,*,#3045,.T.);
#1773=ORIENTED_EDGE('',*,*,#3045,.F.);
#1774=ORIENTED_EDGE('',*,*,#3046,.T.);
#1775=ORIENTED_EDGE('',*,*,#3046,.F.);
#1776=ORIENTED_EDGE('',*,*,#3047,.T.);
#1777=ORIENTED_EDGE('',*,*,#3047,.F.);
#1778=ORIENTED_EDGE('',*,*,#3025,.T.);
#1779=ORIENTED_EDGE('',*,*,#3048,.T.);
#1780=ORIENTED_EDGE('',*,*,#2965,.F.);
#1781=ORIENTED_EDGE('',*,*,#3026,.T.);
#1782=ORIENTED_EDGE('',*,*,#3048,.F.);
#1783=ORIENTED_EDGE('',*,*,#3010,.F.);
#1784=ORIENTED_EDGE('',*,*,#3015,.F.);
#1785=ORIENTED_EDGE('',*,*,#3020,.F.);
#1786=ORIENTED_EDGE('',*,*,#3049,.F.);
#1787=ORIENTED_EDGE('',*,*,#2990,.F.);
#1788=ORIENTED_EDGE('',*,*,#2995,.F.);
#1789=ORIENTED_EDGE('',*,*,#3000,.F.);
#1790=ORIENTED_EDGE('',*,*,#3005,.F.);
#1791=ORIENTED_EDGE('',*,*,#3050,.T.);
#1792=ORIENTED_EDGE('',*,*,#3051,.T.);
#1793=ORIENTED_EDGE('',*,*,#3052,.T.);
#1794=ORIENTED_EDGE('',*,*,#3023,.F.);
#1795=ORIENTED_EDGE('',*,*,#3053,.T.);
#1796=ORIENTED_EDGE('',*,*,#3054,.F.);
#1797=ORIENTED_EDGE('',*,*,#3055,.T.);
#1798=ORIENTED_EDGE('',*,*,#3056,.F.);
#1799=ORIENTED_EDGE('',*,*,#3053,.F.);
#1800=ORIENTED_EDGE('',*,*,#3022,.T.);
#1801=ORIENTED_EDGE('',*,*,#3057,.F.);
#1802=ORIENTED_EDGE('',*,*,#3058,.F.);
#1803=ORIENTED_EDGE('',*,*,#3017,.T.);
#1804=ORIENTED_EDGE('',*,*,#3059,.F.);
#1805=ORIENTED_EDGE('',*,*,#3060,.F.);
#1806=ORIENTED_EDGE('',*,*,#3012,.T.);
#1807=ORIENTED_EDGE('',*,*,#3061,.F.);
#1808=ORIENTED_EDGE('',*,*,#3062,.F.);
#1809=ORIENTED_EDGE('',*,*,#3007,.T.);
#1810=ORIENTED_EDGE('',*,*,#3063,.F.);
#1811=ORIENTED_EDGE('',*,*,#3064,.F.);
#1812=ORIENTED_EDGE('',*,*,#3002,.T.);
#1813=ORIENTED_EDGE('',*,*,#3065,.F.);
#1814=ORIENTED_EDGE('',*,*,#3066,.F.);
#1815=ORIENTED_EDGE('',*,*,#2997,.T.);
#1816=ORIENTED_EDGE('',*,*,#3067,.F.);
#1817=ORIENTED_EDGE('',*,*,#3068,.F.);
#1818=ORIENTED_EDGE('',*,*,#2992,.T.);
#1819=ORIENTED_EDGE('',*,*,#3069,.F.);
#1820=ORIENTED_EDGE('',*,*,#3070,.F.);
#1821=ORIENTED_EDGE('',*,*,#3071,.T.);
#1822=ORIENTED_EDGE('',*,*,#2987,.F.);
#1823=ORIENTED_EDGE('',*,*,#3072,.F.);
#1824=ORIENTED_EDGE('',*,*,#3051,.F.);
#1825=ORIENTED_EDGE('',*,*,#3056,.T.);
#1826=ORIENTED_EDGE('',*,*,#3071,.F.);
#1827=ORIENTED_EDGE('',*,*,#3073,.T.);
#1828=ORIENTED_EDGE('',*,*,#3074,.F.);
#1829=ORIENTED_EDGE('',*,*,#3029,.F.);
#1830=ORIENTED_EDGE('',*,*,#3075,.F.);
#1831=ORIENTED_EDGE('',*,*,#3076,.T.);
#1832=ORIENTED_EDGE('',*,*,#3049,.T.);
#1833=ORIENTED_EDGE('',*,*,#3073,.F.);
#1834=ORIENTED_EDGE('',*,*,#3055,.F.);
#1835=ORIENTED_EDGE('',*,*,#3050,.F.);
#1836=ORIENTED_EDGE('',*,*,#3070,.T.);
#1837=ORIENTED_EDGE('',*,*,#3077,.T.);
#1838=ORIENTED_EDGE('',*,*,#3078,.T.);
#1839=ORIENTED_EDGE('',*,*,#3018,.T.);
#1840=ORIENTED_EDGE('',*,*,#3058,.T.);
#1841=ORIENTED_EDGE('',*,*,#3079,.T.);
#1842=ORIENTED_EDGE('',*,*,#2984,.F.);
#1843=ORIENTED_EDGE('',*,*,#3080,.F.);
#1844=ORIENTED_EDGE('',*,*,#3077,.F.);
#1845=ORIENTED_EDGE('',*,*,#3057,.T.);
#1846=ORIENTED_EDGE('',*,*,#3021,.F.);
#1847=ORIENTED_EDGE('',*,*,#3081,.F.);
#1848=ORIENTED_EDGE('',*,*,#3031,.F.);
#1849=ORIENTED_EDGE('',*,*,#3079,.F.);
#1850=ORIENTED_EDGE('',*,*,#3082,.T.);
#1851=ORIENTED_EDGE('',*,*,#3083,.T.);
#1852=ORIENTED_EDGE('',*,*,#3013,.T.);
#1853=ORIENTED_EDGE('',*,*,#3060,.T.);
#1854=ORIENTED_EDGE('',*,*,#3084,.T.);
#1855=ORIENTED_EDGE('',*,*,#2981,.F.);
#1856=ORIENTED_EDGE('',*,*,#3085,.F.);
#1857=ORIENTED_EDGE('',*,*,#3082,.F.);
#1858=ORIENTED_EDGE('',*,*,#3059,.T.);
#1859=ORIENTED_EDGE('',*,*,#3016,.F.);
#1860=ORIENTED_EDGE('',*,*,#3086,.F.);
#1861=ORIENTED_EDGE('',*,*,#3033,.F.);
#1862=ORIENTED_EDGE('',*,*,#3084,.F.);
#1863=ORIENTED_EDGE('',*,*,#3087,.T.);
#1864=ORIENTED_EDGE('',*,*,#3088,.T.);
#1865=ORIENTED_EDGE('',*,*,#3008,.T.);
#1866=ORIENTED_EDGE('',*,*,#3062,.T.);
#1867=ORIENTED_EDGE('',*,*,#3089,.T.);
#1868=ORIENTED_EDGE('',*,*,#2978,.F.);
#1869=ORIENTED_EDGE('',*,*,#3090,.F.);
#1870=ORIENTED_EDGE('',*,*,#3087,.F.);
#1871=ORIENTED_EDGE('',*,*,#3061,.T.);
#1872=ORIENTED_EDGE('',*,*,#3011,.F.);
#1873=ORIENTED_EDGE('',*,*,#3091,.F.);
#1874=ORIENTED_EDGE('',*,*,#3035,.F.);
#1875=ORIENTED_EDGE('',*,*,#3089,.F.);
#1876=ORIENTED_EDGE('',*,*,#3092,.T.);
#1877=ORIENTED_EDGE('',*,*,#3093,.T.);
#1878=ORIENTED_EDGE('',*,*,#3003,.T.);
#1879=ORIENTED_EDGE('',*,*,#3064,.T.);
#1880=ORIENTED_EDGE('',*,*,#3094,.T.);
#1881=ORIENTED_EDGE('',*,*,#2975,.F.);
#1882=ORIENTED_EDGE('',*,*,#3095,.F.);
#1883=ORIENTED_EDGE('',*,*,#3092,.F.);
#1884=ORIENTED_EDGE('',*,*,#3063,.T.);
#1885=ORIENTED_EDGE('',*,*,#3006,.F.);
#1886=ORIENTED_EDGE('',*,*,#3096,.F.);
#1887=ORIENTED_EDGE('',*,*,#3037,.F.);
#1888=ORIENTED_EDGE('',*,*,#3094,.F.);
#1889=ORIENTED_EDGE('',*,*,#3097,.T.);
#1890=ORIENTED_EDGE('',*,*,#3098,.T.);
#1891=ORIENTED_EDGE('',*,*,#2998,.T.);
#1892=ORIENTED_EDGE('',*,*,#3066,.T.);
#1893=ORIENTED_EDGE('',*,*,#3099,.T.);
#1894=ORIENTED_EDGE('',*,*,#2972,.F.);
#1895=ORIENTED_EDGE('',*,*,#3100,.F.);
#1896=ORIENTED_EDGE('',*,*,#3097,.F.);
#1897=ORIENTED_EDGE('',*,*,#3065,.T.);
#1898=ORIENTED_EDGE('',*,*,#3001,.F.);
#1899=ORIENTED_EDGE('',*,*,#3101,.F.);
#1900=ORIENTED_EDGE('',*,*,#3039,.F.);
#1901=ORIENTED_EDGE('',*,*,#3099,.F.);
#1902=ORIENTED_EDGE('',*,*,#3102,.T.);
#1903=ORIENTED_EDGE('',*,*,#3103,.T.);
#1904=ORIENTED_EDGE('',*,*,#2993,.T.);
#1905=ORIENTED_EDGE('',*,*,#3068,.T.);
#1906=ORIENTED_EDGE('',*,*,#3104,.T.);
#1907=ORIENTED_EDGE('',*,*,#2969,.F.);
#1908=ORIENTED_EDGE('',*,*,#3105,.F.);
#1909=ORIENTED_EDGE('',*,*,#3102,.F.);
#1910=ORIENTED_EDGE('',*,*,#3067,.T.);
#1911=ORIENTED_EDGE('',*,*,#2996,.F.);
#1912=ORIENTED_EDGE('',*,*,#3106,.F.);
#1913=ORIENTED_EDGE('',*,*,#3041,.F.);
#1914=ORIENTED_EDGE('',*,*,#3104,.F.);
#1915=ORIENTED_EDGE('',*,*,#3107,.T.);
#1916=ORIENTED_EDGE('',*,*,#3108,.T.);
#1917=ORIENTED_EDGE('',*,*,#3075,.T.);
#1918=ORIENTED_EDGE('',*,*,#3054,.T.);
#1919=ORIENTED_EDGE('',*,*,#3109,.T.);
#1920=ORIENTED_EDGE('',*,*,#2966,.F.);
#1921=ORIENTED_EDGE('',*,*,#3110,.F.);
#1922=ORIENTED_EDGE('',*,*,#3107,.F.);
#1923=ORIENTED_EDGE('',*,*,#3069,.T.);
#1924=ORIENTED_EDGE('',*,*,#2991,.F.);
#1925=ORIENTED_EDGE('',*,*,#3111,.F.);
#1926=ORIENTED_EDGE('',*,*,#3027,.F.);
#1927=ORIENTED_EDGE('',*,*,#3109,.F.);
#1928=ORIENTED_EDGE('',*,*,#3034,.F.);
#1929=ORIENTED_EDGE('',*,*,#3086,.T.);
#1930=ORIENTED_EDGE('',*,*,#3014,.F.);
#1931=ORIENTED_EDGE('',*,*,#3083,.F.);
#1932=ORIENTED_EDGE('',*,*,#3085,.T.);
#1933=ORIENTED_EDGE('',*,*,#2980,.F.);
#1934=ORIENTED_EDGE('',*,*,#3036,.F.);
#1935=ORIENTED_EDGE('',*,*,#3091,.T.);
#1936=ORIENTED_EDGE('',*,*,#3009,.F.);
#1937=ORIENTED_EDGE('',*,*,#3088,.F.);
#1938=ORIENTED_EDGE('',*,*,#3090,.T.);
#1939=ORIENTED_EDGE('',*,*,#2977,.F.);
#1940=ORIENTED_EDGE('',*,*,#3038,.F.);
#1941=ORIENTED_EDGE('',*,*,#3096,.T.);
#1942=ORIENTED_EDGE('',*,*,#3004,.F.);
#1943=ORIENTED_EDGE('',*,*,#3093,.F.);
#1944=ORIENTED_EDGE('',*,*,#3095,.T.);
#1945=ORIENTED_EDGE('',*,*,#2974,.F.);
#1946=ORIENTED_EDGE('',*,*,#3040,.F.);
#1947=ORIENTED_EDGE('',*,*,#3101,.T.);
#1948=ORIENTED_EDGE('',*,*,#2999,.F.);
#1949=ORIENTED_EDGE('',*,*,#3098,.F.);
#1950=ORIENTED_EDGE('',*,*,#3100,.T.);
#1951=ORIENTED_EDGE('',*,*,#2971,.F.);
#1952=ORIENTED_EDGE('',*,*,#3042,.F.);
#1953=ORIENTED_EDGE('',*,*,#3106,.T.);
#1954=ORIENTED_EDGE('',*,*,#2994,.F.);
#1955=ORIENTED_EDGE('',*,*,#3103,.F.);
#1956=ORIENTED_EDGE('',*,*,#3105,.T.);
#1957=ORIENTED_EDGE('',*,*,#2968,.F.);
#1958=ORIENTED_EDGE('',*,*,#3028,.F.);
#1959=ORIENTED_EDGE('',*,*,#3111,.T.);
#1960=ORIENTED_EDGE('',*,*,#3076,.F.);
#1961=ORIENTED_EDGE('',*,*,#3108,.F.);
#1962=ORIENTED_EDGE('',*,*,#3110,.T.);
#1963=ORIENTED_EDGE('',*,*,#2989,.F.);
#1964=ORIENTED_EDGE('',*,*,#3030,.F.);
#1965=ORIENTED_EDGE('',*,*,#3074,.T.);
#1966=ORIENTED_EDGE('',*,*,#3024,.F.);
#1967=ORIENTED_EDGE('',*,*,#3052,.F.);
#1968=ORIENTED_EDGE('',*,*,#3072,.T.);
#1969=ORIENTED_EDGE('',*,*,#2986,.F.);
#1970=ORIENTED_EDGE('',*,*,#3032,.F.);
#1971=ORIENTED_EDGE('',*,*,#3081,.T.);
#1972=ORIENTED_EDGE('',*,*,#3019,.F.);
#1973=ORIENTED_EDGE('',*,*,#3078,.F.);
#1974=ORIENTED_EDGE('',*,*,#3080,.T.);
#1975=ORIENTED_EDGE('',*,*,#2983,.F.);
#1976=ORIENTED_EDGE('',*,*,#3112,.F.);
#1977=ORIENTED_EDGE('',*,*,#3113,.T.);
#1978=ORIENTED_EDGE('',*,*,#3114,.F.);
#1979=ORIENTED_EDGE('',*,*,#3115,.F.);
#1980=ORIENTED_EDGE('',*,*,#3116,.F.);
#1981=ORIENTED_EDGE('',*,*,#3117,.T.);
#1982=ORIENTED_EDGE('',*,*,#3118,.T.);
#1983=ORIENTED_EDGE('',*,*,#3119,.F.);
#1984=ORIENTED_EDGE('',*,*,#3120,.F.);
#1985=ORIENTED_EDGE('',*,*,#3121,.T.);
#1986=ORIENTED_EDGE('',*,*,#3115,.T.);
#1987=ORIENTED_EDGE('',*,*,#3122,.F.);
#1988=ORIENTED_EDGE('',*,*,#3123,.F.);
#1989=ORIENTED_EDGE('',*,*,#3124,.T.);
#1990=ORIENTED_EDGE('',*,*,#3125,.F.);
#1991=ORIENTED_EDGE('',*,*,#3126,.F.);
#1992=ORIENTED_EDGE('',*,*,#3123,.T.);
#1993=ORIENTED_EDGE('',*,*,#3127,.T.);
#1994=ORIENTED_EDGE('',*,*,#3128,.T.);
#1995=ORIENTED_EDGE('',*,*,#3129,.T.);
#1996=ORIENTED_EDGE('',*,*,#3124,.F.);
#1997=ORIENTED_EDGE('',*,*,#3126,.T.);
#1998=ORIENTED_EDGE('',*,*,#3130,.F.);
#1999=ORIENTED_EDGE('',*,*,#3127,.F.);
#2000=ORIENTED_EDGE('',*,*,#3122,.T.);
#2001=ORIENTED_EDGE('',*,*,#3114,.T.);
#2002=ORIENTED_EDGE('',*,*,#3113,.F.);
#2003=ORIENTED_EDGE('',*,*,#3131,.T.);
#2004=ORIENTED_EDGE('',*,*,#3132,.F.);
#2005=ORIENTED_EDGE('',*,*,#3128,.F.);
#2006=ORIENTED_EDGE('',*,*,#3125,.T.);
#2007=ORIENTED_EDGE('',*,*,#3130,.T.);
#2008=ORIENTED_EDGE('',*,*,#3112,.T.);
#2009=ORIENTED_EDGE('',*,*,#3121,.F.);
#2010=ORIENTED_EDGE('',*,*,#3133,.F.);
#2011=ORIENTED_EDGE('',*,*,#3131,.F.);
#2012=ORIENTED_EDGE('',*,*,#3132,.T.);
#2013=ORIENTED_EDGE('',*,*,#3133,.T.);
#2014=ORIENTED_EDGE('',*,*,#3120,.T.);
#2015=ORIENTED_EDGE('',*,*,#3129,.F.);
#2016=ORIENTED_EDGE('',*,*,#3118,.F.);
#2017=ORIENTED_EDGE('',*,*,#3134,.T.);
#2018=ORIENTED_EDGE('',*,*,#3135,.T.);
#2019=ORIENTED_EDGE('',*,*,#3136,.T.);
#2020=ORIENTED_EDGE('',*,*,#3137,.T.);
#2021=ORIENTED_EDGE('',*,*,#3138,.T.);
#2022=ORIENTED_EDGE('',*,*,#3139,.T.);
#2023=ORIENTED_EDGE('',*,*,#3140,.F.);
#2024=ORIENTED_EDGE('',*,*,#3141,.T.);
#2025=ORIENTED_EDGE('',*,*,#3142,.F.);
#2026=ORIENTED_EDGE('',*,*,#3117,.F.);
#2027=ORIENTED_EDGE('',*,*,#3143,.T.);
#2028=ORIENTED_EDGE('',*,*,#3144,.T.);
#2029=ORIENTED_EDGE('',*,*,#3134,.F.);
#2030=ORIENTED_EDGE('',*,*,#3145,.F.);
#2031=ORIENTED_EDGE('',*,*,#3119,.T.);
#2032=ORIENTED_EDGE('',*,*,#3142,.T.);
#2033=ORIENTED_EDGE('',*,*,#3146,.F.);
#2034=ORIENTED_EDGE('',*,*,#3143,.F.);
#2035=ORIENTED_EDGE('',*,*,#3116,.T.);
#2036=ORIENTED_EDGE('',*,*,#3145,.T.);
#2037=ORIENTED_EDGE('',*,*,#3147,.F.);
#2038=ORIENTED_EDGE('',*,*,#3147,.T.);
#2039=ORIENTED_EDGE('',*,*,#3146,.T.);
#2040=ORIENTED_EDGE('',*,*,#3141,.F.);
#2041=ORIENTED_EDGE('',*,*,#3148,.T.);
#2042=ORIENTED_EDGE('',*,*,#3149,.T.);
#2043=ORIENTED_EDGE('',*,*,#3150,.F.);
#2044=ORIENTED_EDGE('',*,*,#3135,.F.);
#2045=ORIENTED_EDGE('',*,*,#3144,.F.);
#2046=ORIENTED_EDGE('',*,*,#3151,.T.);
#2047=ORIENTED_EDGE('',*,*,#3152,.T.);
#2048=ORIENTED_EDGE('',*,*,#3153,.F.);
#2049=ORIENTED_EDGE('',*,*,#3148,.F.);
#2050=ORIENTED_EDGE('',*,*,#3140,.T.);
#2051=ORIENTED_EDGE('',*,*,#3154,.T.);
#2052=ORIENTED_EDGE('',*,*,#3155,.T.);
#2053=ORIENTED_EDGE('',*,*,#3156,.T.);
#2054=ORIENTED_EDGE('',*,*,#3136,.F.);
#2055=ORIENTED_EDGE('',*,*,#3150,.T.);
#2056=ORIENTED_EDGE('',*,*,#3157,.T.);
#2057=ORIENTED_EDGE('',*,*,#3158,.T.);
#2058=ORIENTED_EDGE('',*,*,#3159,.F.);
#2059=ORIENTED_EDGE('',*,*,#3160,.T.);
#2060=ORIENTED_EDGE('',*,*,#3159,.T.);
#2061=ORIENTED_EDGE('',*,*,#3161,.T.);
#2062=ORIENTED_EDGE('',*,*,#3151,.F.);
#2063=ORIENTED_EDGE('',*,*,#3162,.T.);
#2064=ORIENTED_EDGE('',*,*,#3153,.T.);
#2065=ORIENTED_EDGE('',*,*,#3163,.T.);
#2066=ORIENTED_EDGE('',*,*,#3164,.T.);
#2067=ORIENTED_EDGE('',*,*,#3165,.T.);
#2068=ORIENTED_EDGE('',*,*,#3155,.F.);
#2069=ORIENTED_EDGE('',*,*,#3149,.F.);
#2070=ORIENTED_EDGE('',*,*,#3165,.F.);
#2071=ORIENTED_EDGE('',*,*,#3166,.T.);
#2072=ORIENTED_EDGE('',*,*,#3137,.F.);
#2073=ORIENTED_EDGE('',*,*,#3156,.F.);
#2074=ORIENTED_EDGE('',*,*,#3164,.F.);
#2075=ORIENTED_EDGE('',*,*,#3167,.T.);
#2076=ORIENTED_EDGE('',*,*,#3157,.F.);
#2077=ORIENTED_EDGE('',*,*,#3168,.T.);
#2078=ORIENTED_EDGE('',*,*,#3138,.F.);
#2079=ORIENTED_EDGE('',*,*,#3166,.F.);
#2080=ORIENTED_EDGE('',*,*,#3167,.F.);
#2081=ORIENTED_EDGE('',*,*,#3163,.F.);
#2082=ORIENTED_EDGE('',*,*,#3152,.F.);
#2083=ORIENTED_EDGE('',*,*,#3161,.F.);
#2084=ORIENTED_EDGE('',*,*,#3158,.F.);
#2085=ORIENTED_EDGE('',*,*,#3160,.F.);
#2086=ORIENTED_EDGE('',*,*,#3162,.F.);
#2087=ORIENTED_EDGE('',*,*,#3154,.F.);
#2088=ORIENTED_EDGE('',*,*,#3139,.F.);
#2089=ORIENTED_EDGE('',*,*,#3168,.F.);
#2090=ORIENTED_EDGE('',*,*,#3169,.F.);
#2091=ORIENTED_EDGE('',*,*,#3170,.T.);
#2092=ORIENTED_EDGE('',*,*,#3171,.F.);
#2093=ORIENTED_EDGE('',*,*,#3172,.T.);
#2094=ORIENTED_EDGE('',*,*,#3173,.F.);
#2095=ORIENTED_EDGE('',*,*,#3174,.F.);
#2096=ORIENTED_EDGE('',*,*,#3175,.F.);
#2097=ORIENTED_EDGE('',*,*,#3176,.F.);
#2098=ORIENTED_EDGE('',*,*,#3177,.F.);
#2099=ORIENTED_EDGE('',*,*,#3178,.T.);
#2100=ORIENTED_EDGE('',*,*,#3179,.T.);
#2101=ORIENTED_EDGE('',*,*,#3180,.F.);
#2102=ORIENTED_EDGE('',*,*,#3181,.F.);
#2103=ORIENTED_EDGE('',*,*,#3182,.F.);
#2104=ORIENTED_EDGE('',*,*,#3183,.F.);
#2105=ORIENTED_EDGE('',*,*,#3184,.T.);
#2106=ORIENTED_EDGE('',*,*,#3185,.F.);
#2107=ORIENTED_EDGE('',*,*,#3186,.T.);
#2108=ORIENTED_EDGE('',*,*,#3187,.F.);
#2109=ORIENTED_EDGE('',*,*,#3188,.F.);
#2110=ORIENTED_EDGE('',*,*,#3189,.F.);
#2111=ORIENTED_EDGE('',*,*,#3190,.F.);
#2112=ORIENTED_EDGE('',*,*,#3191,.F.);
#2113=ORIENTED_EDGE('',*,*,#3192,.T.);
#2114=ORIENTED_EDGE('',*,*,#3193,.F.);
#2115=ORIENTED_EDGE('',*,*,#3194,.T.);
#2116=ORIENTED_EDGE('',*,*,#3195,.F.);
#2117=ORIENTED_EDGE('',*,*,#3196,.T.);
#2118=ORIENTED_EDGE('',*,*,#3197,.F.);
#2119=ORIENTED_EDGE('',*,*,#3198,.F.);
#2120=ORIENTED_EDGE('',*,*,#3199,.F.);
#2121=ORIENTED_EDGE('',*,*,#3200,.T.);
#2122=ORIENTED_EDGE('',*,*,#3201,.T.);
#2123=ORIENTED_EDGE('',*,*,#3202,.T.);
#2124=ORIENTED_EDGE('',*,*,#3203,.F.);
#2125=ORIENTED_EDGE('',*,*,#3204,.F.);
#2126=ORIENTED_EDGE('',*,*,#3205,.T.);
#2127=ORIENTED_EDGE('',*,*,#3206,.F.);
#2128=ORIENTED_EDGE('',*,*,#3207,.T.);
#2129=ORIENTED_EDGE('',*,*,#3208,.T.);
#2130=ORIENTED_EDGE('',*,*,#3209,.F.);
#2131=ORIENTED_EDGE('',*,*,#3210,.T.);
#2132=ORIENTED_EDGE('',*,*,#3211,.T.);
#2133=ORIENTED_EDGE('',*,*,#3212,.T.);
#2134=ORIENTED_EDGE('',*,*,#3213,.T.);
#2135=ORIENTED_EDGE('',*,*,#3214,.T.);
#2136=ORIENTED_EDGE('',*,*,#3215,.T.);
#2137=ORIENTED_EDGE('',*,*,#3216,.T.);
#2138=ORIENTED_EDGE('',*,*,#3217,.T.);
#2139=ORIENTED_EDGE('',*,*,#3218,.F.);
#2140=ORIENTED_EDGE('',*,*,#3219,.T.);
#2141=ORIENTED_EDGE('',*,*,#3220,.F.);
#2142=ORIENTED_EDGE('',*,*,#3221,.T.);
#2143=ORIENTED_EDGE('',*,*,#3222,.F.);
#2144=ORIENTED_EDGE('',*,*,#3223,.T.);
#2145=ORIENTED_EDGE('',*,*,#3224,.T.);
#2146=ORIENTED_EDGE('',*,*,#3225,.F.);
#2147=ORIENTED_EDGE('',*,*,#3226,.T.);
#2148=ORIENTED_EDGE('',*,*,#3227,.T.);
#2149=ORIENTED_EDGE('',*,*,#3228,.T.);
#2150=ORIENTED_EDGE('',*,*,#3229,.T.);
#2151=ORIENTED_EDGE('',*,*,#3230,.F.);
#2152=ORIENTED_EDGE('',*,*,#3231,.T.);
#2153=ORIENTED_EDGE('',*,*,#3232,.T.);
#2154=ORIENTED_EDGE('',*,*,#3233,.F.);
#2155=ORIENTED_EDGE('',*,*,#3234,.T.);
#2156=ORIENTED_EDGE('',*,*,#3235,.F.);
#2157=ORIENTED_EDGE('',*,*,#3200,.F.);
#2158=ORIENTED_EDGE('',*,*,#3236,.F.);
#2159=ORIENTED_EDGE('',*,*,#3237,.T.);
#2160=ORIENTED_EDGE('',*,*,#3238,.F.);
#2161=ORIENTED_EDGE('',*,*,#3186,.F.);
#2162=ORIENTED_EDGE('',*,*,#3239,.T.);
#2163=ORIENTED_EDGE('',*,*,#3184,.F.);
#2164=ORIENTED_EDGE('',*,*,#3240,.F.);
#2165=ORIENTED_EDGE('',*,*,#3172,.F.);
#2166=ORIENTED_EDGE('',*,*,#3241,.T.);
#2167=ORIENTED_EDGE('',*,*,#3170,.F.);
#2168=ORIENTED_EDGE('',*,*,#3242,.F.);
#2169=ORIENTED_EDGE('',*,*,#3243,.T.);
#2170=ORIENTED_EDGE('',*,*,#3244,.T.);
#2171=ORIENTED_EDGE('',*,*,#3245,.F.);
#2172=ORIENTED_EDGE('',*,*,#3246,.F.);
#2173=ORIENTED_EDGE('',*,*,#3247,.F.);
#2174=ORIENTED_EDGE('',*,*,#3248,.T.);
#2175=ORIENTED_EDGE('',*,*,#3249,.T.);
#2176=ORIENTED_EDGE('',*,*,#3250,.T.);
#2177=ORIENTED_EDGE('',*,*,#3251,.F.);
#2178=ORIENTED_EDGE('',*,*,#3252,.T.);
#2179=ORIENTED_EDGE('',*,*,#3175,.T.);
#2180=ORIENTED_EDGE('',*,*,#3248,.F.);
#2181=ORIENTED_EDGE('',*,*,#3253,.F.);
#2182=ORIENTED_EDGE('',*,*,#3254,.T.);
#2183=ORIENTED_EDGE('',*,*,#3245,.T.);
#2184=ORIENTED_EDGE('',*,*,#3255,.T.);
#2185=ORIENTED_EDGE('',*,*,#3256,.F.);
#2186=ORIENTED_EDGE('',*,*,#3178,.F.);
#2187=ORIENTED_EDGE('',*,*,#3257,.T.);
#2188=ORIENTED_EDGE('',*,*,#3253,.T.);
#2189=ORIENTED_EDGE('',*,*,#3177,.T.);
#2190=ORIENTED_EDGE('',*,*,#3258,.F.);
#2191=ORIENTED_EDGE('',*,*,#3246,.T.);
#2192=ORIENTED_EDGE('',*,*,#3259,.T.);
#2193=ORIENTED_EDGE('',*,*,#3260,.T.);
#2194=ORIENTED_EDGE('',*,*,#3261,.T.);
#2195=ORIENTED_EDGE('',*,*,#3262,.T.);
#2196=ORIENTED_EDGE('',*,*,#3263,.T.);
#2197=ORIENTED_EDGE('',*,*,#3264,.T.);
#2198=ORIENTED_EDGE('',*,*,#3265,.T.);
#2199=ORIENTED_EDGE('',*,*,#3266,.T.);
#2200=ORIENTED_EDGE('',*,*,#3267,.F.);
#2201=ORIENTED_EDGE('',*,*,#3268,.T.);
#2202=ORIENTED_EDGE('',*,*,#3269,.F.);
#2203=ORIENTED_EDGE('',*,*,#3262,.F.);
#2204=ORIENTED_EDGE('',*,*,#3270,.F.);
#2205=ORIENTED_EDGE('',*,*,#3271,.F.);
#2206=ORIENTED_EDGE('',*,*,#3272,.F.);
#2207=ORIENTED_EDGE('',*,*,#3266,.F.);
#2208=ORIENTED_EDGE('',*,*,#3273,.F.);
#2209=ORIENTED_EDGE('',*,*,#3173,.T.);
#2210=ORIENTED_EDGE('',*,*,#3240,.T.);
#2211=ORIENTED_EDGE('',*,*,#3183,.T.);
#2212=ORIENTED_EDGE('',*,*,#3250,.F.);
#2213=ORIENTED_EDGE('',*,*,#3274,.T.);
#2214=ORIENTED_EDGE('',*,*,#3275,.F.);
#2215=ORIENTED_EDGE('',*,*,#3276,.F.);
#2216=ORIENTED_EDGE('',*,*,#3277,.F.);
#2217=ORIENTED_EDGE('',*,*,#3270,.T.);
#2218=ORIENTED_EDGE('',*,*,#3261,.F.);
#2219=ORIENTED_EDGE('',*,*,#3278,.T.);
#2220=ORIENTED_EDGE('',*,*,#3259,.F.);
#2221=ORIENTED_EDGE('',*,*,#3272,.T.);
#2222=ORIENTED_EDGE('',*,*,#3279,.T.);
#2223=ORIENTED_EDGE('',*,*,#3280,.F.);
#2224=ORIENTED_EDGE('',*,*,#3281,.T.);
#2225=ORIENTED_EDGE('',*,*,#3282,.T.);
#2226=ORIENTED_EDGE('',*,*,#3283,.T.);
#2227=ORIENTED_EDGE('',*,*,#3284,.T.);
#2228=ORIENTED_EDGE('',*,*,#3285,.T.);
#2229=ORIENTED_EDGE('',*,*,#3286,.T.);
#2230=ORIENTED_EDGE('',*,*,#3271,.T.);
#2231=ORIENTED_EDGE('',*,*,#3239,.F.);
#2232=ORIENTED_EDGE('',*,*,#3185,.T.);
#2233=ORIENTED_EDGE('',*,*,#3241,.F.);
#2234=ORIENTED_EDGE('',*,*,#3171,.T.);
#2235=ORIENTED_EDGE('',*,*,#3284,.F.);
#2236=ORIENTED_EDGE('',*,*,#3277,.T.);
#2237=ORIENTED_EDGE('',*,*,#3286,.F.);
#2238=ORIENTED_EDGE('',*,*,#3287,.T.);
#2239=ORIENTED_EDGE('',*,*,#3288,.T.);
#2240=ORIENTED_EDGE('',*,*,#3289,.T.);
#2241=ORIENTED_EDGE('',*,*,#3290,.T.);
#2242=ORIENTED_EDGE('',*,*,#3291,.T.);
#2243=ORIENTED_EDGE('',*,*,#3292,.F.);
#2244=ORIENTED_EDGE('',*,*,#3285,.F.);
#2245=ORIENTED_EDGE('',*,*,#3288,.F.);
#2246=ORIENTED_EDGE('',*,*,#3293,.T.);
#2247=ORIENTED_EDGE('',*,*,#3294,.F.);
#2248=ORIENTED_EDGE('',*,*,#3292,.T.);
#2249=ORIENTED_EDGE('',*,*,#3294,.T.);
#2250=ORIENTED_EDGE('',*,*,#3295,.T.);
#2251=ORIENTED_EDGE('',*,*,#3251,.T.);
#2252=ORIENTED_EDGE('',*,*,#3276,.T.);
#2253=ORIENTED_EDGE('',*,*,#3296,.F.);
#2254=ORIENTED_EDGE('',*,*,#3243,.F.);
#2255=ORIENTED_EDGE('',*,*,#3297,.F.);
#2256=ORIENTED_EDGE('',*,*,#3298,.T.);
#2257=ORIENTED_EDGE('',*,*,#3180,.T.);
#2258=ORIENTED_EDGE('',*,*,#3299,.F.);
#2259=ORIENTED_EDGE('',*,*,#3255,.F.);
#2260=ORIENTED_EDGE('',*,*,#3244,.F.);
#2261=ORIENTED_EDGE('',*,*,#3296,.T.);
#2262=ORIENTED_EDGE('',*,*,#3275,.T.);
#2263=ORIENTED_EDGE('',*,*,#3174,.T.);
#2264=ORIENTED_EDGE('',*,*,#3273,.T.);
#2265=ORIENTED_EDGE('',*,*,#3182,.T.);
#2266=ORIENTED_EDGE('',*,*,#3297,.T.);
#2267=ORIENTED_EDGE('',*,*,#3274,.F.);
#2268=ORIENTED_EDGE('',*,*,#3249,.F.);
#2269=ORIENTED_EDGE('',*,*,#3300,.F.);
#2270=ORIENTED_EDGE('',*,*,#3190,.T.);
#2271=ORIENTED_EDGE('',*,*,#3301,.T.);
#2272=ORIENTED_EDGE('',*,*,#3264,.F.);
#2273=ORIENTED_EDGE('',*,*,#3189,.T.);
#2274=ORIENTED_EDGE('',*,*,#3302,.T.);
#2275=ORIENTED_EDGE('',*,*,#3267,.T.);
#2276=ORIENTED_EDGE('',*,*,#3265,.F.);
#2277=ORIENTED_EDGE('',*,*,#3301,.F.);
#2278=ORIENTED_EDGE('',*,*,#3303,.T.);
#2279=ORIENTED_EDGE('',*,*,#3268,.F.);
#2280=ORIENTED_EDGE('',*,*,#3302,.F.);
#2281=ORIENTED_EDGE('',*,*,#3192,.F.);
#2282=ORIENTED_EDGE('',*,*,#3191,.T.);
#2283=ORIENTED_EDGE('',*,*,#3300,.T.);
#2284=ORIENTED_EDGE('',*,*,#3263,.F.);
#2285=ORIENTED_EDGE('',*,*,#3269,.T.);
#2286=ORIENTED_EDGE('',*,*,#3303,.F.);
#2287=ORIENTED_EDGE('',*,*,#3179,.F.);
#2288=ORIENTED_EDGE('',*,*,#3256,.T.);
#2289=ORIENTED_EDGE('',*,*,#3299,.T.);
#2290=ORIENTED_EDGE('',*,*,#3298,.F.);
#2291=ORIENTED_EDGE('',*,*,#3181,.T.);
#2292=ORIENTED_EDGE('',*,*,#3242,.T.);
#2293=ORIENTED_EDGE('',*,*,#3254,.F.);
#2294=ORIENTED_EDGE('',*,*,#3257,.F.);
#2295=ORIENTED_EDGE('',*,*,#3295,.F.);
#2296=ORIENTED_EDGE('',*,*,#3247,.T.);
#2297=ORIENTED_EDGE('',*,*,#3258,.T.);
#2298=ORIENTED_EDGE('',*,*,#3176,.T.);
#2299=ORIENTED_EDGE('',*,*,#3252,.F.);
#2300=ORIENTED_EDGE('',*,*,#3188,.T.);
#2301=ORIENTED_EDGE('',*,*,#3304,.T.);
#2302=ORIENTED_EDGE('',*,*,#3305,.F.);
#2303=ORIENTED_EDGE('',*,*,#3306,.F.);
#2304=ORIENTED_EDGE('',*,*,#3307,.F.);
#2305=ORIENTED_EDGE('',*,*,#3308,.T.);
#2306=ORIENTED_EDGE('',*,*,#3236,.T.);
#2307=ORIENTED_EDGE('',*,*,#3169,.T.);
#2308=ORIENTED_EDGE('',*,*,#3306,.T.);
#2309=ORIENTED_EDGE('',*,*,#3309,.F.);
#2310=ORIENTED_EDGE('',*,*,#3281,.F.);
#2311=ORIENTED_EDGE('',*,*,#3310,.F.);
#2312=ORIENTED_EDGE('',*,*,#3304,.F.);
#2313=ORIENTED_EDGE('',*,*,#3187,.T.);
#2314=ORIENTED_EDGE('',*,*,#3238,.T.);
#2315=ORIENTED_EDGE('',*,*,#3311,.T.);
#2316=ORIENTED_EDGE('',*,*,#3312,.T.);
#2317=ORIENTED_EDGE('',*,*,#3283,.F.);
#2318=ORIENTED_EDGE('',*,*,#3308,.F.);
#2319=ORIENTED_EDGE('',*,*,#3313,.T.);
#2320=ORIENTED_EDGE('',*,*,#3311,.F.);
#2321=ORIENTED_EDGE('',*,*,#3237,.F.);
#2322=ORIENTED_EDGE('',*,*,#3280,.T.);
#2323=ORIENTED_EDGE('',*,*,#3312,.F.);
#2324=ORIENTED_EDGE('',*,*,#3313,.F.);
#2325=ORIENTED_EDGE('',*,*,#3307,.T.);
#2326=ORIENTED_EDGE('',*,*,#3309,.T.);
#2327=ORIENTED_EDGE('',*,*,#3305,.T.);
#2328=ORIENTED_EDGE('',*,*,#3310,.T.);
#2329=ORIENTED_EDGE('',*,*,#3282,.F.);
#2330=ORIENTED_EDGE('',*,*,#3314,.F.);
#2331=ORIENTED_EDGE('',*,*,#3315,.F.);
#2332=ORIENTED_EDGE('',*,*,#3316,.T.);
#2333=ORIENTED_EDGE('',*,*,#3317,.T.);
#2334=ORIENTED_EDGE('',*,*,#3318,.T.);
#2335=ORIENTED_EDGE('',*,*,#3319,.F.);
#2336=ORIENTED_EDGE('',*,*,#3320,.F.);
#2337=ORIENTED_EDGE('',*,*,#3321,.F.);
#2338=ORIENTED_EDGE('',*,*,#3322,.F.);
#2339=ORIENTED_EDGE('',*,*,#3323,.F.);
#2340=ORIENTED_EDGE('',*,*,#3324,.F.);
#2341=ORIENTED_EDGE('',*,*,#3325,.T.);
#2342=ORIENTED_EDGE('',*,*,#3326,.F.);
#2343=ORIENTED_EDGE('',*,*,#3327,.F.);
#2344=ORIENTED_EDGE('',*,*,#3328,.F.);
#2345=ORIENTED_EDGE('',*,*,#3329,.F.);
#2346=ORIENTED_EDGE('',*,*,#3330,.T.);
#2347=ORIENTED_EDGE('',*,*,#3331,.T.);
#2348=ORIENTED_EDGE('',*,*,#3332,.F.);
#2349=ORIENTED_EDGE('',*,*,#3333,.F.);
#2350=ORIENTED_EDGE('',*,*,#3334,.T.);
#2351=ORIENTED_EDGE('',*,*,#3335,.T.);
#2352=ORIENTED_EDGE('',*,*,#3336,.F.);
#2353=ORIENTED_EDGE('',*,*,#3337,.F.);
#2354=ORIENTED_EDGE('',*,*,#3338,.T.);
#2355=ORIENTED_EDGE('',*,*,#3339,.T.);
#2356=ORIENTED_EDGE('',*,*,#3340,.T.);
#2357=ORIENTED_EDGE('',*,*,#3341,.T.);
#2358=ORIENTED_EDGE('',*,*,#3342,.F.);
#2359=ORIENTED_EDGE('',*,*,#3343,.F.);
#2360=ORIENTED_EDGE('',*,*,#3344,.T.);
#2361=ORIENTED_EDGE('',*,*,#3345,.T.);
#2362=ORIENTED_EDGE('',*,*,#3346,.T.);
#2363=ORIENTED_EDGE('',*,*,#3347,.T.);
#2364=ORIENTED_EDGE('',*,*,#3348,.F.);
#2365=ORIENTED_EDGE('',*,*,#3349,.F.);
#2366=ORIENTED_EDGE('',*,*,#3350,.T.);
#2367=ORIENTED_EDGE('',*,*,#3351,.F.);
#2368=ORIENTED_EDGE('',*,*,#3325,.F.);
#2369=ORIENTED_EDGE('',*,*,#3352,.T.);
#2370=ORIENTED_EDGE('',*,*,#3353,.T.);
#2371=ORIENTED_EDGE('',*,*,#3352,.F.);
#2372=ORIENTED_EDGE('',*,*,#3324,.T.);
#2373=ORIENTED_EDGE('',*,*,#3354,.F.);
#2374=ORIENTED_EDGE('',*,*,#3355,.F.);
#2375=ORIENTED_EDGE('',*,*,#3320,.T.);
#2376=ORIENTED_EDGE('',*,*,#3356,.T.);
#2377=ORIENTED_EDGE('',*,*,#3357,.F.);
#2378=ORIENTED_EDGE('',*,*,#3358,.T.);
#2379=ORIENTED_EDGE('',*,*,#3359,.T.);
#2380=ORIENTED_EDGE('',*,*,#3321,.T.);
#2381=ORIENTED_EDGE('',*,*,#3355,.T.);
#2382=ORIENTED_EDGE('',*,*,#3360,.T.);
#2383=ORIENTED_EDGE('',*,*,#3348,.T.);
#2384=ORIENTED_EDGE('',*,*,#3361,.F.);
#2385=ORIENTED_EDGE('',*,*,#3213,.F.);
#2386=ORIENTED_EDGE('',*,*,#3206,.T.);
#2387=ORIENTED_EDGE('',*,*,#3362,.T.);
#2388=ORIENTED_EDGE('',*,*,#3330,.F.);
#2389=ORIENTED_EDGE('',*,*,#3363,.F.);
#2390=ORIENTED_EDGE('',*,*,#3364,.F.);
#2391=ORIENTED_EDGE('',*,*,#3365,.F.);
#2392=ORIENTED_EDGE('',*,*,#3366,.T.);
#2393=ORIENTED_EDGE('',*,*,#3367,.T.);
#2394=ORIENTED_EDGE('',*,*,#3332,.T.);
#2395=ORIENTED_EDGE('',*,*,#3368,.T.);
#2396=ORIENTED_EDGE('',*,*,#3366,.F.);
#2397=ORIENTED_EDGE('',*,*,#3369,.F.);
#2398=ORIENTED_EDGE('',*,*,#3338,.F.);
#2399=ORIENTED_EDGE('',*,*,#3370,.F.);
#2400=ORIENTED_EDGE('',*,*,#3233,.T.);
#2401=ORIENTED_EDGE('',*,*,#3371,.T.);
#2402=ORIENTED_EDGE('',*,*,#3372,.T.);
#2403=ORIENTED_EDGE('',*,*,#3373,.T.);
#2404=ORIENTED_EDGE('',*,*,#3374,.F.);
#2405=ORIENTED_EDGE('',*,*,#3334,.F.);
#2406=ORIENTED_EDGE('',*,*,#3375,.T.);
#2407=ORIENTED_EDGE('',*,*,#3336,.T.);
#2408=ORIENTED_EDGE('',*,*,#3376,.F.);
#2409=ORIENTED_EDGE('',*,*,#3208,.F.);
#2410=ORIENTED_EDGE('',*,*,#3358,.F.);
#2411=ORIENTED_EDGE('',*,*,#3377,.F.);
#2412=ORIENTED_EDGE('',*,*,#3378,.F.);
#2413=ORIENTED_EDGE('',*,*,#3219,.F.);
#2414=ORIENTED_EDGE('',*,*,#3379,.F.);
#2415=ORIENTED_EDGE('',*,*,#3380,.F.);
#2416=ORIENTED_EDGE('',*,*,#3381,.F.);
#2417=ORIENTED_EDGE('',*,*,#3353,.F.);
#2418=ORIENTED_EDGE('',*,*,#3382,.F.);
#2419=ORIENTED_EDGE('',*,*,#3227,.F.);
#2420=ORIENTED_EDGE('',*,*,#3383,.F.);
#2421=ORIENTED_EDGE('',*,*,#3223,.F.);
#2422=ORIENTED_EDGE('',*,*,#3384,.F.);
#2423=ORIENTED_EDGE('',*,*,#3385,.F.);
#2424=ORIENTED_EDGE('',*,*,#3386,.T.);
#2425=ORIENTED_EDGE('',*,*,#3387,.T.);
#2426=ORIENTED_EDGE('',*,*,#3388,.F.);
#2427=ORIENTED_EDGE('',*,*,#3389,.T.);
#2428=ORIENTED_EDGE('',*,*,#3217,.F.);
#2429=ORIENTED_EDGE('',*,*,#3390,.F.);
#2430=ORIENTED_EDGE('',*,*,#3391,.F.);
#2431=ORIENTED_EDGE('',*,*,#3392,.T.);
#2432=ORIENTED_EDGE('',*,*,#3229,.F.);
#2433=ORIENTED_EDGE('',*,*,#3393,.F.);
#2434=ORIENTED_EDGE('',*,*,#3394,.F.);
#2435=ORIENTED_EDGE('',*,*,#3395,.T.);
#2436=ORIENTED_EDGE('',*,*,#3396,.F.);
#2437=ORIENTED_EDGE('',*,*,#3397,.F.);
#2438=ORIENTED_EDGE('',*,*,#3398,.F.);
#2439=ORIENTED_EDGE('',*,*,#3225,.T.);
#2440=ORIENTED_EDGE('',*,*,#3399,.F.);
#2441=ORIENTED_EDGE('',*,*,#3201,.F.);
#2442=ORIENTED_EDGE('',*,*,#3400,.T.);
#2443=ORIENTED_EDGE('',*,*,#3401,.F.);
#2444=ORIENTED_EDGE('',*,*,#3402,.F.);
#2445=ORIENTED_EDGE('',*,*,#3224,.F.);
#2446=ORIENTED_EDGE('',*,*,#3383,.T.);
#2447=ORIENTED_EDGE('',*,*,#3403,.T.);
#2448=ORIENTED_EDGE('',*,*,#3404,.F.);
#2449=ORIENTED_EDGE('',*,*,#3405,.F.);
#2450=ORIENTED_EDGE('',*,*,#3399,.T.);
#2451=ORIENTED_EDGE('',*,*,#3406,.T.);
#2452=ORIENTED_EDGE('',*,*,#3407,.T.);
#2453=ORIENTED_EDGE('',*,*,#3408,.T.);
#2454=ORIENTED_EDGE('',*,*,#3380,.T.);
#2455=ORIENTED_EDGE('',*,*,#3226,.F.);
#2456=ORIENTED_EDGE('',*,*,#3398,.T.);
#2457=ORIENTED_EDGE('',*,*,#3405,.T.);
#2458=ORIENTED_EDGE('',*,*,#3409,.T.);
#2459=ORIENTED_EDGE('',*,*,#3410,.T.);
#2460=ORIENTED_EDGE('',*,*,#3411,.T.);
#2461=ORIENTED_EDGE('',*,*,#3412,.F.);
#2462=ORIENTED_EDGE('',*,*,#3413,.T.);
#2463=ORIENTED_EDGE('',*,*,#3220,.T.);
#2464=ORIENTED_EDGE('',*,*,#3378,.T.);
#2465=ORIENTED_EDGE('',*,*,#3414,.F.);
#2466=ORIENTED_EDGE('',*,*,#3384,.T.);
#2467=ORIENTED_EDGE('',*,*,#3222,.T.);
#2468=ORIENTED_EDGE('',*,*,#3415,.F.);
#2469=ORIENTED_EDGE('',*,*,#3412,.T.);
#2470=ORIENTED_EDGE('',*,*,#3416,.T.);
#2471=ORIENTED_EDGE('',*,*,#3403,.F.);
#2472=ORIENTED_EDGE('',*,*,#3385,.T.);
#2473=ORIENTED_EDGE('',*,*,#3414,.T.);
#2474=ORIENTED_EDGE('',*,*,#3417,.T.);
#2475=ORIENTED_EDGE('',*,*,#3202,.F.);
#2476=ORIENTED_EDGE('',*,*,#3402,.T.);
#2477=ORIENTED_EDGE('',*,*,#3418,.F.);
#2478=ORIENTED_EDGE('',*,*,#3419,.F.);
#2479=ORIENTED_EDGE('',*,*,#3420,.F.);
#2480=ORIENTED_EDGE('',*,*,#3203,.T.);
#2481=ORIENTED_EDGE('',*,*,#3419,.T.);
#2482=ORIENTED_EDGE('',*,*,#3421,.T.);
#2483=ORIENTED_EDGE('',*,*,#3400,.F.);
#2484=ORIENTED_EDGE('',*,*,#3204,.T.);
#2485=ORIENTED_EDGE('',*,*,#3420,.T.);
#2486=ORIENTED_EDGE('',*,*,#3422,.T.);
#2487=ORIENTED_EDGE('',*,*,#3346,.F.);
#2488=ORIENTED_EDGE('',*,*,#3423,.F.);
#2489=ORIENTED_EDGE('',*,*,#3424,.F.);
#2490=ORIENTED_EDGE('',*,*,#3425,.F.);
#2491=ORIENTED_EDGE('',*,*,#3215,.F.);
#2492=ORIENTED_EDGE('',*,*,#3426,.F.);
#2493=ORIENTED_EDGE('',*,*,#3340,.F.);
#2494=ORIENTED_EDGE('',*,*,#3427,.F.);
#2495=ORIENTED_EDGE('',*,*,#3231,.F.);
#2496=ORIENTED_EDGE('',*,*,#3428,.F.);
#2497=ORIENTED_EDGE('',*,*,#3429,.F.);
#2498=ORIENTED_EDGE('',*,*,#3430,.F.);
#2499=ORIENTED_EDGE('',*,*,#3431,.F.);
#2500=ORIENTED_EDGE('',*,*,#3428,.T.);
#2501=ORIENTED_EDGE('',*,*,#3230,.T.);
#2502=ORIENTED_EDGE('',*,*,#3392,.F.);
#2503=ORIENTED_EDGE('',*,*,#3216,.F.);
#2504=ORIENTED_EDGE('',*,*,#3425,.T.);
#2505=ORIENTED_EDGE('',*,*,#3432,.T.);
#2506=ORIENTED_EDGE('',*,*,#3390,.T.);
#2507=ORIENTED_EDGE('',*,*,#3228,.F.);
#2508=ORIENTED_EDGE('',*,*,#3382,.T.);
#2509=ORIENTED_EDGE('',*,*,#3354,.T.);
#2510=ORIENTED_EDGE('',*,*,#3433,.T.);
#2511=ORIENTED_EDGE('',*,*,#3393,.T.);
#2512=ORIENTED_EDGE('',*,*,#3359,.F.);
#2513=ORIENTED_EDGE('',*,*,#3379,.T.);
#2514=ORIENTED_EDGE('',*,*,#3218,.T.);
#2515=ORIENTED_EDGE('',*,*,#3389,.F.);
#2516=ORIENTED_EDGE('',*,*,#3434,.F.);
#2517=ORIENTED_EDGE('',*,*,#3435,.T.);
#2518=ORIENTED_EDGE('',*,*,#3327,.T.);
#2519=ORIENTED_EDGE('',*,*,#3436,.T.);
#2520=ORIENTED_EDGE('',*,*,#3396,.T.);
#2521=ORIENTED_EDGE('',*,*,#3318,.F.);
#2522=ORIENTED_EDGE('',*,*,#3437,.T.);
#2523=ORIENTED_EDGE('',*,*,#3386,.F.);
#2524=ORIENTED_EDGE('',*,*,#3438,.F.);
#2525=ORIENTED_EDGE('',*,*,#3439,.T.);
#2526=ORIENTED_EDGE('',*,*,#3322,.T.);
#2527=ORIENTED_EDGE('',*,*,#3434,.T.);
#2528=ORIENTED_EDGE('',*,*,#3388,.T.);
#2529=ORIENTED_EDGE('',*,*,#3440,.F.);
#2530=ORIENTED_EDGE('',*,*,#3441,.T.);
#2531=ORIENTED_EDGE('',*,*,#3442,.T.);
#2532=ORIENTED_EDGE('',*,*,#3443,.T.);
#2533=ORIENTED_EDGE('',*,*,#3444,.T.);
#2534=ORIENTED_EDGE('',*,*,#3445,.T.);
#2535=ORIENTED_EDGE('',*,*,#3446,.T.);
#2536=ORIENTED_EDGE('',*,*,#3447,.T.);
#2537=ORIENTED_EDGE('',*,*,#3448,.T.);
#2538=ORIENTED_EDGE('',*,*,#3449,.F.);
#2539=ORIENTED_EDGE('',*,*,#3433,.F.);
#2540=ORIENTED_EDGE('',*,*,#3329,.T.);
#2541=ORIENTED_EDGE('',*,*,#3450,.T.);
#2542=ORIENTED_EDGE('',*,*,#3394,.T.);
#2543=ORIENTED_EDGE('',*,*,#3221,.F.);
#2544=ORIENTED_EDGE('',*,*,#3413,.F.);
#2545=ORIENTED_EDGE('',*,*,#3415,.T.);
#2546=ORIENTED_EDGE('',*,*,#3408,.F.);
#2547=ORIENTED_EDGE('',*,*,#3451,.T.);
#2548=ORIENTED_EDGE('',*,*,#3445,.F.);
#2549=ORIENTED_EDGE('',*,*,#3452,.F.);
#2550=ORIENTED_EDGE('',*,*,#3350,.F.);
#2551=ORIENTED_EDGE('',*,*,#3381,.T.);
#2552=ORIENTED_EDGE('',*,*,#3363,.T.);
#2553=ORIENTED_EDGE('',*,*,#3333,.T.);
#2554=ORIENTED_EDGE('',*,*,#3369,.T.);
#2555=ORIENTED_EDGE('',*,*,#3365,.T.);
#2556=ORIENTED_EDGE('',*,*,#3453,.F.);
#2557=ORIENTED_EDGE('',*,*,#3454,.T.);
#2558=ORIENTED_EDGE('',*,*,#3455,.F.);
#2559=ORIENTED_EDGE('',*,*,#3456,.T.);
#2560=ORIENTED_EDGE('',*,*,#3372,.F.);
#2561=ORIENTED_EDGE('',*,*,#3337,.T.);
#2562=ORIENTED_EDGE('',*,*,#3375,.F.);
#2563=ORIENTED_EDGE('',*,*,#3207,.F.);
#2564=ORIENTED_EDGE('',*,*,#3456,.F.);
#2565=ORIENTED_EDGE('',*,*,#3457,.T.);
#2566=ORIENTED_EDGE('',*,*,#3458,.T.);
#2567=ORIENTED_EDGE('',*,*,#3373,.F.);
#2568=ORIENTED_EDGE('',*,*,#3459,.T.);
#2569=ORIENTED_EDGE('',*,*,#3460,.T.);
#2570=ORIENTED_EDGE('',*,*,#3443,.F.);
#2571=ORIENTED_EDGE('',*,*,#3461,.T.);
#2572=ORIENTED_EDGE('',*,*,#3356,.F.);
#2573=ORIENTED_EDGE('',*,*,#3319,.T.);
#2574=ORIENTED_EDGE('',*,*,#3438,.T.);
#2575=ORIENTED_EDGE('',*,*,#3391,.T.);
#2576=ORIENTED_EDGE('',*,*,#3432,.F.);
#2577=ORIENTED_EDGE('',*,*,#3424,.T.);
#2578=ORIENTED_EDGE('',*,*,#3462,.F.);
#2579=ORIENTED_EDGE('',*,*,#3429,.T.);
#2580=ORIENTED_EDGE('',*,*,#3431,.T.);
#2581=ORIENTED_EDGE('',*,*,#3397,.T.);
#2582=ORIENTED_EDGE('',*,*,#3436,.F.);
#2583=ORIENTED_EDGE('',*,*,#3326,.T.);
#2584=ORIENTED_EDGE('',*,*,#3351,.T.);
#2585=ORIENTED_EDGE('',*,*,#3452,.T.);
#2586=ORIENTED_EDGE('',*,*,#3449,.T.);
#2587=ORIENTED_EDGE('',*,*,#3463,.T.);
#2588=ORIENTED_EDGE('',*,*,#3454,.F.);
#2589=ORIENTED_EDGE('',*,*,#3464,.T.);
#2590=ORIENTED_EDGE('',*,*,#3465,.F.);
#2591=ORIENTED_EDGE('',*,*,#3466,.F.);
#2592=ORIENTED_EDGE('',*,*,#3442,.F.);
#2593=ORIENTED_EDGE('',*,*,#3467,.T.);
#2594=ORIENTED_EDGE('',*,*,#3409,.F.);
#2595=ORIENTED_EDGE('',*,*,#3377,.T.);
#2596=ORIENTED_EDGE('',*,*,#3357,.T.);
#2597=ORIENTED_EDGE('',*,*,#3461,.F.);
#2598=ORIENTED_EDGE('',*,*,#3344,.F.);
#2599=ORIENTED_EDGE('',*,*,#3468,.T.);
#2600=ORIENTED_EDGE('',*,*,#3464,.F.);
#2601=ORIENTED_EDGE('',*,*,#3453,.T.);
#2602=ORIENTED_EDGE('',*,*,#3364,.T.);
#2603=ORIENTED_EDGE('',*,*,#3469,.F.);
#2604=ORIENTED_EDGE('',*,*,#3470,.F.);
#2605=ORIENTED_EDGE('',*,*,#3342,.T.);
#2606=ORIENTED_EDGE('',*,*,#3471,.T.);
#2607=ORIENTED_EDGE('',*,*,#3457,.F.);
#2608=ORIENTED_EDGE('',*,*,#3455,.T.);
#2609=ORIENTED_EDGE('',*,*,#3466,.T.);
#2610=ORIENTED_EDGE('',*,*,#3339,.F.);
#2611=ORIENTED_EDGE('',*,*,#3371,.F.);
#2612=ORIENTED_EDGE('',*,*,#3232,.F.);
#2613=ORIENTED_EDGE('',*,*,#3427,.T.);
#2614=ORIENTED_EDGE('',*,*,#3347,.F.);
#2615=ORIENTED_EDGE('',*,*,#3426,.T.);
#2616=ORIENTED_EDGE('',*,*,#3214,.F.);
#2617=ORIENTED_EDGE('',*,*,#3361,.T.);
#2618=ORIENTED_EDGE('',*,*,#3345,.F.);
#2619=ORIENTED_EDGE('',*,*,#3469,.T.);
#2620=ORIENTED_EDGE('',*,*,#3367,.F.);
#2621=ORIENTED_EDGE('',*,*,#3368,.F.);
#2622=ORIENTED_EDGE('',*,*,#3331,.F.);
#2623=ORIENTED_EDGE('',*,*,#3362,.F.);
#2624=ORIENTED_EDGE('',*,*,#3205,.F.);
#2625=ORIENTED_EDGE('',*,*,#3376,.T.);
#2626=ORIENTED_EDGE('',*,*,#3335,.F.);
#2627=ORIENTED_EDGE('',*,*,#3374,.T.);
#2628=ORIENTED_EDGE('',*,*,#3458,.F.);
#2629=ORIENTED_EDGE('',*,*,#3471,.F.);
#2630=ORIENTED_EDGE('',*,*,#3341,.F.);
#2631=ORIENTED_EDGE('',*,*,#3430,.T.);
#2632=ORIENTED_EDGE('',*,*,#3462,.T.);
#2633=ORIENTED_EDGE('',*,*,#3423,.T.);
#2634=ORIENTED_EDGE('',*,*,#3437,.F.);
#2635=ORIENTED_EDGE('',*,*,#3323,.T.);
#2636=ORIENTED_EDGE('',*,*,#3439,.F.);
#2637=ORIENTED_EDGE('',*,*,#3387,.F.);
#2638=ORIENTED_EDGE('',*,*,#3450,.F.);
#2639=ORIENTED_EDGE('',*,*,#3328,.T.);
#2640=ORIENTED_EDGE('',*,*,#3435,.F.);
#2641=ORIENTED_EDGE('',*,*,#3395,.F.);
#2642=ORIENTED_EDGE('',*,*,#3316,.F.);
#2643=ORIENTED_EDGE('',*,*,#3370,.T.);
#2644=ORIENTED_EDGE('',*,*,#3343,.T.);
#2645=ORIENTED_EDGE('',*,*,#3470,.T.);
#2646=ORIENTED_EDGE('',*,*,#3465,.T.);
#2647=ORIENTED_EDGE('',*,*,#3468,.F.);
#2648=ORIENTED_EDGE('',*,*,#3349,.T.);
#2649=ORIENTED_EDGE('',*,*,#3360,.F.);
#2650=ORIENTED_EDGE('',*,*,#3212,.F.);
#2651=ORIENTED_EDGE('',*,*,#3472,.F.);
#2652=ORIENTED_EDGE('',*,*,#3473,.F.);
#2653=ORIENTED_EDGE('',*,*,#3196,.F.);
#2654=ORIENTED_EDGE('',*,*,#3474,.F.);
#2655=ORIENTED_EDGE('',*,*,#3475,.T.);
#2656=ORIENTED_EDGE('',*,*,#3234,.F.);
#2657=ORIENTED_EDGE('',*,*,#3314,.T.);
#2658=ORIENTED_EDGE('',*,*,#3476,.F.);
#2659=ORIENTED_EDGE('',*,*,#3477,.T.);
#2660=ORIENTED_EDGE('',*,*,#3459,.F.);
#2661=ORIENTED_EDGE('',*,*,#3478,.T.);
#2662=ORIENTED_EDGE('',*,*,#3479,.F.);
#2663=ORIENTED_EDGE('',*,*,#3480,.T.);
#2664=ORIENTED_EDGE('',*,*,#3317,.F.);
#2665=ORIENTED_EDGE('',*,*,#3315,.T.);
#2666=ORIENTED_EDGE('',*,*,#3411,.F.);
#2667=ORIENTED_EDGE('',*,*,#3481,.T.);
#2668=ORIENTED_EDGE('',*,*,#3440,.T.);
#2669=ORIENTED_EDGE('',*,*,#3482,.T.);
#2670=ORIENTED_EDGE('',*,*,#3476,.T.);
#2671=ORIENTED_EDGE('',*,*,#3483,.T.);
#2672=ORIENTED_EDGE('',*,*,#3479,.T.);
#2673=ORIENTED_EDGE('',*,*,#3484,.T.);
#2674=ORIENTED_EDGE('',*,*,#3447,.F.);
#2675=ORIENTED_EDGE('',*,*,#3485,.T.);
#2676=ORIENTED_EDGE('',*,*,#3406,.F.);
#2677=ORIENTED_EDGE('',*,*,#3404,.T.);
#2678=ORIENTED_EDGE('',*,*,#3417,.F.);
#2679=ORIENTED_EDGE('',*,*,#3416,.F.);
#2680=ORIENTED_EDGE('',*,*,#3422,.F.);
#2681=ORIENTED_EDGE('',*,*,#3421,.F.);
#2682=ORIENTED_EDGE('',*,*,#3418,.T.);
#2683=ORIENTED_EDGE('',*,*,#3401,.T.);
#2684=ORIENTED_EDGE('',*,*,#3278,.F.);
#2685=ORIENTED_EDGE('',*,*,#3260,.F.);
#2686=ORIENTED_EDGE('',*,*,#3480,.F.);
#2687=ORIENTED_EDGE('',*,*,#3483,.F.);
#2688=ORIENTED_EDGE('',*,*,#3486,.T.);
#2689=ORIENTED_EDGE('',*,*,#3209,.T.);
#2690=ORIENTED_EDGE('',*,*,#3475,.F.);
#2691=ORIENTED_EDGE('',*,*,#3487,.F.);
#2692=ORIENTED_EDGE('',*,*,#3194,.F.);
#2693=ORIENTED_EDGE('',*,*,#3198,.T.);
#2694=ORIENTED_EDGE('',*,*,#3488,.T.);
#2695=ORIENTED_EDGE('',*,*,#3472,.T.);
#2696=ORIENTED_EDGE('',*,*,#3211,.F.);
#2697=ORIENTED_EDGE('',*,*,#3489,.F.);
#2698=ORIENTED_EDGE('',*,*,#3195,.T.);
#2699=ORIENTED_EDGE('',*,*,#3487,.T.);
#2700=ORIENTED_EDGE('',*,*,#3474,.T.);
#2701=ORIENTED_EDGE('',*,*,#3197,.T.);
#2702=ORIENTED_EDGE('',*,*,#3473,.T.);
#2703=ORIENTED_EDGE('',*,*,#3488,.F.);
#2704=ORIENTED_EDGE('',*,*,#3199,.T.);
#2705=ORIENTED_EDGE('',*,*,#3489,.T.);
#2706=ORIENTED_EDGE('',*,*,#3210,.F.);
#2707=ORIENTED_EDGE('',*,*,#3486,.F.);
#2708=ORIENTED_EDGE('',*,*,#3193,.T.);
#2709=ORIENTED_EDGE('',*,*,#3235,.T.);
#2710=ORIENTED_EDGE('',*,*,#3467,.F.);
#2711=ORIENTED_EDGE('',*,*,#3441,.F.);
#2712=ORIENTED_EDGE('',*,*,#3481,.F.);
#2713=ORIENTED_EDGE('',*,*,#3410,.F.);
#2714=ORIENTED_EDGE('',*,*,#3460,.F.);
#2715=ORIENTED_EDGE('',*,*,#3477,.F.);
#2716=ORIENTED_EDGE('',*,*,#3482,.F.);
#2717=ORIENTED_EDGE('',*,*,#3444,.F.);
#2718=ORIENTED_EDGE('',*,*,#3451,.F.);
#2719=ORIENTED_EDGE('',*,*,#3407,.F.);
#2720=ORIENTED_EDGE('',*,*,#3485,.F.);
#2721=ORIENTED_EDGE('',*,*,#3446,.F.);
#2722=ORIENTED_EDGE('',*,*,#3463,.F.);
#2723=ORIENTED_EDGE('',*,*,#3448,.F.);
#2724=ORIENTED_EDGE('',*,*,#3484,.F.);
#2725=ORIENTED_EDGE('',*,*,#3478,.F.);
#2726=ORIENTED_EDGE('',*,*,#3290,.F.);
#2727=ORIENTED_EDGE('',*,*,#3279,.F.);
#2728=ORIENTED_EDGE('',*,*,#3287,.F.);
#2729=ORIENTED_EDGE('',*,*,#3293,.F.);
#2730=ORIENTED_EDGE('',*,*,#3291,.F.);
#2731=ORIENTED_EDGE('',*,*,#3289,.F.);
#2732=EDGE_CURVE('',#3490,#3491,#3981,.T.);
#2733=EDGE_CURVE('',#3491,#3492,#3982,.F.);
#2734=EDGE_CURVE('',#3493,#3492,#1021,.T.);
#2735=EDGE_CURVE('',#3493,#3494,#1022,.T.);
#2736=EDGE_CURVE('',#3495,#3494,#1023,.T.);
#2737=EDGE_CURVE('',#3495,#3496,#1024,.T.);
#2738=EDGE_CURVE('',#3497,#3496,#1025,.T.);
#2739=EDGE_CURVE('',#3497,#3490,#3983,.F.);
#2740=EDGE_CURVE('',#3498,#3499,#249,.T.);
#2741=EDGE_CURVE('',#3498,#3500,#250,.T.);
#2742=EDGE_CURVE('',#3500,#3501,#251,.T.);
#2743=EDGE_CURVE('',#3501,#3499,#252,.T.);
#2744=EDGE_CURVE('',#3502,#3503,#1026,.T.);
#2745=EDGE_CURVE('',#3503,#3504,#1027,.T.);
#2746=EDGE_CURVE('',#3504,#3505,#3984,.T.);
#2747=EDGE_CURVE('',#3505,#3506,#3985,.F.);
#2748=EDGE_CURVE('',#3506,#3507,#3986,.T.);
#2749=EDGE_CURVE('',#3507,#3508,#1028,.T.);
#2750=EDGE_CURVE('',#3508,#3509,#1029,.T.);
#2751=EDGE_CURVE('',#3509,#3502,#1030,.T.);
#2752=EDGE_CURVE('',#3510,#3511,#253,.T.);
#2753=EDGE_CURVE('',#3511,#3512,#254,.T.);
#2754=EDGE_CURVE('',#3512,#3513,#255,.T.);
#2755=EDGE_CURVE('',#3510,#3513,#256,.T.);
#2756=EDGE_CURVE('',#3510,#3499,#257,.T.);
#2757=EDGE_CURVE('',#3511,#3501,#258,.T.);
#2758=EDGE_CURVE('',#3512,#3500,#259,.T.);
#2759=EDGE_CURVE('',#3513,#3498,#260,.T.);
#2760=EDGE_CURVE('',#3497,#3507,#3987,.T.);
#2761=EDGE_CURVE('',#3508,#3496,#1031,.F.);
#2762=EDGE_CURVE('',#3509,#3495,#1032,.F.);
#2763=EDGE_CURVE('',#3490,#3506,#3988,.T.);
#2764=EDGE_CURVE('',#3502,#3494,#1033,.F.);
#2765=EDGE_CURVE('',#3491,#3505,#3989,.T.);
#2766=EDGE_CURVE('',#3503,#3493,#1034,.F.);
#2767=EDGE_CURVE('',#3492,#3504,#3990,.T.);
#2768=EDGE_CURVE('',#3514,#3515,#1035,.T.);
#2769=EDGE_CURVE('',#3514,#3516,#261,.T.);
#2770=EDGE_CURVE('',#3516,#3517,#1036,.T.);
#2771=EDGE_CURVE('',#3515,#3517,#262,.T.);
#2772=EDGE_CURVE('',#3515,#3514,#1037,.T.);
#2773=EDGE_CURVE('',#3517,#3516,#1038,.T.);
#2774=EDGE_CURVE('',#3518,#3519,#1039,.T.);
#2775=EDGE_CURVE('',#3518,#3520,#263,.T.);
#2776=EDGE_CURVE('',#3520,#3521,#1040,.T.);
#2777=EDGE_CURVE('',#3519,#3521,#264,.T.);
#2778=EDGE_CURVE('',#3519,#3518,#1041,.T.);
#2779=EDGE_CURVE('',#3521,#3520,#1042,.T.);
#2780=EDGE_CURVE('',#3522,#3523,#1043,.T.);
#2781=EDGE_CURVE('',#3522,#3524,#265,.T.);
#2782=EDGE_CURVE('',#3524,#3525,#1044,.T.);
#2783=EDGE_CURVE('',#3523,#3525,#266,.T.);
#2784=EDGE_CURVE('',#3523,#3522,#1045,.T.);
#2785=EDGE_CURVE('',#3525,#3524,#1046,.T.);
#2786=EDGE_CURVE('',#3526,#3527,#1047,.T.);
#2787=EDGE_CURVE('',#3526,#3528,#267,.T.);
#2788=EDGE_CURVE('',#3528,#3529,#1048,.T.);
#2789=EDGE_CURVE('',#3527,#3529,#268,.T.);
#2790=EDGE_CURVE('',#3527,#3526,#1049,.T.);
#2791=EDGE_CURVE('',#3529,#3528,#1050,.T.);
#2792=EDGE_CURVE('',#3530,#3531,#1051,.T.);
#2793=EDGE_CURVE('',#3530,#3532,#269,.T.);
#2794=EDGE_CURVE('',#3532,#3533,#1052,.T.);
#2795=EDGE_CURVE('',#3531,#3533,#270,.T.);
#2796=EDGE_CURVE('',#3531,#3530,#1053,.T.);
#2797=EDGE_CURVE('',#3533,#3532,#1054,.T.);
#2798=EDGE_CURVE('',#3534,#3535,#1055,.T.);
#2799=EDGE_CURVE('',#3534,#3536,#271,.T.);
#2800=EDGE_CURVE('',#3536,#3537,#1056,.T.);
#2801=EDGE_CURVE('',#3535,#3537,#272,.T.);
#2802=EDGE_CURVE('',#3535,#3534,#1057,.T.);
#2803=EDGE_CURVE('',#3537,#3536,#1058,.T.);
#2804=EDGE_CURVE('',#3538,#3539,#1059,.T.);
#2805=EDGE_CURVE('',#3538,#3540,#273,.T.);
#2806=EDGE_CURVE('',#3540,#3541,#1060,.T.);
#2807=EDGE_CURVE('',#3539,#3541,#274,.T.);
#2808=EDGE_CURVE('',#3539,#3538,#1061,.T.);
#2809=EDGE_CURVE('',#3541,#3540,#1062,.T.);
#2810=EDGE_CURVE('',#3542,#3543,#1063,.T.);
#2811=EDGE_CURVE('',#3542,#3544,#275,.T.);
#2812=EDGE_CURVE('',#3544,#3545,#1064,.T.);
#2813=EDGE_CURVE('',#3543,#3545,#276,.T.);
#2814=EDGE_CURVE('',#3543,#3542,#1065,.T.);
#2815=EDGE_CURVE('',#3545,#3544,#1066,.T.);
#2816=EDGE_CURVE('',#3546,#3547,#1067,.T.);
#2817=EDGE_CURVE('',#3546,#3548,#277,.T.);
#2818=EDGE_CURVE('',#3548,#3549,#1068,.T.);
#2819=EDGE_CURVE('',#3547,#3549,#278,.T.);
#2820=EDGE_CURVE('',#3547,#3546,#1069,.T.);
#2821=EDGE_CURVE('',#3549,#3548,#1070,.T.);
#2822=EDGE_CURVE('',#3550,#3551,#1071,.T.);
#2823=EDGE_CURVE('',#3550,#3552,#279,.T.);
#2824=EDGE_CURVE('',#3552,#3553,#1072,.T.);
#2825=EDGE_CURVE('',#3551,#3553,#280,.T.);
#2826=EDGE_CURVE('',#3551,#3550,#1073,.T.);
#2827=EDGE_CURVE('',#3553,#3552,#1074,.T.);
#2828=EDGE_CURVE('',#3554,#3555,#1075,.T.);
#2829=EDGE_CURVE('',#3554,#3556,#281,.T.);
#2830=EDGE_CURVE('',#3556,#3557,#1076,.T.);
#2831=EDGE_CURVE('',#3555,#3557,#282,.T.);
#2832=EDGE_CURVE('',#3555,#3554,#1077,.T.);
#2833=EDGE_CURVE('',#3557,#3556,#1078,.T.);
#2834=EDGE_CURVE('',#3556,#3552,#3991,.T.);
#2835=EDGE_CURVE('',#3557,#3553,#3992,.T.);
#2836=EDGE_CURVE('',#3516,#3557,#3993,.T.);
#2837=EDGE_CURVE('',#3517,#3556,#3994,.T.);
#2838=EDGE_CURVE('',#3552,#3548,#3995,.T.);
#2839=EDGE_CURVE('',#3553,#3549,#3996,.T.);
#2840=EDGE_CURVE('',#3548,#3544,#3997,.T.);
#2841=EDGE_CURVE('',#3549,#3545,#3998,.T.);
#2842=EDGE_CURVE('',#3544,#3540,#3999,.T.);
#2843=EDGE_CURVE('',#3545,#3541,#4000,.T.);
#2844=EDGE_CURVE('',#3540,#3536,#4001,.T.);
#2845=EDGE_CURVE('',#3541,#3537,#4002,.T.);
#2846=EDGE_CURVE('',#3536,#3532,#4003,.T.);
#2847=EDGE_CURVE('',#3537,#3533,#4004,.T.);
#2848=EDGE_CURVE('',#3532,#3528,#4005,.T.);
#2849=EDGE_CURVE('',#3533,#3529,#4006,.T.);
#2850=EDGE_CURVE('',#3528,#3524,#4007,.T.);
#2851=EDGE_CURVE('',#3529,#3525,#4008,.T.);
#2852=EDGE_CURVE('',#3524,#3520,#4009,.T.);
#2853=EDGE_CURVE('',#3525,#3521,#4010,.T.);
#2854=EDGE_CURVE('',#3520,#3517,#4011,.T.);
#2855=EDGE_CURVE('',#3521,#3516,#4012,.T.);
#2856=EDGE_CURVE('',#3558,#3558,#4013,.T.);
#2857=EDGE_CURVE('',#3559,#3559,#4014,.T.);
#2858=EDGE_CURVE('',#3560,#3560,#4015,.T.);
#2859=EDGE_CURVE('',#3561,#3561,#4016,.T.);
#2860=EDGE_CURVE('',#3562,#3562,#1079,.T.);
#2861=EDGE_CURVE('',#3563,#3563,#1080,.T.);
#2862=EDGE_CURVE('',#3564,#3564,#1081,.T.);
#2863=EDGE_CURVE('',#3565,#3565,#1082,.T.);
#2864=EDGE_CURVE('',#3566,#3566,#1083,.T.);
#2865=EDGE_CURVE('',#3567,#3567,#1084,.T.);
#2866=EDGE_CURVE('',#3568,#3568,#1085,.T.);
#2867=EDGE_CURVE('',#3569,#3569,#1086,.T.);
#2868=EDGE_CURVE('',#3570,#3571,#1087,.T.);
#2869=EDGE_CURVE('',#3572,#3570,#4017,.T.);
#2870=EDGE_CURVE('',#3573,#3572,#1088,.T.);
#2871=EDGE_CURVE('',#3571,#3573,#4018,.T.);
#2872=EDGE_CURVE('',#3574,#3574,#4019,.T.);
#2873=EDGE_CURVE('',#3575,#3576,#1089,.T.);
#2874=EDGE_CURVE('',#3575,#3577,#4020,.T.);
#2875=EDGE_CURVE('',#3578,#3577,#1090,.T.);
#2876=EDGE_CURVE('',#3578,#3576,#4021,.T.);
#2877=EDGE_CURVE('',#3571,#3575,#283,.F.);
#2878=EDGE_CURVE('',#3577,#3573,#284,.T.);
#2879=EDGE_CURVE('',#3576,#3570,#285,.T.);
#2880=EDGE_CURVE('',#3572,#3578,#286,.F.);
#2881=EDGE_CURVE('',#3579,#3580,#1091,.T.);
#2882=EDGE_CURVE('',#3581,#3579,#287,.F.);
#2883=EDGE_CURVE('',#3582,#3581,#1092,.T.);
#2884=EDGE_CURVE('',#3582,#3583,#15,.T.);
#2885=EDGE_CURVE('',#3584,#3583,#1093,.T.);
#2886=EDGE_CURVE('',#3585,#3584,#288,.T.);
#2887=EDGE_CURVE('',#3586,#3585,#16,.T.);
#2888=EDGE_CURVE('',#3587,#3586,#289,.F.);
#2889=EDGE_CURVE('',#3588,#3587,#1094,.T.);
#2890=EDGE_CURVE('',#3588,#3580,#17,.T.);
#2891=EDGE_CURVE('',#3580,#3582,#1095,.T.);
#2892=EDGE_CURVE('',#3583,#3588,#1096,.T.);
#2893=EDGE_CURVE('',#3589,#3590,#1097,.T.);
#2894=EDGE_CURVE('',#3591,#3589,#290,.F.);
#2895=EDGE_CURVE('',#3592,#3591,#1098,.T.);
#2896=EDGE_CURVE('',#3593,#3592,#18,.F.);
#2897=EDGE_CURVE('',#3594,#3593,#1099,.T.);
#2898=EDGE_CURVE('',#3586,#3594,#291,.F.);
#2899=EDGE_CURVE('',#3586,#3585,#19,.F.);
#2900=EDGE_CURVE('',#3595,#3585,#292,.T.);
#2901=EDGE_CURVE('',#3596,#3595,#1100,.T.);
#2902=EDGE_CURVE('',#3590,#3596,#20,.F.);
#2903=EDGE_CURVE('',#3590,#3592,#1101,.T.);
#2904=EDGE_CURVE('',#3593,#3596,#1102,.T.);
#2905=EDGE_CURVE('',#3597,#3597,#4022,.T.);
#2906=EDGE_CURVE('',#3598,#3599,#1103,.T.);
#2907=EDGE_CURVE('',#3600,#3598,#4023,.T.);
#2908=EDGE_CURVE('',#3601,#3600,#1104,.T.);
#2909=EDGE_CURVE('',#3601,#3602,#4024,.T.);
#2910=EDGE_CURVE('',#3603,#3602,#1105,.T.);
#2911=EDGE_CURVE('',#3604,#3603,#4025,.T.);
#2912=EDGE_CURVE('',#3605,#3604,#1106,.T.);
#2913=EDGE_CURVE('',#3605,#3606,#4026,.T.);
#2914=EDGE_CURVE('',#3607,#3606,#1107,.T.);
#2915=EDGE_CURVE('',#3608,#3607,#4027,.T.);
#2916=EDGE_CURVE('',#3609,#3608,#1108,.T.);
#2917=EDGE_CURVE('',#3609,#3599,#4028,.T.);
#2918=EDGE_CURVE('',#3598,#3610,#293,.T.);
#2919=EDGE_CURVE('',#3611,#3610,#4029,.T.);
#2920=EDGE_CURVE('',#3611,#3600,#294,.T.);
#2921=EDGE_CURVE('',#3612,#3613,#4030,.T.);
#2922=EDGE_CURVE('',#3612,#3608,#295,.T.);
#2923=EDGE_CURVE('',#3607,#3613,#296,.T.);
#2924=EDGE_CURVE('',#3614,#3615,#4031,.T.);
#2925=EDGE_CURVE('',#3614,#3604,#297,.T.);
#2926=EDGE_CURVE('',#3603,#3615,#298,.T.);
#2927=EDGE_CURVE('',#3616,#3616,#4032,.T.);
#2928=EDGE_CURVE('',#3617,#3617,#4033,.T.);
#2929=EDGE_CURVE('',#3618,#3615,#299,.T.);
#2930=EDGE_CURVE('',#3619,#3618,#4034,.F.);
#2931=EDGE_CURVE('',#3619,#3611,#300,.T.);
#2932=EDGE_CURVE('',#3620,#3610,#301,.T.);
#2933=EDGE_CURVE('',#3621,#3620,#4035,.F.);
#2934=EDGE_CURVE('',#3621,#3612,#302,.T.);
#2935=EDGE_CURVE('',#3622,#3613,#303,.T.);
#2936=EDGE_CURVE('',#3623,#3622,#4036,.F.);
#2937=EDGE_CURVE('',#3623,#3614,#304,.T.);
#2938=EDGE_CURVE('',#3624,#3624,#4037,.T.);
#2939=EDGE_CURVE('',#3625,#3601,#305,.T.);
#2940=EDGE_CURVE('',#3626,#3625,#4038,.T.);
#2941=EDGE_CURVE('',#3626,#3602,#306,.T.);
#2942=EDGE_CURVE('',#3619,#3625,#307,.T.);
#2943=EDGE_CURVE('',#3626,#3618,#308,.T.);
#2944=EDGE_CURVE('',#3627,#3605,#309,.T.);
#2945=EDGE_CURVE('',#3628,#3627,#4039,.T.);
#2946=EDGE_CURVE('',#3628,#3606,#310,.T.);
#2947=EDGE_CURVE('',#3628,#3622,#311,.T.);
#2948=EDGE_CURVE('',#3623,#3627,#312,.T.);
#2949=EDGE_CURVE('',#3629,#3609,#313,.T.);
#2950=EDGE_CURVE('',#3630,#3629,#4040,.T.);
#2951=EDGE_CURVE('',#3630,#3599,#314,.T.);
#2952=EDGE_CURVE('',#3630,#3620,#315,.T.);
#2953=EDGE_CURVE('',#3621,#3629,#316,.T.);
#2954=EDGE_CURVE('',#3631,#3631,#4041,.T.);
#2955=EDGE_CURVE('',#3632,#3632,#4042,.T.);
#2956=EDGE_CURVE('',#3586,#3585,#21,.T.);
#2957=EDGE_CURVE('',#3585,#3586,#22,.T.);
#2958=EDGE_CURVE('',#3595,#3594,#4043,.T.);
#2959=EDGE_CURVE('',#3587,#3584,#4044,.T.);
#2960=EDGE_CURVE('',#3633,#3633,#4045,.T.);
#2961=EDGE_CURVE('',#3634,#3634,#4046,.T.);
#2962=EDGE_CURVE('',#3591,#3589,#4047,.T.);
#2963=EDGE_CURVE('',#3581,#3579,#4048,.T.);
#2964=EDGE_CURVE('',#3635,#3635,#4049,.T.);
#2965=EDGE_CURVE('',#3636,#3636,#4050,.T.);
#2966=EDGE_CURVE('',#3637,#3638,#317,.T.);
#2967=EDGE_CURVE('',#3638,#3639,#4051,.T.);
#2968=EDGE_CURVE('',#3639,#3640,#1109,.T.);
#2969=EDGE_CURVE('',#3640,#3641,#318,.T.);
#2970=EDGE_CURVE('',#3641,#3642,#4052,.T.);
#2971=EDGE_CURVE('',#3642,#3643,#1110,.T.);
#2972=EDGE_CURVE('',#3643,#3644,#319,.T.);
#2973=EDGE_CURVE('',#3644,#3645,#4053,.T.);
#2974=EDGE_CURVE('',#3645,#3646,#1111,.T.);
#2975=EDGE_CURVE('',#3646,#3647,#320,.T.);
#2976=EDGE_CURVE('',#3647,#3648,#4054,.T.);
#2977=EDGE_CURVE('',#3648,#3649,#1112,.T.);
#2978=EDGE_CURVE('',#3649,#3650,#321,.T.);
#2979=EDGE_CURVE('',#3650,#3651,#4055,.T.);
#2980=EDGE_CURVE('',#3651,#3652,#1113,.T.);
#2981=EDGE_CURVE('',#3652,#3653,#322,.T.);
#2982=EDGE_CURVE('',#3653,#3654,#4056,.T.);
#2983=EDGE_CURVE('',#3654,#3655,#1114,.T.);
#2984=EDGE_CURVE('',#3655,#3656,#323,.T.);
#2985=EDGE_CURVE('',#3656,#3657,#4057,.T.);
#2986=EDGE_CURVE('',#3657,#3658,#1115,.T.);
#2987=EDGE_CURVE('',#3658,#3659,#324,.T.);
#2988=EDGE_CURVE('',#3659,#3660,#4058,.T.);
#2989=EDGE_CURVE('',#3660,#3637,#1116,.T.);
#2990=EDGE_CURVE('',#3661,#3662,#4059,.T.);
#2991=EDGE_CURVE('',#3662,#3663,#325,.T.);
#2992=EDGE_CURVE('',#3664,#3663,#4060,.T.);
#2993=EDGE_CURVE('',#3665,#3664,#326,.T.);
#2994=EDGE_CURVE('',#3665,#3661,#1117,.T.);
#2995=EDGE_CURVE('',#3666,#3661,#4061,.T.);
#2996=EDGE_CURVE('',#3661,#3667,#327,.T.);
#2997=EDGE_CURVE('',#3668,#3667,#4062,.T.);
#2998=EDGE_CURVE('',#3669,#3668,#328,.T.);
#2999=EDGE_CURVE('',#3669,#3666,#1118,.T.);
#3000=EDGE_CURVE('',#3670,#3666,#4063,.T.);
#3001=EDGE_CURVE('',#3666,#3671,#329,.T.);
#3002=EDGE_CURVE('',#3672,#3671,#4064,.T.);
#3003=EDGE_CURVE('',#3673,#3672,#330,.T.);
#3004=EDGE_CURVE('',#3673,#3670,#1119,.T.);
#3005=EDGE_CURVE('',#3674,#3670,#4065,.T.);
#3006=EDGE_CURVE('',#3670,#3675,#331,.T.);
#3007=EDGE_CURVE('',#3676,#3675,#4066,.T.);
#3008=EDGE_CURVE('',#3677,#3676,#332,.T.);
#3009=EDGE_CURVE('',#3677,#3674,#1120,.T.);
#3010=EDGE_CURVE('',#3678,#3674,#4067,.T.);
#3011=EDGE_CURVE('',#3674,#3679,#333,.T.);
#3012=EDGE_CURVE('',#3680,#3679,#4068,.T.);
#3013=EDGE_CURVE('',#3681,#3680,#334,.T.);
#3014=EDGE_CURVE('',#3681,#3678,#1121,.T.);
#3015=EDGE_CURVE('',#3682,#3678,#4069,.T.);
#3016=EDGE_CURVE('',#3678,#3683,#335,.T.);
#3017=EDGE_CURVE('',#3684,#3683,#4070,.T.);
#3018=EDGE_CURVE('',#3685,#3684,#336,.T.);
#3019=EDGE_CURVE('',#3685,#3682,#1122,.T.);
#3020=EDGE_CURVE('',#3686,#3682,#4071,.T.);
#3021=EDGE_CURVE('',#3682,#3687,#337,.T.);
#3022=EDGE_CURVE('',#3688,#3687,#4072,.T.);
#3023=EDGE_CURVE('',#3688,#3689,#338,.F.);
#3024=EDGE_CURVE('',#3689,#3686,#1123,.T.);
#3025=EDGE_CURVE('',#3690,#3690,#4073,.T.);
#3026=EDGE_CURVE('',#3691,#3691,#4074,.T.);
#3027=EDGE_CURVE('',#3638,#3692,#339,.T.);
#3028=EDGE_CURVE('',#3692,#3660,#1124,.T.);
#3029=EDGE_CURVE('',#3659,#3693,#340,.T.);
#3030=EDGE_CURVE('',#3693,#3657,#1125,.T.);
#3031=EDGE_CURVE('',#3656,#3694,#341,.T.);
#3032=EDGE_CURVE('',#3694,#3654,#1126,.T.);
#3033=EDGE_CURVE('',#3653,#3695,#342,.T.);
#3034=EDGE_CURVE('',#3695,#3651,#1127,.T.);
#3035=EDGE_CURVE('',#3650,#3696,#343,.T.);
#3036=EDGE_CURVE('',#3696,#3648,#1128,.T.);
#3037=EDGE_CURVE('',#3647,#3697,#344,.T.);
#3038=EDGE_CURVE('',#3697,#3645,#1129,.T.);
#3039=EDGE_CURVE('',#3644,#3698,#345,.T.);
#3040=EDGE_CURVE('',#3698,#3642,#1130,.T.);
#3041=EDGE_CURVE('',#3641,#3699,#346,.T.);
#3042=EDGE_CURVE('',#3699,#3639,#1131,.T.);
#3043=EDGE_CURVE('',#3700,#3700,#4075,.T.);
#3044=EDGE_CURVE('',#3701,#3701,#4076,.T.);
#3045=EDGE_CURVE('',#3702,#3702,#4077,.T.);
#3046=EDGE_CURVE('',#3703,#3703,#4078,.T.);
#3047=EDGE_CURVE('',#3704,#3704,#4079,.T.);
#3048=EDGE_CURVE('',#3705,#3705,#4080,.T.);
#3049=EDGE_CURVE('',#3662,#3686,#4081,.T.);
#3050=EDGE_CURVE('',#3706,#3706,#4082,.T.);
#3051=EDGE_CURVE('',#3707,#3708,#347,.T.);
#3052=EDGE_CURVE('',#3708,#3689,#1132,.T.);
#3053=EDGE_CURVE('',#3688,#3707,#348,.T.);
#3054=EDGE_CURVE('',#3709,#3710,#349,.T.);
#3055=EDGE_CURVE('',#3709,#3711,#4083,.T.);
#3056=EDGE_CURVE('',#3707,#3711,#350,.T.);
#3057=EDGE_CURVE('',#3712,#3687,#351,.T.);
#3058=EDGE_CURVE('',#3684,#3712,#352,.T.);
#3059=EDGE_CURVE('',#3713,#3683,#353,.T.);
#3060=EDGE_CURVE('',#3680,#3713,#354,.T.);
#3061=EDGE_CURVE('',#3714,#3679,#355,.T.);
#3062=EDGE_CURVE('',#3676,#3714,#356,.T.);
#3063=EDGE_CURVE('',#3715,#3675,#357,.T.);
#3064=EDGE_CURVE('',#3672,#3715,#358,.T.);
#3065=EDGE_CURVE('',#3716,#3671,#359,.T.);
#3066=EDGE_CURVE('',#3668,#3716,#360,.T.);
#3067=EDGE_CURVE('',#3717,#3667,#361,.T.);
#3068=EDGE_CURVE('',#3664,#3717,#362,.T.);
#3069=EDGE_CURVE('',#3710,#3663,#363,.T.);
#3070=EDGE_CURVE('',#3718,#3718,#4084,.T.);
#3071=EDGE_CURVE('',#3711,#3659,#364,.T.);
#3072=EDGE_CURVE('',#3708,#3658,#1133,.F.);
#3073=EDGE_CURVE('',#3711,#3686,#365,.F.);
#3074=EDGE_CURVE('',#3693,#3686,#1134,.F.);
#3075=EDGE_CURVE('',#3719,#3709,#366,.T.);
#3076=EDGE_CURVE('',#3719,#3662,#1135,.T.);
#3077=EDGE_CURVE('',#3712,#3720,#367,.T.);
#3078=EDGE_CURVE('',#3720,#3685,#1136,.T.);
#3079=EDGE_CURVE('',#3687,#3656,#368,.T.);
#3080=EDGE_CURVE('',#3720,#3655,#1137,.F.);
#3081=EDGE_CURVE('',#3694,#3682,#1138,.F.);
#3082=EDGE_CURVE('',#3713,#3721,#369,.T.);
#3083=EDGE_CURVE('',#3721,#3681,#1139,.T.);
#3084=EDGE_CURVE('',#3683,#3653,#370,.T.);
#3085=EDGE_CURVE('',#3721,#3652,#1140,.F.);
#3086=EDGE_CURVE('',#3695,#3678,#1141,.F.);
#3087=EDGE_CURVE('',#3714,#3722,#371,.T.);
#3088=EDGE_CURVE('',#3722,#3677,#1142,.T.);
#3089=EDGE_CURVE('',#3679,#3650,#372,.T.);
#3090=EDGE_CURVE('',#3722,#3649,#1143,.F.);
#3091=EDGE_CURVE('',#3696,#3674,#1144,.F.);
#3092=EDGE_CURVE('',#3715,#3723,#373,.T.);
#3093=EDGE_CURVE('',#3723,#3673,#1145,.T.);
#3094=EDGE_CURVE('',#3675,#3647,#374,.T.);
#3095=EDGE_CURVE('',#3723,#3646,#1146,.F.);
#3096=EDGE_CURVE('',#3697,#3670,#1147,.F.);
#3097=EDGE_CURVE('',#3716,#3724,#375,.T.);
#3098=EDGE_CURVE('',#3724,#3669,#1148,.T.);
#3099=EDGE_CURVE('',#3671,#3644,#376,.T.);
#3100=EDGE_CURVE('',#3724,#3643,#1149,.F.);
#3101=EDGE_CURVE('',#3698,#3666,#1150,.F.);
#3102=EDGE_CURVE('',#3717,#3725,#377,.T.);
#3103=EDGE_CURVE('',#3725,#3665,#1151,.T.);
#3104=EDGE_CURVE('',#3667,#3641,#378,.T.);
#3105=EDGE_CURVE('',#3725,#3640,#1152,.F.);
#3106=EDGE_CURVE('',#3699,#3661,#1153,.F.);
#3107=EDGE_CURVE('',#3710,#3726,#379,.T.);
#3108=EDGE_CURVE('',#3726,#3719,#1154,.T.);
#3109=EDGE_CURVE('',#3663,#3638,#380,.T.);
#3110=EDGE_CURVE('',#3726,#3637,#1155,.F.);
#3111=EDGE_CURVE('',#3692,#3662,#1156,.F.);
#3112=EDGE_CURVE('',#3727,#3728,#381,.T.);
#3113=EDGE_CURVE('',#3727,#3729,#382,.T.);
#3114=EDGE_CURVE('',#3730,#3729,#383,.T.);
#3115=EDGE_CURVE('',#3728,#3730,#384,.T.);
#3116=EDGE_CURVE('',#3731,#3732,#385,.T.);
#3117=EDGE_CURVE('',#3731,#3733,#386,.T.);
#3118=EDGE_CURVE('',#3733,#3734,#387,.T.);
#3119=EDGE_CURVE('',#3732,#3734,#388,.T.);
#3120=EDGE_CURVE('',#3735,#3736,#389,.T.);
#3121=EDGE_CURVE('',#3735,#3728,#390,.T.);
#3122=EDGE_CURVE('',#3737,#3730,#391,.T.);
#3123=EDGE_CURVE('',#3738,#3737,#392,.T.);
#3124=EDGE_CURVE('',#3738,#3736,#393,.T.);
#3125=EDGE_CURVE('',#3739,#3740,#394,.T.);
#3126=EDGE_CURVE('',#3738,#3739,#395,.T.);
#3127=EDGE_CURVE('',#3737,#3740,#396,.T.);
#3128=EDGE_CURVE('',#3739,#3741,#397,.T.);
#3129=EDGE_CURVE('',#3741,#3736,#398,.T.);
#3130=EDGE_CURVE('',#3740,#3729,#399,.T.);
#3131=EDGE_CURVE('',#3727,#3742,#400,.T.);
#3132=EDGE_CURVE('',#3741,#3742,#401,.T.);
#3133=EDGE_CURVE('',#3742,#3735,#402,.T.);
#3134=EDGE_CURVE('',#3733,#3743,#403,.T.);
#3135=EDGE_CURVE('',#3743,#3744,#404,.T.);
#3136=EDGE_CURVE('',#3744,#3745,#405,.T.);
#3137=EDGE_CURVE('',#3745,#3746,#406,.T.);
#3138=EDGE_CURVE('',#3746,#3747,#1157,.F.);
#3139=EDGE_CURVE('',#3747,#3748,#407,.T.);
#3140=EDGE_CURVE('',#3749,#3748,#408,.T.);
#3141=EDGE_CURVE('',#3749,#3750,#409,.T.);
#3142=EDGE_CURVE('',#3734,#3750,#410,.T.);
#3143=EDGE_CURVE('',#3731,#3751,#411,.T.);
#3144=EDGE_CURVE('',#3751,#3743,#412,.T.);
#3145=EDGE_CURVE('',#3732,#3752,#413,.T.);
#3146=EDGE_CURVE('',#3752,#3750,#414,.T.);
#3147=EDGE_CURVE('',#3751,#3752,#415,.T.);
#3148=EDGE_CURVE('',#3749,#3753,#416,.T.);
#3149=EDGE_CURVE('',#3753,#3754,#417,.T.);
#3150=EDGE_CURVE('',#3744,#3754,#418,.T.);
#3151=EDGE_CURVE('',#3755,#3756,#419,.T.);
#3152=EDGE_CURVE('',#3756,#3757,#4085,.T.);
#3153=EDGE_CURVE('',#3753,#3757,#420,.T.);
#3154=EDGE_CURVE('',#3748,#3755,#4086,.T.);
#3155=EDGE_CURVE('',#3754,#3758,#421,.T.);
#3156=EDGE_CURVE('',#3758,#3745,#4087,.F.);
#3157=EDGE_CURVE('',#3759,#3760,#4088,.T.);
#3158=EDGE_CURVE('',#3760,#3761,#4089,.F.);
#3159=EDGE_CURVE('',#3762,#3761,#422,.T.);
#3160=EDGE_CURVE('',#3762,#3759,#4090,.F.);
#3161=EDGE_CURVE('',#3761,#3756,#423,.T.);
#3162=EDGE_CURVE('',#3755,#3762,#424,.F.);
#3163=EDGE_CURVE('',#3757,#3763,#425,.F.);
#3164=EDGE_CURVE('',#3763,#3764,#1158,.T.);
#3165=EDGE_CURVE('',#3764,#3758,#426,.F.);
#3166=EDGE_CURVE('',#3764,#3746,#4091,.F.);
#3167=EDGE_CURVE('',#3763,#3760,#1159,.T.);
#3168=EDGE_CURVE('',#3759,#3747,#1160,.T.);
#3169=EDGE_CURVE('',#3765,#3766,#1161,.T.);
#3170=EDGE_CURVE('',#3765,#3767,#1162,.T.);
#3171=EDGE_CURVE('',#3768,#3767,#1163,.T.);
#3172=EDGE_CURVE('',#3768,#3769,#1164,.T.);
#3173=EDGE_CURVE('',#3770,#3769,#1165,.T.);
#3174=EDGE_CURVE('',#3771,#3770,#1166,.T.);
#3175=EDGE_CURVE('',#3772,#3771,#1167,.T.);
#3176=EDGE_CURVE('',#3773,#3772,#1168,.T.);
#3177=EDGE_CURVE('',#3774,#3773,#1169,.T.);
#3178=EDGE_CURVE('',#3774,#3775,#1170,.T.);
#3179=EDGE_CURVE('',#3775,#3776,#1171,.T.);
#3180=EDGE_CURVE('',#3777,#3776,#1172,.T.);
#3181=EDGE_CURVE('',#3778,#3777,#1173,.T.);
#3182=EDGE_CURVE('',#3779,#3778,#1174,.T.);
#3183=EDGE_CURVE('',#3780,#3779,#1175,.T.);
#3184=EDGE_CURVE('',#3780,#3781,#1176,.T.);
#3185=EDGE_CURVE('',#3782,#3781,#1177,.F.);
#3186=EDGE_CURVE('',#3782,#3783,#1178,.T.);
#3187=EDGE_CURVE('',#3784,#3783,#1179,.T.);
#3188=EDGE_CURVE('',#3766,#3784,#1180,.T.);
#3189=EDGE_CURVE('',#3785,#3786,#1181,.T.);
#3190=EDGE_CURVE('',#3787,#3785,#1182,.T.);
#3191=EDGE_CURVE('',#3788,#3787,#1183,.T.);
#3192=EDGE_CURVE('',#3788,#3786,#1184,.T.);
#3193=EDGE_CURVE('',#3789,#3790,#1185,.T.);
#3194=EDGE_CURVE('',#3789,#3791,#1186,.T.);
#3195=EDGE_CURVE('',#3792,#3791,#1187,.T.);
#3196=EDGE_CURVE('',#3792,#3793,#1188,.T.);
#3197=EDGE_CURVE('',#3794,#3793,#1189,.T.);
#3198=EDGE_CURVE('',#3795,#3794,#1190,.T.);
#3199=EDGE_CURVE('',#3796,#3795,#1191,.T.);
#3200=EDGE_CURVE('',#3796,#3790,#1192,.T.);
#3201=EDGE_CURVE('',#3797,#3798,#427,.T.);
#3202=EDGE_CURVE('',#3798,#3799,#428,.T.);
#3203=EDGE_CURVE('',#3800,#3799,#429,.T.);
#3204=EDGE_CURVE('',#3797,#3800,#430,.T.);
#3205=EDGE_CURVE('',#3801,#3802,#431,.T.);
#3206=EDGE_CURVE('',#3803,#3802,#432,.T.);
#3207=EDGE_CURVE('',#3803,#3804,#433,.F.);
#3208=EDGE_CURVE('',#3804,#3801,#434,.T.);
#3209=EDGE_CURVE('',#3805,#3806,#435,.T.);
#3210=EDGE_CURVE('',#3805,#3807,#436,.T.);
#3211=EDGE_CURVE('',#3807,#3808,#437,.T.);
#3212=EDGE_CURVE('',#3808,#3809,#438,.T.);
#3213=EDGE_CURVE('',#3809,#3810,#439,.T.);
#3214=EDGE_CURVE('',#3810,#3811,#440,.T.);
#3215=EDGE_CURVE('',#3811,#3812,#4092,.T.);
#3216=EDGE_CURVE('',#3812,#3813,#441,.T.);
#3217=EDGE_CURVE('',#3813,#3814,#442,.T.);
#3218=EDGE_CURVE('',#3815,#3814,#443,.T.);
#3219=EDGE_CURVE('',#3815,#3816,#23,.T.);
#3220=EDGE_CURVE('',#3817,#3816,#444,.F.);
#3221=EDGE_CURVE('',#3817,#3818,#445,.T.);
#3222=EDGE_CURVE('',#3819,#3818,#446,.T.);
#3223=EDGE_CURVE('',#3819,#3820,#447,.T.);
#3224=EDGE_CURVE('',#3820,#3821,#448,.T.);
#3225=EDGE_CURVE('',#3822,#3821,#449,.T.);
#3226=EDGE_CURVE('',#3822,#3823,#450,.F.);
#3227=EDGE_CURVE('',#3823,#3824,#24,.T.);
#3228=EDGE_CURVE('',#3824,#3825,#451,.T.);
#3229=EDGE_CURVE('',#3825,#3826,#452,.T.);
#3230=EDGE_CURVE('',#3827,#3826,#453,.T.);
#3231=EDGE_CURVE('',#3827,#3828,#4093,.T.);
#3232=EDGE_CURVE('',#3828,#3829,#454,.T.);
#3233=EDGE_CURVE('',#3830,#3829,#455,.T.);
#3234=EDGE_CURVE('',#3830,#3806,#456,.T.);
#3235=EDGE_CURVE('',#3790,#3796,#457,.T.);
#3236=EDGE_CURVE('',#3831,#3765,#1193,.T.);
#3237=EDGE_CURVE('',#3831,#3832,#25,.T.);
#3238=EDGE_CURVE('',#3783,#3832,#1194,.T.);
#3239=EDGE_CURVE('',#3782,#3781,#458,.T.);
#3240=EDGE_CURVE('',#3769,#3780,#4094,.T.);
#3241=EDGE_CURVE('',#3768,#3767,#459,.F.);
#3242=EDGE_CURVE('',#3833,#3834,#460,.T.);
#3243=EDGE_CURVE('',#3833,#3835,#461,.T.);
#3244=EDGE_CURVE('',#3835,#3836,#462,.T.);
#3245=EDGE_CURVE('',#3834,#3836,#463,.T.);
#3246=EDGE_CURVE('',#3837,#3838,#464,.T.);
#3247=EDGE_CURVE('',#3839,#3837,#4095,.F.);
#3248=EDGE_CURVE('',#3839,#3771,#465,.T.);
#3249=EDGE_CURVE('',#3771,#3840,#466,.T.);
#3250=EDGE_CURVE('',#3840,#3841,#467,.T.);
#3251=EDGE_CURVE('',#3838,#3841,#468,.T.);
#3252=EDGE_CURVE('',#3839,#3772,#469,.T.);
#3253=EDGE_CURVE('',#3842,#3774,#470,.T.);
#3254=EDGE_CURVE('',#3842,#3834,#471,.T.);
#3255=EDGE_CURVE('',#3836,#3843,#472,.T.);
#3256=EDGE_CURVE('',#3775,#3843,#473,.T.);
#3257=EDGE_CURVE('',#3838,#3842,#474,.T.);
#3258=EDGE_CURVE('',#3837,#3773,#475,.T.);
#3259=EDGE_CURVE('',#3844,#3845,#1195,.T.);
#3260=EDGE_CURVE('',#3845,#3846,#1196,.T.);
#3261=EDGE_CURVE('',#3846,#3847,#1197,.T.);
#3262=EDGE_CURVE('',#3847,#3848,#1198,.T.);
#3263=EDGE_CURVE('',#3848,#3849,#1199,.T.);
#3264=EDGE_CURVE('',#3849,#3850,#1200,.T.);
#3265=EDGE_CURVE('',#3850,#3851,#1201,.T.);
#3266=EDGE_CURVE('',#3851,#3844,#1202,.T.);
#3267=EDGE_CURVE('',#3852,#3851,#1203,.T.);
#3268=EDGE_CURVE('',#3852,#3853,#1204,.T.);
#3269=EDGE_CURVE('',#3848,#3853,#1205,.T.);
#3270=EDGE_CURVE('',#3854,#3847,#1206,.T.);
#3271=EDGE_CURVE('',#3855,#3854,#1207,.T.);
#3272=EDGE_CURVE('',#3844,#3855,#1208,.T.);
#3273=EDGE_CURVE('',#3770,#3779,#476,.T.);
#3274=EDGE_CURVE('',#3840,#3856,#477,.T.);
#3275=EDGE_CURVE('',#3857,#3856,#478,.T.);
#3276=EDGE_CURVE('',#3841,#3857,#479,.T.);
#3277=EDGE_CURVE('',#3854,#3855,#4096,.T.);
#3278=EDGE_CURVE('',#3846,#3845,#1209,.T.);
#3279=EDGE_CURVE('',#3858,#3858,#4097,.T.);
#3280=EDGE_CURVE('',#3859,#3860,#26,.T.);
#3281=EDGE_CURVE('',#3859,#3861,#1210,.T.);
#3282=EDGE_CURVE('',#3861,#3862,#27,.T.);
#3283=EDGE_CURVE('',#3862,#3860,#1211,.T.);
#3284=EDGE_CURVE('',#3863,#3863,#4098,.F.);
#3285=EDGE_CURVE('',#3864,#3864,#4099,.T.);
#3286=EDGE_CURVE('',#3854,#3855,#4100,.T.);
#3287=EDGE_CURVE('',#3865,#3865,#4101,.F.);
#3288=EDGE_CURVE('',#3866,#3866,#4102,.F.);
#3289=EDGE_CURVE('',#3867,#3867,#4103,.F.);
#3290=EDGE_CURVE('',#3868,#3868,#4104,.F.);
#3291=EDGE_CURVE('',#3869,#3869,#4105,.T.);
#3292=EDGE_CURVE('',#3870,#3870,#4106,.F.);
#3293=EDGE_CURVE('',#3871,#3871,#4107,.T.);
#3294=EDGE_CURVE('',#3872,#3872,#4108,.T.);
#3295=EDGE_CURVE('',#3833,#3838,#480,.T.);
#3296=EDGE_CURVE('',#3835,#3857,#481,.T.);
#3297=EDGE_CURVE('',#3778,#3856,#482,.T.);
#3298=EDGE_CURVE('',#3778,#3777,#483,.T.);
#3299=EDGE_CURVE('',#3843,#3776,#484,.T.);
#3300=EDGE_CURVE('',#3787,#3849,#485,.T.);
#3301=EDGE_CURVE('',#3785,#3850,#486,.T.);
#3302=EDGE_CURVE('',#3786,#3852,#487,.T.);
#3303=EDGE_CURVE('',#3788,#3853,#488,.T.);
#3304=EDGE_CURVE('',#3784,#3873,#489,.T.);
#3305=EDGE_CURVE('',#3874,#3873,#490,.T.);
#3306=EDGE_CURVE('',#3766,#3874,#491,.T.);
#3307=EDGE_CURVE('',#3875,#3859,#492,.T.);
#3308=EDGE_CURVE('',#3875,#3831,#4109,.T.);
#3309=EDGE_CURVE('',#3861,#3874,#4110,.T.);
#3310=EDGE_CURVE('',#3873,#3862,#4111,.T.);
#3311=EDGE_CURVE('',#3832,#3876,#4112,.T.);
#3312=EDGE_CURVE('',#3876,#3860,#493,.T.);
#3313=EDGE_CURVE('',#3875,#3876,#494,.T.);
#3314=EDGE_CURVE('',#3877,#3877,#4113,.T.);
#3315=EDGE_CURVE('',#3878,#3878,#4114,.F.);
#3316=EDGE_CURVE('',#3879,#3879,#4115,.F.);
#3317=EDGE_CURVE('',#3880,#3880,#4116,.T.);
#3318=EDGE_CURVE('',#3881,#3882,#495,.T.);
#3319=EDGE_CURVE('',#3883,#3882,#496,.T.);
#3320=EDGE_CURVE('',#3884,#3883,#497,.T.);
#3321=EDGE_CURVE('',#3885,#3884,#498,.T.);
#3322=EDGE_CURVE('',#3886,#3885,#499,.T.);
#3323=EDGE_CURVE('',#3881,#3886,#28,.F.);
#3324=EDGE_CURVE('',#3887,#3888,#500,.T.);
#3325=EDGE_CURVE('',#3887,#3889,#501,.T.);
#3326=EDGE_CURVE('',#3890,#3889,#502,.T.);
#3327=EDGE_CURVE('',#3891,#3890,#503,.T.);
#3328=EDGE_CURVE('',#3892,#3891,#29,.F.);
#3329=EDGE_CURVE('',#3888,#3892,#504,.T.);
#3330=EDGE_CURVE('',#3893,#3894,#505,.T.);
#3331=EDGE_CURVE('',#3894,#3895,#4117,.T.);
#3332=EDGE_CURVE('',#3896,#3895,#506,.T.);
#3333=EDGE_CURVE('',#3893,#3896,#30,.F.);
#3334=EDGE_CURVE('',#3897,#3898,#507,.T.);
#3335=EDGE_CURVE('',#3898,#3899,#4118,.T.);
#3336=EDGE_CURVE('',#3900,#3899,#508,.T.);
#3337=EDGE_CURVE('',#3897,#3900,#31,.F.);
#3338=EDGE_CURVE('',#3901,#3902,#509,.T.);
#3339=EDGE_CURVE('',#3902,#3903,#4119,.T.);
#3340=EDGE_CURVE('',#3903,#3904,#1212,.T.);
#3341=EDGE_CURVE('',#3904,#3905,#4120,.T.);
#3342=EDGE_CURVE('',#3906,#3905,#510,.T.);
#3343=EDGE_CURVE('',#3901,#3906,#4121,.F.);
#3344=EDGE_CURVE('',#3907,#3908,#511,.T.);
#3345=EDGE_CURVE('',#3908,#3909,#4122,.T.);
#3346=EDGE_CURVE('',#3909,#3910,#1213,.T.);
#3347=EDGE_CURVE('',#3910,#3911,#4123,.T.);
#3348=EDGE_CURVE('',#3912,#3911,#512,.T.);
#3349=EDGE_CURVE('',#3907,#3912,#4124,.F.);
#3350=EDGE_CURVE('',#3913,#3914,#513,.F.);
#3351=EDGE_CURVE('',#3889,#3914,#514,.T.);
#3352=EDGE_CURVE('',#3887,#3913,#515,.T.);
#3353=EDGE_CURVE('',#3915,#3913,#32,.T.);
#3354=EDGE_CURVE('',#3915,#3888,#516,.T.);
#3355=EDGE_CURVE('',#3884,#3916,#517,.T.);
#3356=EDGE_CURVE('',#3883,#3917,#518,.T.);
#3357=EDGE_CURVE('',#3916,#3917,#519,.F.);
#3358=EDGE_CURVE('',#3916,#3918,#33,.T.);
#3359=EDGE_CURVE('',#3918,#3885,#520,.T.);
#3360=EDGE_CURVE('',#3809,#3912,#521,.T.);
#3361=EDGE_CURVE('',#3810,#3911,#522,.T.);
#3362=EDGE_CURVE('',#3802,#3894,#523,.T.);
#3363=EDGE_CURVE('',#3803,#3893,#524,.F.);
#3364=EDGE_CURVE('',#3919,#3920,#525,.T.);
#3365=EDGE_CURVE('',#3921,#3919,#526,.F.);
#3366=EDGE_CURVE('',#3921,#3922,#527,.T.);
#3367=EDGE_CURVE('',#3922,#3920,#528,.T.);
#3368=EDGE_CURVE('',#3895,#3922,#529,.T.);
#3369=EDGE_CURVE('',#3896,#3921,#530,.F.);
#3370=EDGE_CURVE('',#3830,#3901,#531,.T.);
#3371=EDGE_CURVE('',#3829,#3902,#532,.T.);
#3372=EDGE_CURVE('',#3897,#3923,#533,.F.);
#3373=EDGE_CURVE('',#3923,#3924,#534,.T.);
#3374=EDGE_CURVE('',#3898,#3924,#535,.T.);
#3375=EDGE_CURVE('',#3804,#3900,#536,.F.);
#3376=EDGE_CURVE('',#3801,#3899,#537,.T.);
#3377=EDGE_CURVE('',#3925,#3916,#538,.F.);
#3378=EDGE_CURVE('',#3816,#3925,#34,.T.);
#3379=EDGE_CURVE('',#3918,#3815,#539,.F.);
#3380=EDGE_CURVE('',#3926,#3823,#35,.T.);
#3381=EDGE_CURVE('',#3913,#3926,#540,.F.);
#3382=EDGE_CURVE('',#3824,#3915,#541,.F.);
#3383=EDGE_CURVE('',#3820,#3927,#542,.F.);
#3384=EDGE_CURVE('',#3928,#3819,#543,.F.);
#3385=EDGE_CURVE('',#3927,#3928,#544,.T.);
#3386=EDGE_CURVE('',#3929,#3930,#545,.T.);
#3387=EDGE_CURVE('',#3930,#3931,#4125,.T.);
#3388=EDGE_CURVE('',#3932,#3931,#546,.T.);
#3389=EDGE_CURVE('',#3932,#3814,#547,.T.);
#3390=EDGE_CURVE('',#3933,#3813,#548,.T.);
#3391=EDGE_CURVE('',#3929,#3933,#549,.T.);
#3392=EDGE_CURVE('',#3934,#3826,#550,.T.);
#3393=EDGE_CURVE('',#3935,#3825,#551,.T.);
#3394=EDGE_CURVE('',#3936,#3935,#552,.T.);
#3395=EDGE_CURVE('',#3936,#3937,#4126,.T.);
#3396=EDGE_CURVE('',#3938,#3937,#553,.T.);
#3397=EDGE_CURVE('',#3934,#3938,#554,.T.);
#3398=EDGE_CURVE('',#3822,#3939,#555,.T.);
#3399=EDGE_CURVE('',#3939,#3821,#556,.F.);
#3400=EDGE_CURVE('',#3797,#3940,#557,.T.);
#3401=EDGE_CURVE('',#3941,#3940,#558,.T.);
#3402=EDGE_CURVE('',#3798,#3941,#559,.T.);
#3403=EDGE_CURVE('',#3927,#3942,#560,.T.);
#3404=EDGE_CURVE('',#3943,#3942,#561,.T.);
#3405=EDGE_CURVE('',#3939,#3943,#562,.F.);
#3406=EDGE_CURVE('',#3943,#3944,#563,.F.);
#3407=EDGE_CURVE('',#3944,#3945,#564,.F.);
#3408=EDGE_CURVE('',#3945,#3926,#565,.T.);
#3409=EDGE_CURVE('',#3925,#3946,#566,.T.);
#3410=EDGE_CURVE('',#3946,#3947,#567,.T.);
#3411=EDGE_CURVE('',#3947,#3948,#568,.F.);
#3412=EDGE_CURVE('',#3949,#3948,#569,.F.);
#3413=EDGE_CURVE('',#3949,#3817,#570,.T.);
#3414=EDGE_CURVE('',#3928,#3950,#571,.T.);
#3415=EDGE_CURVE('',#3949,#3818,#572,.F.);
#3416=EDGE_CURVE('',#3948,#3950,#573,.T.);
#3417=EDGE_CURVE('',#3950,#3942,#574,.T.);
#3418=EDGE_CURVE('',#3951,#3941,#575,.T.);
#3419=EDGE_CURVE('',#3799,#3951,#576,.T.);
#3420=EDGE_CURVE('',#3800,#3952,#577,.T.);
#3421=EDGE_CURVE('',#3951,#3952,#578,.T.);
#3422=EDGE_CURVE('',#3952,#3940,#579,.T.);
#3423=EDGE_CURVE('',#3953,#3909,#580,.T.);
#3424=EDGE_CURVE('',#3954,#3953,#4127,.F.);
#3425=EDGE_CURVE('',#3812,#3954,#581,.F.);
#3426=EDGE_CURVE('',#3910,#3811,#582,.T.);
#3427=EDGE_CURVE('',#3828,#3903,#583,.F.);
#3428=EDGE_CURVE('',#3955,#3827,#584,.T.);
#3429=EDGE_CURVE('',#3956,#3955,#4128,.F.);
#3430=EDGE_CURVE('',#3904,#3956,#585,.F.);
#3431=EDGE_CURVE('',#3955,#3934,#586,.T.);
#3432=EDGE_CURVE('',#3954,#3933,#587,.T.);
#3433=EDGE_CURVE('',#3888,#3935,#588,.T.);
#3434=EDGE_CURVE('',#3885,#3932,#589,.T.);
#3435=EDGE_CURVE('',#3937,#3891,#590,.F.);
#3436=EDGE_CURVE('',#3890,#3938,#591,.T.);
#3437=EDGE_CURVE('',#3881,#3930,#592,.T.);
#3438=EDGE_CURVE('',#3882,#3929,#593,.T.);
#3439=EDGE_CURVE('',#3931,#3886,#594,.F.);
#3440=EDGE_CURVE('',#3957,#3958,#595,.T.);
#3441=EDGE_CURVE('',#3957,#3959,#596,.T.);
#3442=EDGE_CURVE('',#3959,#3960,#597,.F.);
#3443=EDGE_CURVE('',#3960,#3961,#598,.T.);
#3444=EDGE_CURVE('',#3961,#3958,#599,.T.);
#3445=EDGE_CURVE('',#3962,#3963,#600,.F.);
#3446=EDGE_CURVE('',#3963,#3964,#601,.F.);
#3447=EDGE_CURVE('',#3964,#3965,#602,.T.);
#3448=EDGE_CURVE('',#3965,#3966,#603,.F.);
#3449=EDGE_CURVE('',#3962,#3966,#604,.T.);
#3450=EDGE_CURVE('',#3892,#3936,#605,.T.);
#3451=EDGE_CURVE('',#3945,#3963,#36,.F.);
#3452=EDGE_CURVE('',#3914,#3962,#606,.F.);
#3453=EDGE_CURVE('',#3967,#3919,#607,.F.);
#3454=EDGE_CURVE('',#3967,#3968,#608,.F.);
#3455=EDGE_CURVE('',#3969,#3968,#609,.F.);
#3456=EDGE_CURVE('',#3969,#3923,#610,.F.);
#3457=EDGE_CURVE('',#3969,#3970,#611,.T.);
#3458=EDGE_CURVE('',#3970,#3924,#612,.T.);
#3459=EDGE_CURVE('',#3971,#3972,#613,.T.);
#3460=EDGE_CURVE('',#3972,#3961,#4129,.F.);
#3461=EDGE_CURVE('',#3960,#3917,#614,.F.);
#3462=EDGE_CURVE('',#3956,#3953,#615,.T.);
#3463=EDGE_CURVE('',#3966,#3971,#4130,.F.);
#3464=EDGE_CURVE('',#3967,#3973,#616,.T.);
#3465=EDGE_CURVE('',#3974,#3973,#617,.T.);
#3466=EDGE_CURVE('',#3968,#3974,#618,.T.);
#3467=EDGE_CURVE('',#3959,#3946,#37,.F.);
#3468=EDGE_CURVE('',#3907,#3973,#619,.T.);
#3469=EDGE_CURVE('',#3908,#3920,#620,.T.);
#3470=EDGE_CURVE('',#3906,#3974,#621,.T.);
#3471=EDGE_CURVE('',#3905,#3970,#622,.T.);
#3472=EDGE_CURVE('',#3975,#3808,#623,.T.);
#3473=EDGE_CURVE('',#3793,#3975,#624,.T.);
#3474=EDGE_CURVE('',#3976,#3792,#625,.T.);
#3475=EDGE_CURVE('',#3976,#3806,#626,.T.);
#3476=EDGE_CURVE('',#3977,#3978,#627,.T.);
#3477=EDGE_CURVE('',#3977,#3972,#628,.F.);
#3478=EDGE_CURVE('',#3971,#3979,#629,.T.);
#3479=EDGE_CURVE('',#3980,#3979,#630,.T.);
#3480=EDGE_CURVE('',#3980,#3978,#1214,.T.);
#3481=EDGE_CURVE('',#3947,#3957,#4131,.F.);
#3482=EDGE_CURVE('',#3958,#3977,#4132,.F.);
#3483=EDGE_CURVE('',#3978,#3980,#1215,.T.);
#3484=EDGE_CURVE('',#3979,#3965,#4133,.F.);
#3485=EDGE_CURVE('',#3964,#3944,#4134,.F.);
#3486=EDGE_CURVE('',#3789,#3805,#631,.T.);
#3487=EDGE_CURVE('',#3791,#3976,#632,.T.);
#3488=EDGE_CURVE('',#3794,#3975,#633,.T.);
#3489=EDGE_CURVE('',#3795,#3807,#634,.T.);
#3490=VERTEX_POINT('',#7367);
#3491=VERTEX_POINT('',#7368);
#3492=VERTEX_POINT('',#7370);
#3493=VERTEX_POINT('',#7375);
#3494=VERTEX_POINT('',#7392);
#3495=VERTEX_POINT('',#7398);
#3496=VERTEX_POINT('',#7415);
#3497=VERTEX_POINT('',#7420);
#3498=VERTEX_POINT('',#7423);
#3499=VERTEX_POINT('',#7424);
#3500=VERTEX_POINT('',#7426);
#3501=VERTEX_POINT('',#7428);
#3502=VERTEX_POINT('',#7447);
#3503=VERTEX_POINT('',#7448);
#3504=VERTEX_POINT('',#7454);
#3505=VERTEX_POINT('',#7456);
#3506=VERTEX_POINT('',#7458);
#3507=VERTEX_POINT('',#7460);
#3508=VERTEX_POINT('',#7465);
#3509=VERTEX_POINT('',#7482);
#3510=VERTEX_POINT('',#7490);
#3511=VERTEX_POINT('',#7491);
#3512=VERTEX_POINT('',#7493);
#3513=VERTEX_POINT('',#7495);
#3514=VERTEX_POINT('',#7737);
#3515=VERTEX_POINT('',#7738);
#3516=VERTEX_POINT('',#7740);
#3517=VERTEX_POINT('',#7748);
#3518=VERTEX_POINT('',#7788);
#3519=VERTEX_POINT('',#7789);
#3520=VERTEX_POINT('',#7791);
#3521=VERTEX_POINT('',#7798);
#3522=VERTEX_POINT('',#7844);
#3523=VERTEX_POINT('',#7845);
#3524=VERTEX_POINT('',#7847);
#3525=VERTEX_POINT('',#7854);
#3526=VERTEX_POINT('',#7900);
#3527=VERTEX_POINT('',#7901);
#3528=VERTEX_POINT('',#7903);
#3529=VERTEX_POINT('',#7910);
#3530=VERTEX_POINT('',#7956);
#3531=VERTEX_POINT('',#7957);
#3532=VERTEX_POINT('',#7959);
#3533=VERTEX_POINT('',#7966);
#3534=VERTEX_POINT('',#8012);
#3535=VERTEX_POINT('',#8013);
#3536=VERTEX_POINT('',#8015);
#3537=VERTEX_POINT('',#8022);
#3538=VERTEX_POINT('',#8068);
#3539=VERTEX_POINT('',#8069);
#3540=VERTEX_POINT('',#8071);
#3541=VERTEX_POINT('',#8078);
#3542=VERTEX_POINT('',#8124);
#3543=VERTEX_POINT('',#8125);
#3544=VERTEX_POINT('',#8127);
#3545=VERTEX_POINT('',#8134);
#3546=VERTEX_POINT('',#8180);
#3547=VERTEX_POINT('',#8181);
#3548=VERTEX_POINT('',#8183);
#3549=VERTEX_POINT('',#8190);
#3550=VERTEX_POINT('',#8236);
#3551=VERTEX_POINT('',#8237);
#3552=VERTEX_POINT('',#8239);
#3553=VERTEX_POINT('',#8246);
#3554=VERTEX_POINT('',#8292);
#3555=VERTEX_POINT('',#8293);
#3556=VERTEX_POINT('',#8295);
#3557=VERTEX_POINT('',#8302);
#3558=VERTEX_POINT('',#8367);
#3559=VERTEX_POINT('',#8370);
#3560=VERTEX_POINT('',#8373);
#3561=VERTEX_POINT('',#8389);
#3562=VERTEX_POINT('',#8407);
#3563=VERTEX_POINT('',#8425);
#3564=VERTEX_POINT('',#8443);
#3565=VERTEX_POINT('',#8461);
#3566=VERTEX_POINT('',#8479);
#3567=VERTEX_POINT('',#8497);
#3568=VERTEX_POINT('',#8515);
#3569=VERTEX_POINT('',#8533);
#3570=VERTEX_POINT('',#8547);
#3571=VERTEX_POINT('',#8548);
#3572=VERTEX_POINT('',#8550);
#3573=VERTEX_POINT('',#8564);
#3574=VERTEX_POINT('',#8568);
#3575=VERTEX_POINT('',#8574);
#3576=VERTEX_POINT('',#8575);
#3577=VERTEX_POINT('',#8577);
#3578=VERTEX_POINT('',#8583);
#3579=VERTEX_POINT('',#8596);
#3580=VERTEX_POINT('',#8597);
#3581=VERTEX_POINT('',#8599);
#3582=VERTEX_POINT('',#8607);
#3583=VERTEX_POINT('',#8609);
#3584=VERTEX_POINT('',#8614);
#3585=VERTEX_POINT('',#8616);
#3586=VERTEX_POINT('',#8618);
#3587=VERTEX_POINT('',#8620);
#3588=VERTEX_POINT('',#8625);
#3589=VERTEX_POINT('',#8677);
#3590=VERTEX_POINT('',#8678);
#3591=VERTEX_POINT('',#8680);
#3592=VERTEX_POINT('',#8685);
#3593=VERTEX_POINT('',#8687);
#3594=VERTEX_POINT('',#8692);
#3595=VERTEX_POINT('',#8696);
#3596=VERTEX_POINT('',#8701);
#3597=VERTEX_POINT('',#8747);
#3598=VERTEX_POINT('',#8752);
#3599=VERTEX_POINT('',#8753);
#3600=VERTEX_POINT('',#8755);
#3601=VERTEX_POINT('',#8760);
#3602=VERTEX_POINT('',#8762);
#3603=VERTEX_POINT('',#8767);
#3604=VERTEX_POINT('',#8769);
#3605=VERTEX_POINT('',#8774);
#3606=VERTEX_POINT('',#8776);
#3607=VERTEX_POINT('',#8781);
#3608=VERTEX_POINT('',#8783);
#3609=VERTEX_POINT('',#8788);
#3610=VERTEX_POINT('',#8792);
#3611=VERTEX_POINT('',#8794);
#3612=VERTEX_POINT('',#8798);
#3613=VERTEX_POINT('',#8799);
#3614=VERTEX_POINT('',#8804);
#3615=VERTEX_POINT('',#8805);
#3616=VERTEX_POINT('',#8810);
#3617=VERTEX_POINT('',#8813);
#3618=VERTEX_POINT('',#8816);
#3619=VERTEX_POINT('',#8818);
#3620=VERTEX_POINT('',#8821);
#3621=VERTEX_POINT('',#8823);
#3622=VERTEX_POINT('',#8826);
#3623=VERTEX_POINT('',#8828);
#3624=VERTEX_POINT('',#8831);
#3625=VERTEX_POINT('',#8835);
#3626=VERTEX_POINT('',#8837);
#3627=VERTEX_POINT('',#8846);
#3628=VERTEX_POINT('',#8848);
#3629=VERTEX_POINT('',#8857);
#3630=VERTEX_POINT('',#8859);
#3631=VERTEX_POINT('',#8868);
#3632=VERTEX_POINT('',#8871);
#3633=VERTEX_POINT('',#8886);
#3634=VERTEX_POINT('',#8890);
#3635=VERTEX_POINT('',#8900);
#3636=VERTEX_POINT('',#8905);
#3637=VERTEX_POINT('',#8907);
#3638=VERTEX_POINT('',#8908);
#3639=VERTEX_POINT('',#8910);
#3640=VERTEX_POINT('',#8915);
#3641=VERTEX_POINT('',#8917);
#3642=VERTEX_POINT('',#8919);
#3643=VERTEX_POINT('',#8924);
#3644=VERTEX_POINT('',#8926);
#3645=VERTEX_POINT('',#8928);
#3646=VERTEX_POINT('',#8933);
#3647=VERTEX_POINT('',#8935);
#3648=VERTEX_POINT('',#8937);
#3649=VERTEX_POINT('',#8942);
#3650=VERTEX_POINT('',#8944);
#3651=VERTEX_POINT('',#8946);
#3652=VERTEX_POINT('',#8951);
#3653=VERTEX_POINT('',#8953);
#3654=VERTEX_POINT('',#8955);
#3655=VERTEX_POINT('',#8960);
#3656=VERTEX_POINT('',#8962);
#3657=VERTEX_POINT('',#8964);
#3658=VERTEX_POINT('',#8969);
#3659=VERTEX_POINT('',#8971);
#3660=VERTEX_POINT('',#8973);
#3661=VERTEX_POINT('',#8980);
#3662=VERTEX_POINT('',#8981);
#3663=VERTEX_POINT('',#8983);
#3664=VERTEX_POINT('',#8985);
#3665=VERTEX_POINT('',#8987);
#3666=VERTEX_POINT('',#9018);
#3667=VERTEX_POINT('',#9020);
#3668=VERTEX_POINT('',#9022);
#3669=VERTEX_POINT('',#9024);
#3670=VERTEX_POINT('',#9055);
#3671=VERTEX_POINT('',#9057);
#3672=VERTEX_POINT('',#9059);
#3673=VERTEX_POINT('',#9061);
#3674=VERTEX_POINT('',#9092);
#3675=VERTEX_POINT('',#9094);
#3676=VERTEX_POINT('',#9096);
#3677=VERTEX_POINT('',#9098);
#3678=VERTEX_POINT('',#9129);
#3679=VERTEX_POINT('',#9131);
#3680=VERTEX_POINT('',#9133);
#3681=VERTEX_POINT('',#9135);
#3682=VERTEX_POINT('',#9166);
#3683=VERTEX_POINT('',#9168);
#3684=VERTEX_POINT('',#9170);
#3685=VERTEX_POINT('',#9172);
#3686=VERTEX_POINT('',#9203);
#3687=VERTEX_POINT('',#9205);
#3688=VERTEX_POINT('',#9207);
#3689=VERTEX_POINT('',#9209);
#3690=VERTEX_POINT('',#9240);
#3691=VERTEX_POINT('',#9242);
#3692=VERTEX_POINT('',#9245);
#3693=VERTEX_POINT('',#9275);
#3694=VERTEX_POINT('',#9305);
#3695=VERTEX_POINT('',#9335);
#3696=VERTEX_POINT('',#9365);
#3697=VERTEX_POINT('',#9395);
#3698=VERTEX_POINT('',#9425);
#3699=VERTEX_POINT('',#9455);
#3700=VERTEX_POINT('',#9485);
#3701=VERTEX_POINT('',#9488);
#3702=VERTEX_POINT('',#9491);
#3703=VERTEX_POINT('',#9494);
#3704=VERTEX_POINT('',#9497);
#3705=VERTEX_POINT('',#9501);
#3706=VERTEX_POINT('',#9506);
#3707=VERTEX_POINT('',#9509);
#3708=VERTEX_POINT('',#9510);
#3709=VERTEX_POINT('',#9518);
#3710=VERTEX_POINT('',#9519);
#3711=VERTEX_POINT('',#9521);
#3712=VERTEX_POINT('',#9524);
#3713=VERTEX_POINT('',#9527);
#3714=VERTEX_POINT('',#9530);
#3715=VERTEX_POINT('',#9533);
#3716=VERTEX_POINT('',#9536);
#3717=VERTEX_POINT('',#9539);
#3718=VERTEX_POINT('',#9543);
#3719=VERTEX_POINT('',#9558);
#3720=VERTEX_POINT('',#9590);
#3721=VERTEX_POINT('',#9608);
#3722=VERTEX_POINT('',#9626);
#3723=VERTEX_POINT('',#9644);
#3724=VERTEX_POINT('',#9662);
#3725=VERTEX_POINT('',#9680);
#3726=VERTEX_POINT('',#9698);
#3727=VERTEX_POINT('',#9829);
#3728=VERTEX_POINT('',#9830);
#3729=VERTEX_POINT('',#9832);
#3730=VERTEX_POINT('',#9834);
#3731=VERTEX_POINT('',#9837);
#3732=VERTEX_POINT('',#9838);
#3733=VERTEX_POINT('',#9840);
#3734=VERTEX_POINT('',#9842);
#3735=VERTEX_POINT('',#9846);
#3736=VERTEX_POINT('',#9847);
#3737=VERTEX_POINT('',#9850);
#3738=VERTEX_POINT('',#9852);
#3739=VERTEX_POINT('',#9856);
#3740=VERTEX_POINT('',#9857);
#3741=VERTEX_POINT('',#9862);
#3742=VERTEX_POINT('',#9868);
#3743=VERTEX_POINT('',#9875);
#3744=VERTEX_POINT('',#9877);
#3745=VERTEX_POINT('',#9879);
#3746=VERTEX_POINT('',#9881);
#3747=VERTEX_POINT('',#9887);
#3748=VERTEX_POINT('',#9889);
#3749=VERTEX_POINT('',#9891);
#3750=VERTEX_POINT('',#9893);
#3751=VERTEX_POINT('',#9897);
#3752=VERTEX_POINT('',#9901);
#3753=VERTEX_POINT('',#9907);
#3754=VERTEX_POINT('',#9909);
#3755=VERTEX_POINT('',#9913);
#3756=VERTEX_POINT('',#9914);
#3757=VERTEX_POINT('',#9916);
#3758=VERTEX_POINT('',#9921);
#3759=VERTEX_POINT('',#9925);
#3760=VERTEX_POINT('',#9926);
#3761=VERTEX_POINT('',#9928);
#3762=VERTEX_POINT('',#9930);
#3763=VERTEX_POINT('',#9937);
#3764=VERTEX_POINT('',#9943);
#3765=VERTEX_POINT('',#10546);
#3766=VERTEX_POINT('',#10547);
#3767=VERTEX_POINT('',#10555);
#3768=VERTEX_POINT('',#10563);
#3769=VERTEX_POINT('',#10571);
#3770=VERTEX_POINT('',#10576);
#3771=VERTEX_POINT('',#10581);
#3772=VERTEX_POINT('',#10586);
#3773=VERTEX_POINT('',#10591);
#3774=VERTEX_POINT('',#10623);
#3775=VERTEX_POINT('',#10635);
#3776=VERTEX_POINT('',#10640);
#3777=VERTEX_POINT('',#10645);
#3778=VERTEX_POINT('',#10657);
#3779=VERTEX_POINT('',#10662);
#3780=VERTEX_POINT('',#10667);
#3781=VERTEX_POINT('',#10675);
#3782=VERTEX_POINT('',#10683);
#3783=VERTEX_POINT('',#10692);
#3784=VERTEX_POINT('',#10697);
#3785=VERTEX_POINT('',#10706);
#3786=VERTEX_POINT('',#10707);
#3787=VERTEX_POINT('',#10714);
#3788=VERTEX_POINT('',#10719);
#3789=VERTEX_POINT('',#10731);
#3790=VERTEX_POINT('',#10732);
#3791=VERTEX_POINT('',#10737);
#3792=VERTEX_POINT('',#10742);
#3793=VERTEX_POINT('',#10758);
#3794=VERTEX_POINT('',#10763);
#3795=VERTEX_POINT('',#10768);
#3796=VERTEX_POINT('',#10773);
#3797=VERTEX_POINT('',#10807);
#3798=VERTEX_POINT('',#10808);
#3799=VERTEX_POINT('',#10810);
#3800=VERTEX_POINT('',#10812);
#3801=VERTEX_POINT('',#10815);
#3802=VERTEX_POINT('',#10816);
#3803=VERTEX_POINT('',#10818);
#3804=VERTEX_POINT('',#10820);
#3805=VERTEX_POINT('',#10823);
#3806=VERTEX_POINT('',#10824);
#3807=VERTEX_POINT('',#10826);
#3808=VERTEX_POINT('',#10828);
#3809=VERTEX_POINT('',#10830);
#3810=VERTEX_POINT('',#10832);
#3811=VERTEX_POINT('',#10834);
#3812=VERTEX_POINT('',#10836);
#3813=VERTEX_POINT('',#10838);
#3814=VERTEX_POINT('',#10840);
#3815=VERTEX_POINT('',#10842);
#3816=VERTEX_POINT('',#10844);
#3817=VERTEX_POINT('',#10846);
#3818=VERTEX_POINT('',#10848);
#3819=VERTEX_POINT('',#10850);
#3820=VERTEX_POINT('',#10852);
#3821=VERTEX_POINT('',#10854);
#3822=VERTEX_POINT('',#10856);
#3823=VERTEX_POINT('',#10858);
#3824=VERTEX_POINT('',#10860);
#3825=VERTEX_POINT('',#10862);
#3826=VERTEX_POINT('',#10864);
#3827=VERTEX_POINT('',#10866);
#3828=VERTEX_POINT('',#10868);
#3829=VERTEX_POINT('',#10870);
#3830=VERTEX_POINT('',#10872);
#3831=VERTEX_POINT('',#10883);
#3832=VERTEX_POINT('',#10885);
#3833=VERTEX_POINT('',#10897);
#3834=VERTEX_POINT('',#10898);
#3835=VERTEX_POINT('',#10900);
#3836=VERTEX_POINT('',#10902);
#3837=VERTEX_POINT('',#10906);
#3838=VERTEX_POINT('',#10907);
#3839=VERTEX_POINT('',#10909);
#3840=VERTEX_POINT('',#10912);
#3841=VERTEX_POINT('',#10914);
#3842=VERTEX_POINT('',#10920);
#3843=VERTEX_POINT('',#10923);
#3844=VERTEX_POINT('',#11679);
#3845=VERTEX_POINT('',#11680);
#3846=VERTEX_POINT('',#11719);
#3847=VERTEX_POINT('',#11736);
#3848=VERTEX_POINT('',#11755);
#3849=VERTEX_POINT('',#11760);
#3850=VERTEX_POINT('',#11767);
#3851=VERTEX_POINT('',#11772);
#3852=VERTEX_POINT('',#11951);
#3853=VERTEX_POINT('',#11961);
#3854=VERTEX_POINT('',#11977);
#3855=VERTEX_POINT('',#12010);
#3856=VERTEX_POINT('',#12023);
#3857=VERTEX_POINT('',#12025);
#3858=VERTEX_POINT('',#12035);
#3859=VERTEX_POINT('',#12037);
#3860=VERTEX_POINT('',#12038);
#3861=VERTEX_POINT('',#12054);
#3862=VERTEX_POINT('',#12056);
#3863=VERTEX_POINT('',#12073);
#3864=VERTEX_POINT('',#12076);
#3865=VERTEX_POINT('',#12083);
#3866=VERTEX_POINT('',#12085);
#3867=VERTEX_POINT('',#12088);
#3868=VERTEX_POINT('',#12090);
#3869=VERTEX_POINT('',#12093);
#3870=VERTEX_POINT('',#12095);
#3871=VERTEX_POINT('',#12099);
#3872=VERTEX_POINT('',#12101);
#3873=VERTEX_POINT('',#12125);
#3874=VERTEX_POINT('',#12127);
#3875=VERTEX_POINT('',#12131);
#3876=VERTEX_POINT('',#12137);
#3877=VERTEX_POINT('',#12145);
#3878=VERTEX_POINT('',#12147);
#3879=VERTEX_POINT('',#12150);
#3880=VERTEX_POINT('',#12152);
#3881=VERTEX_POINT('',#12155);
#3882=VERTEX_POINT('',#12156);
#3883=VERTEX_POINT('',#12158);
#3884=VERTEX_POINT('',#12160);
#3885=VERTEX_POINT('',#12162);
#3886=VERTEX_POINT('',#12164);
#3887=VERTEX_POINT('',#12168);
#3888=VERTEX_POINT('',#12169);
#3889=VERTEX_POINT('',#12171);
#3890=VERTEX_POINT('',#12173);
#3891=VERTEX_POINT('',#12175);
#3892=VERTEX_POINT('',#12177);
#3893=VERTEX_POINT('',#12181);
#3894=VERTEX_POINT('',#12182);
#3895=VERTEX_POINT('',#12184);
#3896=VERTEX_POINT('',#12186);
#3897=VERTEX_POINT('',#12190);
#3898=VERTEX_POINT('',#12191);
#3899=VERTEX_POINT('',#12193);
#3900=VERTEX_POINT('',#12195);
#3901=VERTEX_POINT('',#12199);
#3902=VERTEX_POINT('',#12200);
#3903=VERTEX_POINT('',#12202);
#3904=VERTEX_POINT('',#12208);
#3905=VERTEX_POINT('',#12210);
#3906=VERTEX_POINT('',#12212);
#3907=VERTEX_POINT('',#12216);
#3908=VERTEX_POINT('',#12217);
#3909=VERTEX_POINT('',#12219);
#3910=VERTEX_POINT('',#12225);
#3911=VERTEX_POINT('',#12227);
#3912=VERTEX_POINT('',#12229);
#3913=VERTEX_POINT('',#12233);
#3914=VERTEX_POINT('',#12234);
#3915=VERTEX_POINT('',#12239);
#3916=VERTEX_POINT('',#12243);
#3917=VERTEX_POINT('',#12245);
#3918=VERTEX_POINT('',#12249);
#3919=VERTEX_POINT('',#12259);
#3920=VERTEX_POINT('',#12260);
#3921=VERTEX_POINT('',#12262);
#3922=VERTEX_POINT('',#12264);
#3923=VERTEX_POINT('',#12274);
#3924=VERTEX_POINT('',#12276);
#3925=VERTEX_POINT('',#12283);
#3926=VERTEX_POINT('',#12288);
#3927=VERTEX_POINT('',#12293);
#3928=VERTEX_POINT('',#12295);
#3929=VERTEX_POINT('',#12299);
#3930=VERTEX_POINT('',#12300);
#3931=VERTEX_POINT('',#12302);
#3932=VERTEX_POINT('',#12304);
#3933=VERTEX_POINT('',#12307);
#3934=VERTEX_POINT('',#12311);
#3935=VERTEX_POINT('',#12313);
#3936=VERTEX_POINT('',#12315);
#3937=VERTEX_POINT('',#12317);
#3938=VERTEX_POINT('',#12319);
#3939=VERTEX_POINT('',#12323);
#3940=VERTEX_POINT('',#12327);
#3941=VERTEX_POINT('',#12329);
#3942=VERTEX_POINT('',#12333);
#3943=VERTEX_POINT('',#12335);
#3944=VERTEX_POINT('',#12339);
#3945=VERTEX_POINT('',#12341);
#3946=VERTEX_POINT('',#12345);
#3947=VERTEX_POINT('',#12347);
#3948=VERTEX_POINT('',#12349);
#3949=VERTEX_POINT('',#12351);
#3950=VERTEX_POINT('',#12355);
#3951=VERTEX_POINT('',#12362);
#3952=VERTEX_POINT('',#12366);
#3953=VERTEX_POINT('',#12372);
#3954=VERTEX_POINT('',#12374);
#3955=VERTEX_POINT('',#12380);
#3956=VERTEX_POINT('',#12382);
#3957=VERTEX_POINT('',#12402);
#3958=VERTEX_POINT('',#12403);
#3959=VERTEX_POINT('',#12405);
#3960=VERTEX_POINT('',#12407);
#3961=VERTEX_POINT('',#12409);
#3962=VERTEX_POINT('',#12413);
#3963=VERTEX_POINT('',#12414);
#3964=VERTEX_POINT('',#12416);
#3965=VERTEX_POINT('',#12418);
#3966=VERTEX_POINT('',#12420);
#3967=VERTEX_POINT('',#12430);
#3968=VERTEX_POINT('',#12432);
#3969=VERTEX_POINT('',#12434);
#3970=VERTEX_POINT('',#12438);
#3971=VERTEX_POINT('',#12442);
#3972=VERTEX_POINT('',#12443);
#3973=VERTEX_POINT('',#12449);
#3974=VERTEX_POINT('',#12451);
#3975=VERTEX_POINT('',#12468);
#3976=VERTEX_POINT('',#12471);
#3977=VERTEX_POINT('',#12475);
#3978=VERTEX_POINT('',#12476);
#3979=VERTEX_POINT('',#12479);
#3980=VERTEX_POINT('',#12481);
#3981=CIRCLE('',#5639,0.032);
#3982=CIRCLE('',#5640,0.007);
#3983=CIRCLE('',#5641,0.007);
#3984=CIRCLE('',#5643,0.005);
#3985=CIRCLE('',#5644,0.034);
#3986=CIRCLE('',#5645,0.005);
#3987=CIRCLE('',#5651,0.002);
#3988=CIRCLE('',#5653,0.002);
#3989=CIRCLE('',#5655,0.002);
#3990=CIRCLE('',#5657,0.002);
#3991=CIRCLE('',#5660,0.01);
#3992=CIRCLE('',#5661,0.01);
#3993=CIRCLE('',#5663,0.01);
#3994=CIRCLE('',#5664,0.01);
#3995=CIRCLE('',#5666,0.01);
#3996=CIRCLE('',#5667,0.01);
#3997=CIRCLE('',#5669,0.01);
#3998=CIRCLE('',#5670,0.01);
#3999=CIRCLE('',#5672,0.01);
#4000=CIRCLE('',#5673,0.01);
#4001=CIRCLE('',#5675,0.01);
#4002=CIRCLE('',#5676,0.01);
#4003=CIRCLE('',#5678,0.01);
#4004=CIRCLE('',#5679,0.01);
#4005=CIRCLE('',#5681,0.01);
#4006=CIRCLE('',#5682,0.01);
#4007=CIRCLE('',#5684,0.01);
#4008=CIRCLE('',#5685,0.01);
#4009=CIRCLE('',#5687,0.01);
#4010=CIRCLE('',#5688,0.01);
#4011=CIRCLE('',#5690,0.01);
#4012=CIRCLE('',#5691,0.01);
#4013=CIRCLE('',#5693,0.000823038274839125);
#4014=CIRCLE('',#5695,0.00124740577237862);
#4015=CIRCLE('',#5697,0.000823038274839125);
#4016=CIRCLE('',#5712,0.0128);
#4017=CIRCLE('',#5713,0.0098);
#4018=CIRCLE('',#5714,0.0098);
#4019=CIRCLE('',#5716,0.01);
#4020=CIRCLE('',#5717,0.01);
#4021=CIRCLE('',#5718,0.01);
#4022=CIRCLE('',#5732,0.0128);
#4023=CIRCLE('',#5733,0.0098);
#4024=CIRCLE('',#5734,0.0108557273697442);
#4025=CIRCLE('',#5735,0.0098);
#4026=CIRCLE('',#5736,0.0108557273697442);
#4027=CIRCLE('',#5737,0.0098);
#4028=CIRCLE('',#5738,0.0108557273697442);
#4029=CIRCLE('',#5740,0.00452320368474734);
#4030=CIRCLE('',#5742,0.00452320368474734);
#4031=CIRCLE('',#5744,0.00452320368474734);
#4032=CIRCLE('',#5746,0.0128);
#4033=CIRCLE('',#5748,0.0101552550807207);
#4034=CIRCLE('',#5750,0.00452320368474734);
#4035=CIRCLE('',#5751,0.00452320368474734);
#4036=CIRCLE('',#5752,0.00452320368474734);
#4037=CIRCLE('',#5753,0.00452320368474734);
#4038=CIRCLE('',#5756,0.0108557273697442);
#4039=CIRCLE('',#5761,0.0108557273697442);
#4040=CIRCLE('',#5766,0.0108557273697442);
#4041=CIRCLE('',#5771,0.0101552550807207);
#4042=CIRCLE('',#5773,0.0128);
#4043=CIRCLE('',#5782,0.00128407131584396);
#4044=CIRCLE('',#5784,0.00128407131584396);
#4045=CIRCLE('',#5787,0.00128407131584396);
#4046=CIRCLE('',#5790,0.00119221576649408);
#4047=CIRCLE('',#5793,0.00119221576649408);
#4048=CIRCLE('',#5796,0.00129382686943976);
#4049=CIRCLE('',#5799,0.00129382686943976);
#4050=CIRCLE('',#5803,0.0281495163923097);
#4051=CIRCLE('',#5804,0.02615);
#4052=CIRCLE('',#5805,0.02615);
#4053=CIRCLE('',#5806,0.02615);
#4054=CIRCLE('',#5807,0.02615);
#4055=CIRCLE('',#5808,0.02615);
#4056=CIRCLE('',#5809,0.02615);
#4057=CIRCLE('',#5810,0.02615);
#4058=CIRCLE('',#5811,0.02615);
#4059=CIRCLE('',#5813,0.0115);
#4060=CIRCLE('',#5814,0.0115);
#4061=CIRCLE('',#5816,0.0115);
#4062=CIRCLE('',#5817,0.0115);
#4063=CIRCLE('',#5819,0.0115);
#4064=CIRCLE('',#5820,0.0115);
#4065=CIRCLE('',#5822,0.0115);
#4066=CIRCLE('',#5823,0.0115);
#4067=CIRCLE('',#5825,0.0115);
#4068=CIRCLE('',#5826,0.0115);
#4069=CIRCLE('',#5828,0.0115);
#4070=CIRCLE('',#5829,0.0115);
#4071=CIRCLE('',#5831,0.0115);
#4072=CIRCLE('',#5832,0.0115);
#4073=CIRCLE('',#5834,0.02715);
#4074=CIRCLE('',#5835,0.02715);
#4075=CIRCLE('',#5837,0.02615);
#4076=CIRCLE('',#5839,0.02715);
#4077=CIRCLE('',#5841,0.0319332211945629);
#4078=CIRCLE('',#5843,0.032);
#4079=CIRCLE('',#5845,0.0281096885959502);
#4080=CIRCLE('',#5848,0.0281495163923097);
#4081=CIRCLE('',#5851,0.0115);
#4082=CIRCLE('',#5852,0.0105);
#4083=CIRCLE('',#5855,0.0115);
#4084=CIRCLE('',#5856,0.0105);
#4085=CIRCLE('',#5897,0.005);
#4086=CIRCLE('',#5898,0.005);
#4087=CIRCLE('',#5900,0.006);
#4088=CIRCLE('',#5902,0.011);
#4089=CIRCLE('',#5903,0.005);
#4090=CIRCLE('',#5904,0.005);
#4091=CIRCLE('',#5908,0.006);
#4092=CIRCLE('',#5914,0.002);
#4093=CIRCLE('',#5917,0.002);
#4094=CIRCLE('',#5921,0.032);
#4095=CIRCLE('',#5924,0.177130752086314);
#4096=CIRCLE('',#5930,0.032);
#4097=CIRCLE('',#5932,0.0295);
#4098=CIRCLE('',#5935,0.0295);
#4099=CIRCLE('',#5937,0.032);
#4100=CIRCLE('',#5938,0.032);
#4101=CIRCLE('',#5943,0.0249238471265863);
#4102=CIRCLE('',#5944,0.0270761528734137);
#4103=CIRCLE('',#5946,0.0236230317405935);
#4104=CIRCLE('',#5947,0.0245761528734137);
#4105=CIRCLE('',#5949,0.0186991846140072);
#4106=CIRCLE('',#5950,0.0186991846140072);
#4107=CIRCLE('',#5953,0.02);
#4108=CIRCLE('',#5954,0.02);
#4109=CIRCLE('',#5969,0.002);
#4110=CIRCLE('',#5970,0.002);
#4111=CIRCLE('',#5972,0.002);
#4112=CIRCLE('',#5973,0.002);
#4113=CIRCLE('',#5978,0.0015);
#4114=CIRCLE('',#5979,0.0015);
#4115=CIRCLE('',#5981,0.0015);
#4116=CIRCLE('',#5982,0.0015);
#4117=CIRCLE('',#5988,0.00275);
#4118=CIRCLE('',#5991,0.00275);
#4119=CIRCLE('',#5994,0.00275);
#4120=CIRCLE('',#5995,0.00275);
#4121=CIRCLE('',#5996,0.00275);
#4122=CIRCLE('',#5998,0.00275);
#4123=CIRCLE('',#5999,0.00275);
#4124=CIRCLE('',#6000,0.00275);
#4125=CIRCLE('',#6020,0.0005);
#4126=CIRCLE('',#6022,0.0005);
#4127=CIRCLE('',#6034,0.002);
#4128=CIRCLE('',#6036,0.002);
#4129=CIRCLE('',#6053,0.005);
#4130=CIRCLE('',#6054,0.005);
#4131=CIRCLE('',#6067,0.005);
#4132=CIRCLE('',#6068,0.005);
#4133=CIRCLE('',#6069,0.005);
#4134=CIRCLE('',#6070,0.005);
#4135=EDGE_LOOP('',(#1216,#1217,#1218,#1219,#1220,#1221,#1222,#1223));
#4136=EDGE_LOOP('',(#1224,#1225,#1226,#1227));
#4137=EDGE_LOOP('',(#1228,#1229,#1230,#1231,#1232,#1233,#1234,#1235));
#4138=EDGE_LOOP('',(#1236,#1237,#1238,#1239));
#4139=EDGE_LOOP('',(#1240,#1241,#1242,#1243));
#4140=EDGE_LOOP('',(#1244,#1245,#1246,#1247));
#4141=EDGE_LOOP('',(#1248,#1249,#1250,#1251));
#4142=EDGE_LOOP('',(#1252,#1253,#1254,#1255));
#4143=EDGE_LOOP('',(#1256,#1257,#1258,#1259));
#4144=EDGE_LOOP('',(#1260,#1261,#1262,#1263));
#4145=EDGE_LOOP('',(#1264,#1265,#1266,#1267));
#4146=EDGE_LOOP('',(#1268,#1269,#1270,#1271));
#4147=EDGE_LOOP('',(#1272,#1273,#1274,#1275));
#4148=EDGE_LOOP('',(#1276,#1277,#1278,#1279));
#4149=EDGE_LOOP('',(#1280,#1281,#1282,#1283));
#4150=EDGE_LOOP('',(#1284,#1285,#1286,#1287));
#4151=EDGE_LOOP('',(#1288,#1289,#1290,#1291));
#4152=EDGE_LOOP('',(#1292,#1293,#1294,#1295));
#4153=EDGE_LOOP('',(#1296,#1297,#1298,#1299));
#4154=EDGE_LOOP('',(#1300,#1301,#1302,#1303));
#4155=EDGE_LOOP('',(#1304,#1305,#1306,#1307));
#4156=EDGE_LOOP('',(#1308,#1309,#1310,#1311));
#4157=EDGE_LOOP('',(#1312,#1313,#1314,#1315));
#4158=EDGE_LOOP('',(#1316,#1317,#1318,#1319));
#4159=EDGE_LOOP('',(#1320,#1321,#1322,#1323));
#4160=EDGE_LOOP('',(#1324,#1325,#1326,#1327));
#4161=EDGE_LOOP('',(#1328,#1329,#1330,#1331));
#4162=EDGE_LOOP('',(#1332,#1333,#1334,#1335));
#4163=EDGE_LOOP('',(#1336,#1337,#1338,#1339));
#4164=EDGE_LOOP('',(#1340,#1341,#1342,#1343));
#4165=EDGE_LOOP('',(#1344,#1345,#1346,#1347));
#4166=EDGE_LOOP('',(#1348,#1349,#1350,#1351));
#4167=EDGE_LOOP('',(#1352,#1353,#1354,#1355));
#4168=EDGE_LOOP('',(#1356,#1357,#1358,#1359));
#4169=EDGE_LOOP('',(#1360,#1361,#1362,#1363));
#4170=EDGE_LOOP('',(#1364,#1365,#1366,#1367));
#4171=EDGE_LOOP('',(#1368,#1369,#1370,#1371));
#4172=EDGE_LOOP('',(#1372,#1373,#1374,#1375));
#4173=EDGE_LOOP('',(#1376,#1377,#1378,#1379));
#4174=EDGE_LOOP('',(#1380,#1381,#1382,#1383));
#4175=EDGE_LOOP('',(#1384,#1385,#1386,#1387));
#4176=EDGE_LOOP('',(#1388,#1389,#1390,#1391));
#4177=EDGE_LOOP('',(#1392,#1393,#1394,#1395));
#4178=EDGE_LOOP('',(#1396,#1397,#1398,#1399));
#4179=EDGE_LOOP('',(#1400,#1401,#1402,#1403));
#4180=EDGE_LOOP('',(#1404,#1405,#1406,#1407));
#4181=EDGE_LOOP('',(#1408,#1409,#1410,#1411));
#4182=EDGE_LOOP('',(#1412,#1413,#1414,#1415));
#4183=EDGE_LOOP('',(#1416,#1417,#1418,#1419));
#4184=EDGE_LOOP('',(#1420));
#4185=EDGE_LOOP('',(#1421,#1422,#1423,#1424,#1425,#1426,#1427,#1428,#1429,
#1430,#1431));
#4186=EDGE_LOOP('',(#1432));
#4187=EDGE_LOOP('',(#1433,#1434,#1435,#1436,#1437,#1438,#1439,#1440,#1441,
#1442,#1443));
#4188=EDGE_LOOP('',(#1444));
#4189=EDGE_LOOP('',(#1445));
#4190=EDGE_LOOP('',(#1446,#1447));
#4191=EDGE_LOOP('',(#1448,#1449));
#4192=EDGE_LOOP('',(#1450,#1451));
#4193=EDGE_LOOP('',(#1452,#1453));
#4194=EDGE_LOOP('',(#1454,#1455));
#4195=EDGE_LOOP('',(#1456,#1457));
#4196=EDGE_LOOP('',(#1458,#1459));
#4197=EDGE_LOOP('',(#1460,#1461));
#4198=EDGE_LOOP('',(#1462,#1463));
#4199=EDGE_LOOP('',(#1464,#1465));
#4200=EDGE_LOOP('',(#1466,#1467));
#4201=EDGE_LOOP('',(#1468));
#4202=EDGE_LOOP('',(#1469));
#4203=EDGE_LOOP('',(#1470));
#4204=EDGE_LOOP('',(#1471));
#4205=EDGE_LOOP('',(#1472));
#4206=EDGE_LOOP('',(#1473));
#4207=EDGE_LOOP('',(#1474));
#4208=EDGE_LOOP('',(#1475));
#4209=EDGE_LOOP('',(#1476));
#4210=EDGE_LOOP('',(#1477));
#4211=EDGE_LOOP('',(#1478));
#4212=EDGE_LOOP('',(#1479,#1480,#1481,#1482));
#4213=EDGE_LOOP('',(#1483));
#4214=EDGE_LOOP('',(#1484,#1485,#1486,#1487));
#4215=EDGE_LOOP('',(#1488,#1489,#1490,#1491));
#4216=EDGE_LOOP('',(#1492,#1493,#1494,#1495));
#4217=EDGE_LOOP('',(#1496));
#4218=EDGE_LOOP('',(#1497,#1498,#1499,#1500,#1501,#1502,#1503,#1504,#1505,
#1506));
#4219=EDGE_LOOP('',(#1507));
#4220=EDGE_LOOP('',(#1508,#1509,#1510,#1511));
#4221=EDGE_LOOP('',(#1512));
#4222=EDGE_LOOP('',(#1513,#1514,#1515,#1516,#1517,#1518,#1519,#1520,#1521,
#1522));
#4223=EDGE_LOOP('',(#1523));
#4224=EDGE_LOOP('',(#1524,#1525,#1526,#1527));
#4225=EDGE_LOOP('',(#1528));
#4226=EDGE_LOOP('',(#1529,#1530,#1531,#1532,#1533,#1534,#1535,#1536,#1537,
#1538,#1539,#1540));
#4227=EDGE_LOOP('',(#1541,#1542,#1543,#1544));
#4228=EDGE_LOOP('',(#1545,#1546,#1547,#1548));
#4229=EDGE_LOOP('',(#1549,#1550,#1551,#1552));
#4230=EDGE_LOOP('',(#1553));
#4231=EDGE_LOOP('',(#1554));
#4232=EDGE_LOOP('',(#1555));
#4233=EDGE_LOOP('',(#1556));
#4234=EDGE_LOOP('',(#1557,#1558,#1559,#1560,#1561,#1562,#1563,#1564,#1565,
#1566,#1567,#1568));
#4235=EDGE_LOOP('',(#1569));
#4236=EDGE_LOOP('',(#1570));
#4237=EDGE_LOOP('',(#1571,#1572,#1573,#1574));
#4238=EDGE_LOOP('',(#1575,#1576,#1577,#1578,#1579));
#4239=EDGE_LOOP('',(#1580,#1581,#1582,#1583,#1584));
#4240=EDGE_LOOP('',(#1585,#1586,#1587,#1588));
#4241=EDGE_LOOP('',(#1589,#1590,#1591,#1592));
#4242=EDGE_LOOP('',(#1593,#1594,#1595,#1596,#1597));
#4243=EDGE_LOOP('',(#1598,#1599,#1600,#1601,#1602));
#4244=EDGE_LOOP('',(#1603,#1604,#1605,#1606));
#4245=EDGE_LOOP('',(#1607,#1608,#1609,#1610));
#4246=EDGE_LOOP('',(#1611,#1612,#1613,#1614,#1615));
#4247=EDGE_LOOP('',(#1616,#1617,#1618,#1619,#1620));
#4248=EDGE_LOOP('',(#1621,#1622,#1623,#1624));
#4249=EDGE_LOOP('',(#1625));
#4250=EDGE_LOOP('',(#1626));
#4251=EDGE_LOOP('',(#1627));
#4252=EDGE_LOOP('',(#1628));
#4253=EDGE_LOOP('',(#1629));
#4254=EDGE_LOOP('',(#1630));
#4255=EDGE_LOOP('',(#1631,#1632));
#4256=EDGE_LOOP('',(#1633));
#4257=EDGE_LOOP('',(#1634,#1635));
#4258=EDGE_LOOP('',(#1636));
#4259=EDGE_LOOP('',(#1637,#1638));
#4260=EDGE_LOOP('',(#1639));
#4261=EDGE_LOOP('',(#1640));
#4262=EDGE_LOOP('',(#1641,#1642,#1643,#1644));
#4263=EDGE_LOOP('',(#1645,#1646,#1647,#1648));
#4264=EDGE_LOOP('',(#1649,#1650,#1651,#1652,#1653,#1654));
#4265=EDGE_LOOP('',(#1655));
#4266=EDGE_LOOP('',(#1656));
#4267=EDGE_LOOP('',(#1657));
#4268=EDGE_LOOP('',(#1658));
#4269=EDGE_LOOP('',(#1659));
#4270=EDGE_LOOP('',(#1660,#1661,#1662,#1663));
#4271=EDGE_LOOP('',(#1664,#1665));
#4272=EDGE_LOOP('',(#1666,#1667,#1668,#1669));
#4273=EDGE_LOOP('',(#1670,#1671,#1672,#1673));
#4274=EDGE_LOOP('',(#1674,#1675));
#4275=EDGE_LOOP('',(#1676));
#4276=EDGE_LOOP('',(#1677,#1678,#1679,#1680));
#4277=EDGE_LOOP('',(#1681));
#4278=EDGE_LOOP('',(#1682));
#4279=EDGE_LOOP('',(#1683,#1684,#1685,#1686,#1687,#1688,#1689,#1690,#1691,
#1692,#1693,#1694,#1695,#1696,#1697,#1698,#1699,#1700,#1701,#1702,#1703,
#1704,#1705,#1706));
#4280=EDGE_LOOP('',(#1707,#1708,#1709,#1710,#1711));
#4281=EDGE_LOOP('',(#1712,#1713,#1714,#1715,#1716));
#4282=EDGE_LOOP('',(#1717,#1718,#1719,#1720,#1721));
#4283=EDGE_LOOP('',(#1722,#1723,#1724,#1725,#1726));
#4284=EDGE_LOOP('',(#1727,#1728,#1729,#1730,#1731));
#4285=EDGE_LOOP('',(#1732,#1733,#1734,#1735,#1736));
#4286=EDGE_LOOP('',(#1737,#1738,#1739,#1740,#1741));
#4287=EDGE_LOOP('',(#1742));
#4288=EDGE_LOOP('',(#1743));
#4289=EDGE_LOOP('',(#1744,#1745,#1746,#1747,#1748,#1749,#1750,#1751,#1752,
#1753,#1754,#1755,#1756,#1757,#1758,#1759,#1760,#1761,#1762,#1763,#1764,
#1765,#1766,#1767));
#4290=EDGE_LOOP('',(#1768));
#4291=EDGE_LOOP('',(#1769));
#4292=EDGE_LOOP('',(#1770));
#4293=EDGE_LOOP('',(#1771));
#4294=EDGE_LOOP('',(#1772));
#4295=EDGE_LOOP('',(#1773));
#4296=EDGE_LOOP('',(#1774));
#4297=EDGE_LOOP('',(#1775));
#4298=EDGE_LOOP('',(#1776));
#4299=EDGE_LOOP('',(#1777));
#4300=EDGE_LOOP('',(#1778));
#4301=EDGE_LOOP('',(#1779));
#4302=EDGE_LOOP('',(#1780));
#4303=EDGE_LOOP('',(#1781));
#4304=EDGE_LOOP('',(#1782));
#4305=EDGE_LOOP('',(#1783,#1784,#1785,#1786,#1787,#1788,#1789,#1790));
#4306=EDGE_LOOP('',(#1791));
#4307=EDGE_LOOP('',(#1792,#1793,#1794,#1795));
#4308=EDGE_LOOP('',(#1796,#1797,#1798,#1799,#1800,#1801,#1802,#1803,#1804,
#1805,#1806,#1807,#1808,#1809,#1810,#1811,#1812,#1813,#1814,#1815,#1816,
#1817,#1818,#1819));
#4309=EDGE_LOOP('',(#1820));
#4310=EDGE_LOOP('',(#1821,#1822,#1823,#1824,#1825));
#4311=EDGE_LOOP('',(#1826,#1827,#1828,#1829));
#4312=EDGE_LOOP('',(#1830,#1831,#1832,#1833,#1834));
#4313=EDGE_LOOP('',(#1835));
#4314=EDGE_LOOP('',(#1836));
#4315=EDGE_LOOP('',(#1837,#1838,#1839,#1840));
#4316=EDGE_LOOP('',(#1841,#1842,#1843,#1844,#1845));
#4317=EDGE_LOOP('',(#1846,#1847,#1848,#1849));
#4318=EDGE_LOOP('',(#1850,#1851,#1852,#1853));
#4319=EDGE_LOOP('',(#1854,#1855,#1856,#1857,#1858));
#4320=EDGE_LOOP('',(#1859,#1860,#1861,#1862));
#4321=EDGE_LOOP('',(#1863,#1864,#1865,#1866));
#4322=EDGE_LOOP('',(#1867,#1868,#1869,#1870,#1871));
#4323=EDGE_LOOP('',(#1872,#1873,#1874,#1875));
#4324=EDGE_LOOP('',(#1876,#1877,#1878,#1879));
#4325=EDGE_LOOP('',(#1880,#1881,#1882,#1883,#1884));
#4326=EDGE_LOOP('',(#1885,#1886,#1887,#1888));
#4327=EDGE_LOOP('',(#1889,#1890,#1891,#1892));
#4328=EDGE_LOOP('',(#1893,#1894,#1895,#1896,#1897));
#4329=EDGE_LOOP('',(#1898,#1899,#1900,#1901));
#4330=EDGE_LOOP('',(#1902,#1903,#1904,#1905));
#4331=EDGE_LOOP('',(#1906,#1907,#1908,#1909,#1910));
#4332=EDGE_LOOP('',(#1911,#1912,#1913,#1914));
#4333=EDGE_LOOP('',(#1915,#1916,#1917,#1918));
#4334=EDGE_LOOP('',(#1919,#1920,#1921,#1922,#1923));
#4335=EDGE_LOOP('',(#1924,#1925,#1926,#1927));
#4336=EDGE_LOOP('',(#1928,#1929,#1930,#1931,#1932,#1933));
#4337=EDGE_LOOP('',(#1934,#1935,#1936,#1937,#1938,#1939));
#4338=EDGE_LOOP('',(#1940,#1941,#1942,#1943,#1944,#1945));
#4339=EDGE_LOOP('',(#1946,#1947,#1948,#1949,#1950,#1951));
#4340=EDGE_LOOP('',(#1952,#1953,#1954,#1955,#1956,#1957));
#4341=EDGE_LOOP('',(#1958,#1959,#1960,#1961,#1962,#1963));
#4342=EDGE_LOOP('',(#1964,#1965,#1966,#1967,#1968,#1969));
#4343=EDGE_LOOP('',(#1970,#1971,#1972,#1973,#1974,#1975));
#4344=EDGE_LOOP('',(#1976,#1977,#1978,#1979));
#4345=EDGE_LOOP('',(#1980,#1981,#1982,#1983));
#4346=EDGE_LOOP('',(#1984,#1985,#1986,#1987,#1988,#1989));
#4347=EDGE_LOOP('',(#1990,#1991,#1992,#1993));
#4348=EDGE_LOOP('',(#1994,#1995,#1996,#1997));
#4349=EDGE_LOOP('',(#1998,#1999,#2000,#2001));
#4350=EDGE_LOOP('',(#2002,#2003,#2004,#2005,#2006,#2007));
#4351=EDGE_LOOP('',(#2008,#2009,#2010,#2011));
#4352=EDGE_LOOP('',(#2012,#2013,#2014,#2015));
#4353=EDGE_LOOP('',(#2016,#2017,#2018,#2019,#2020,#2021,#2022,#2023,#2024,
#2025));
#4354=EDGE_LOOP('',(#2026,#2027,#2028,#2029));
#4355=EDGE_LOOP('',(#2030,#2031,#2032,#2033));
#4356=EDGE_LOOP('',(#2034,#2035,#2036,#2037));
#4357=EDGE_LOOP('',(#2038,#2039,#2040,#2041,#2042,#2043,#2044,#2045));
#4358=EDGE_LOOP('',(#2046,#2047,#2048,#2049,#2050,#2051));
#4359=EDGE_LOOP('',(#2052,#2053,#2054,#2055));
#4360=EDGE_LOOP('',(#2056,#2057,#2058,#2059));
#4361=EDGE_LOOP('',(#2060,#2061,#2062,#2063));
#4362=EDGE_LOOP('',(#2064,#2065,#2066,#2067,#2068,#2069));
#4363=EDGE_LOOP('',(#2070,#2071,#2072,#2073));
#4364=EDGE_LOOP('',(#2074,#2075,#2076,#2077,#2078,#2079));
#4365=EDGE_LOOP('',(#2080,#2081,#2082,#2083,#2084));
#4366=EDGE_LOOP('',(#2085,#2086,#2087,#2088,#2089));
#4367=EDGE_LOOP('',(#2090,#2091,#2092,#2093,#2094,#2095,#2096,#2097,#2098,
#2099,#2100,#2101,#2102,#2103,#2104,#2105,#2106,#2107,#2108,#2109));
#4368=EDGE_LOOP('',(#2110,#2111,#2112,#2113));
#4369=EDGE_LOOP('',(#2114,#2115,#2116,#2117,#2118,#2119,#2120,#2121));
#4370=EDGE_LOOP('',(#2122,#2123,#2124,#2125));
#4371=EDGE_LOOP('',(#2126,#2127,#2128,#2129));
#4372=EDGE_LOOP('',(#2130,#2131,#2132,#2133,#2134,#2135,#2136,#2137,#2138,
#2139,#2140,#2141,#2142,#2143,#2144,#2145,#2146,#2147,#2148,#2149,#2150,
#2151,#2152,#2153,#2154,#2155));
#4373=EDGE_LOOP('',(#2156,#2157));
#4374=EDGE_LOOP('',(#2158,#2159,#2160,#2161,#2162,#2163,#2164,#2165,#2166,
#2167));
#4375=EDGE_LOOP('',(#2168,#2169,#2170,#2171));
#4376=EDGE_LOOP('',(#2172,#2173,#2174,#2175,#2176,#2177));
#4377=EDGE_LOOP('',(#2178,#2179,#2180));
#4378=EDGE_LOOP('',(#2181,#2182,#2183,#2184,#2185,#2186));
#4379=EDGE_LOOP('',(#2187,#2188,#2189,#2190,#2191));
#4380=EDGE_LOOP('',(#2192,#2193,#2194,#2195,#2196,#2197,#2198,#2199));
#4381=EDGE_LOOP('',(#2200,#2201,#2202,#2203,#2204,#2205,#2206,#2207));
#4382=EDGE_LOOP('',(#2208,#2209,#2210,#2211));
#4383=EDGE_LOOP('',(#2212,#2213,#2214,#2215));
#4384=EDGE_LOOP('',(#2216,#2217,#2218,#2219,#2220,#2221));
#4385=EDGE_LOOP('',(#2222));
#4386=EDGE_LOOP('',(#2223,#2224,#2225,#2226));
#4387=EDGE_LOOP('',(#2227));
#4388=EDGE_LOOP('',(#2228));
#4389=EDGE_LOOP('',(#2229,#2230));
#4390=EDGE_LOOP('',(#2231,#2232));
#4391=EDGE_LOOP('',(#2233,#2234));
#4392=EDGE_LOOP('',(#2235));
#4393=EDGE_LOOP('',(#2236,#2237));
#4394=EDGE_LOOP('',(#2238));
#4395=EDGE_LOOP('',(#2239));
#4396=EDGE_LOOP('',(#2240));
#4397=EDGE_LOOP('',(#2241));
#4398=EDGE_LOOP('',(#2242));
#4399=EDGE_LOOP('',(#2243));
#4400=EDGE_LOOP('',(#2244));
#4401=EDGE_LOOP('',(#2245));
#4402=EDGE_LOOP('',(#2246));
#4403=EDGE_LOOP('',(#2247));
#4404=EDGE_LOOP('',(#2248));
#4405=EDGE_LOOP('',(#2249));
#4406=EDGE_LOOP('',(#2250,#2251,#2252,#2253,#2254));
#4407=EDGE_LOOP('',(#2255,#2256,#2257,#2258,#2259,#2260,#2261,#2262));
#4408=EDGE_LOOP('',(#2263,#2264,#2265,#2266,#2267,#2268));
#4409=EDGE_LOOP('',(#2269,#2270,#2271,#2272));
#4410=EDGE_LOOP('',(#2273,#2274,#2275,#2276,#2277));
#4411=EDGE_LOOP('',(#2278,#2279,#2280,#2281));
#4412=EDGE_LOOP('',(#2282,#2283,#2284,#2285,#2286));
#4413=EDGE_LOOP('',(#2287,#2288,#2289));
#4414=EDGE_LOOP('',(#2290,#2291));
#4415=EDGE_LOOP('',(#2292,#2293,#2294,#2295));
#4416=EDGE_LOOP('',(#2296,#2297,#2298,#2299));
#4417=EDGE_LOOP('',(#2300,#2301,#2302,#2303));
#4418=EDGE_LOOP('',(#2304,#2305,#2306,#2307,#2308,#2309,#2310));
#4419=EDGE_LOOP('',(#2311,#2312,#2313,#2314,#2315,#2316,#2317));
#4420=EDGE_LOOP('',(#2318,#2319,#2320,#2321));
#4421=EDGE_LOOP('',(#2322,#2323,#2324,#2325));
#4422=EDGE_LOOP('',(#2326,#2327,#2328,#2329));
#4423=EDGE_LOOP('',(#2330));
#4424=EDGE_LOOP('',(#2331));
#4425=EDGE_LOOP('',(#2332));
#4426=EDGE_LOOP('',(#2333));
#4427=EDGE_LOOP('',(#2334,#2335,#2336,#2337,#2338,#2339));
#4428=EDGE_LOOP('',(#2340,#2341,#2342,#2343,#2344,#2345));
#4429=EDGE_LOOP('',(#2346,#2347,#2348,#2349));
#4430=EDGE_LOOP('',(#2350,#2351,#2352,#2353));
#4431=EDGE_LOOP('',(#2354,#2355,#2356,#2357,#2358,#2359));
#4432=EDGE_LOOP('',(#2360,#2361,#2362,#2363,#2364,#2365));
#4433=EDGE_LOOP('',(#2366,#2367,#2368,#2369));
#4434=EDGE_LOOP('',(#2370,#2371,#2372,#2373));
#4435=EDGE_LOOP('',(#2374,#2375,#2376,#2377));
#4436=EDGE_LOOP('',(#2378,#2379,#2380,#2381));
#4437=EDGE_LOOP('',(#2382,#2383,#2384,#2385));
#4438=EDGE_LOOP('',(#2386,#2387,#2388,#2389));
#4439=EDGE_LOOP('',(#2390,#2391,#2392,#2393));
#4440=EDGE_LOOP('',(#2394,#2395,#2396,#2397));
#4441=EDGE_LOOP('',(#2398,#2399,#2400,#2401));
#4442=EDGE_LOOP('',(#2402,#2403,#2404,#2405));
#4443=EDGE_LOOP('',(#2406,#2407,#2408,#2409));
#4444=EDGE_LOOP('',(#2410,#2411,#2412,#2413,#2414));
#4445=EDGE_LOOP('',(#2415,#2416,#2417,#2418,#2419));
#4446=EDGE_LOOP('',(#2420,#2421,#2422,#2423));
#4447=EDGE_LOOP('',(#2424,#2425,#2426,#2427,#2428,#2429,#2430));
#4448=EDGE_LOOP('',(#2431,#2432,#2433,#2434,#2435,#2436,#2437));
#4449=EDGE_LOOP('',(#2438,#2439,#2440));
#4450=EDGE_LOOP('',(#2441,#2442,#2443,#2444));
#4451=EDGE_LOOP('',(#2445,#2446,#2447,#2448,#2449,#2450));
#4452=EDGE_LOOP('',(#2451,#2452,#2453,#2454,#2455,#2456,#2457));
#4453=EDGE_LOOP('',(#2458,#2459,#2460,#2461,#2462,#2463,#2464));
#4454=EDGE_LOOP('',(#2465,#2466,#2467,#2468,#2469,#2470));
#4455=EDGE_LOOP('',(#2471,#2472,#2473,#2474));
#4456=EDGE_LOOP('',(#2475,#2476,#2477,#2478));
#4457=EDGE_LOOP('',(#2479,#2480,#2481,#2482));
#4458=EDGE_LOOP('',(#2483,#2484,#2485,#2486));
#4459=EDGE_LOOP('',(#2487,#2488,#2489,#2490,#2491,#2492));
#4460=EDGE_LOOP('',(#2493,#2494,#2495,#2496,#2497,#2498));
#4461=EDGE_LOOP('',(#2499,#2500,#2501,#2502));
#4462=EDGE_LOOP('',(#2503,#2504,#2505,#2506));
#4463=EDGE_LOOP('',(#2507,#2508,#2509,#2510,#2511));
#4464=EDGE_LOOP('',(#2512,#2513,#2514,#2515,#2516));
#4465=EDGE_LOOP('',(#2517,#2518,#2519,#2520));
#4466=EDGE_LOOP('',(#2521,#2522,#2523,#2524));
#4467=EDGE_LOOP('',(#2525,#2526,#2527,#2528));
#4468=EDGE_LOOP('',(#2529,#2530,#2531,#2532,#2533));
#4469=EDGE_LOOP('',(#2534,#2535,#2536,#2537,#2538));
#4470=EDGE_LOOP('',(#2539,#2540,#2541,#2542));
#4471=EDGE_LOOP('',(#2543,#2544,#2545));
#4472=EDGE_LOOP('',(#2546,#2547,#2548,#2549,#2550,#2551));
#4473=EDGE_LOOP('',(#2552,#2553,#2554,#2555,#2556,#2557,#2558,#2559,#2560,
#2561,#2562,#2563));
#4474=EDGE_LOOP('',(#2564,#2565,#2566,#2567));
#4475=EDGE_LOOP('',(#2568,#2569,#2570,#2571,#2572,#2573,#2574,#2575,#2576,
#2577,#2578,#2579,#2580,#2581,#2582,#2583,#2584,#2585,#2586,#2587));
#4476=EDGE_LOOP('',(#2588,#2589,#2590,#2591));
#4477=EDGE_LOOP('',(#2592,#2593,#2594,#2595,#2596,#2597));
#4478=EDGE_LOOP('',(#2598,#2599,#2600,#2601,#2602,#2603));
#4479=EDGE_LOOP('',(#2604,#2605,#2606,#2607,#2608,#2609));
#4480=EDGE_LOOP('',(#2610,#2611,#2612,#2613));
#4481=EDGE_LOOP('',(#2614,#2615,#2616,#2617));
#4482=EDGE_LOOP('',(#2618,#2619,#2620,#2621,#2622,#2623,#2624,#2625,#2626,
#2627,#2628,#2629,#2630,#2631,#2632,#2633));
#4483=EDGE_LOOP('',(#2634,#2635,#2636,#2637));
#4484=EDGE_LOOP('',(#2638,#2639,#2640,#2641));
#4485=EDGE_LOOP('',(#2642));
#4486=EDGE_LOOP('',(#2643,#2644,#2645,#2646,#2647,#2648,#2649,#2650,#2651,
#2652,#2653,#2654,#2655,#2656));
#4487=EDGE_LOOP('',(#2657));
#4488=EDGE_LOOP('',(#2658,#2659,#2660,#2661,#2662,#2663));
#4489=EDGE_LOOP('',(#2664));
#4490=EDGE_LOOP('',(#2665));
#4491=EDGE_LOOP('',(#2666,#2667,#2668,#2669,#2670,#2671,#2672,#2673,#2674,
#2675,#2676,#2677,#2678,#2679));
#4492=EDGE_LOOP('',(#2680,#2681,#2682,#2683));
#4493=EDGE_LOOP('',(#2684,#2685));
#4494=EDGE_LOOP('',(#2686,#2687));
#4495=EDGE_LOOP('',(#2688,#2689,#2690,#2691,#2692));
#4496=EDGE_LOOP('',(#2693,#2694,#2695,#2696,#2697));
#4497=EDGE_LOOP('',(#2698,#2699,#2700));
#4498=EDGE_LOOP('',(#2701,#2702,#2703));
#4499=EDGE_LOOP('',(#2704,#2705,#2706,#2707,#2708,#2709));
#4500=EDGE_LOOP('',(#2710,#2711,#2712,#2713));
#4501=EDGE_LOOP('',(#2714,#2715,#2716,#2717));
#4502=EDGE_LOOP('',(#2718,#2719,#2720,#2721));
#4503=EDGE_LOOP('',(#2722,#2723,#2724,#2725));
#4504=EDGE_LOOP('',(#2726));
#4505=EDGE_LOOP('',(#2727));
#4506=EDGE_LOOP('',(#2728));
#4507=EDGE_LOOP('',(#2729));
#4508=EDGE_LOOP('',(#2730));
#4509=EDGE_LOOP('',(#2731));
#4510=FACE_BOUND('',#4135,.T.);
#4511=FACE_BOUND('',#4136,.T.);
#4512=FACE_BOUND('',#4137,.T.);
#4513=FACE_BOUND('',#4138,.T.);
#4514=FACE_BOUND('',#4139,.T.);
#4515=FACE_BOUND('',#4140,.T.);
#4516=FACE_BOUND('',#4141,.T.);
#4517=FACE_BOUND('',#4142,.T.);
#4518=FACE_BOUND('',#4143,.T.);
#4519=FACE_BOUND('',#4144,.T.);
#4520=FACE_BOUND('',#4145,.T.);
#4521=FACE_BOUND('',#4146,.T.);
#4522=FACE_BOUND('',#4147,.T.);
#4523=FACE_BOUND('',#4148,.T.);
#4524=FACE_BOUND('',#4149,.T.);
#4525=FACE_BOUND('',#4150,.T.);
#4526=FACE_BOUND('',#4151,.T.);
#4527=FACE_BOUND('',#4152,.T.);
#4528=FACE_BOUND('',#4153,.T.);
#4529=FACE_BOUND('',#4154,.T.);
#4530=FACE_BOUND('',#4155,.T.);
#4531=FACE_BOUND('',#4156,.T.);
#4532=FACE_BOUND('',#4157,.T.);
#4533=FACE_BOUND('',#4158,.T.);
#4534=FACE_BOUND('',#4159,.T.);
#4535=FACE_BOUND('',#4160,.T.);
#4536=FACE_BOUND('',#4161,.T.);
#4537=FACE_BOUND('',#4162,.T.);
#4538=FACE_BOUND('',#4163,.T.);
#4539=FACE_BOUND('',#4164,.T.);
#4540=FACE_BOUND('',#4165,.T.);
#4541=FACE_BOUND('',#4166,.T.);
#4542=FACE_BOUND('',#4167,.T.);
#4543=FACE_BOUND('',#4168,.T.);
#4544=FACE_BOUND('',#4169,.T.);
#4545=FACE_BOUND('',#4170,.T.);
#4546=FACE_BOUND('',#4171,.T.);
#4547=FACE_BOUND('',#4172,.T.);
#4548=FACE_BOUND('',#4173,.T.);
#4549=FACE_BOUND('',#4174,.T.);
#4550=FACE_BOUND('',#4175,.T.);
#4551=FACE_BOUND('',#4176,.T.);
#4552=FACE_BOUND('',#4177,.T.);
#4553=FACE_BOUND('',#4178,.T.);
#4554=FACE_BOUND('',#4179,.T.);
#4555=FACE_BOUND('',#4180,.T.);
#4556=FACE_BOUND('',#4181,.T.);
#4557=FACE_BOUND('',#4182,.T.);
#4558=FACE_BOUND('',#4183,.T.);
#4559=FACE_BOUND('',#4184,.T.);
#4560=FACE_BOUND('',#4185,.T.);
#4561=FACE_BOUND('',#4186,.T.);
#4562=FACE_BOUND('',#4187,.T.);
#4563=FACE_BOUND('',#4188,.T.);
#4564=FACE_BOUND('',#4189,.T.);
#4565=FACE_BOUND('',#4190,.T.);
#4566=FACE_BOUND('',#4191,.T.);
#4567=FACE_BOUND('',#4192,.T.);
#4568=FACE_BOUND('',#4193,.T.);
#4569=FACE_BOUND('',#4194,.T.);
#4570=FACE_BOUND('',#4195,.T.);
#4571=FACE_BOUND('',#4196,.T.);
#4572=FACE_BOUND('',#4197,.T.);
#4573=FACE_BOUND('',#4198,.T.);
#4574=FACE_BOUND('',#4199,.T.);
#4575=FACE_BOUND('',#4200,.T.);
#4576=FACE_BOUND('',#4201,.T.);
#4577=FACE_BOUND('',#4202,.T.);
#4578=FACE_BOUND('',#4203,.T.);
#4579=FACE_BOUND('',#4204,.T.);
#4580=FACE_BOUND('',#4205,.T.);
#4581=FACE_BOUND('',#4206,.T.);
#4582=FACE_BOUND('',#4207,.T.);
#4583=FACE_BOUND('',#4208,.T.);
#4584=FACE_BOUND('',#4209,.T.);
#4585=FACE_BOUND('',#4210,.T.);
#4586=FACE_BOUND('',#4211,.T.);
#4587=FACE_BOUND('',#4212,.T.);
#4588=FACE_BOUND('',#4213,.T.);
#4589=FACE_BOUND('',#4214,.T.);
#4590=FACE_BOUND('',#4215,.T.);
#4591=FACE_BOUND('',#4216,.T.);
#4592=FACE_BOUND('',#4217,.T.);
#4593=FACE_BOUND('',#4218,.T.);
#4594=FACE_BOUND('',#4219,.T.);
#4595=FACE_BOUND('',#4220,.T.);
#4596=FACE_BOUND('',#4221,.T.);
#4597=FACE_BOUND('',#4222,.T.);
#4598=FACE_BOUND('',#4223,.T.);
#4599=FACE_BOUND('',#4224,.T.);
#4600=FACE_BOUND('',#4225,.T.);
#4601=FACE_BOUND('',#4226,.T.);
#4602=FACE_BOUND('',#4227,.T.);
#4603=FACE_BOUND('',#4228,.T.);
#4604=FACE_BOUND('',#4229,.T.);
#4605=FACE_BOUND('',#4230,.T.);
#4606=FACE_BOUND('',#4231,.T.);
#4607=FACE_BOUND('',#4232,.T.);
#4608=FACE_BOUND('',#4233,.T.);
#4609=FACE_BOUND('',#4234,.T.);
#4610=FACE_BOUND('',#4235,.T.);
#4611=FACE_BOUND('',#4236,.T.);
#4612=FACE_BOUND('',#4237,.T.);
#4613=FACE_BOUND('',#4238,.T.);
#4614=FACE_BOUND('',#4239,.T.);
#4615=FACE_BOUND('',#4240,.T.);
#4616=FACE_BOUND('',#4241,.T.);
#4617=FACE_BOUND('',#4242,.T.);
#4618=FACE_BOUND('',#4243,.T.);
#4619=FACE_BOUND('',#4244,.T.);
#4620=FACE_BOUND('',#4245,.T.);
#4621=FACE_BOUND('',#4246,.T.);
#4622=FACE_BOUND('',#4247,.T.);
#4623=FACE_BOUND('',#4248,.T.);
#4624=FACE_BOUND('',#4249,.T.);
#4625=FACE_BOUND('',#4250,.T.);
#4626=FACE_BOUND('',#4251,.T.);
#4627=FACE_BOUND('',#4252,.T.);
#4628=FACE_BOUND('',#4253,.T.);
#4629=FACE_BOUND('',#4254,.T.);
#4630=FACE_BOUND('',#4255,.T.);
#4631=FACE_BOUND('',#4256,.T.);
#4632=FACE_BOUND('',#4257,.T.);
#4633=FACE_BOUND('',#4258,.T.);
#4634=FACE_BOUND('',#4259,.T.);
#4635=FACE_BOUND('',#4260,.T.);
#4636=FACE_BOUND('',#4261,.T.);
#4637=FACE_BOUND('',#4262,.T.);
#4638=FACE_BOUND('',#4263,.T.);
#4639=FACE_BOUND('',#4264,.T.);
#4640=FACE_BOUND('',#4265,.T.);
#4641=FACE_BOUND('',#4266,.T.);
#4642=FACE_BOUND('',#4267,.T.);
#4643=FACE_BOUND('',#4268,.T.);
#4644=FACE_BOUND('',#4269,.T.);
#4645=FACE_BOUND('',#4270,.T.);
#4646=FACE_BOUND('',#4271,.T.);
#4647=FACE_BOUND('',#4272,.T.);
#4648=FACE_BOUND('',#4273,.T.);
#4649=FACE_BOUND('',#4274,.T.);
#4650=FACE_BOUND('',#4275,.T.);
#4651=FACE_BOUND('',#4276,.T.);
#4652=FACE_BOUND('',#4277,.T.);
#4653=FACE_BOUND('',#4278,.T.);
#4654=FACE_BOUND('',#4279,.T.);
#4655=FACE_BOUND('',#4280,.T.);
#4656=FACE_BOUND('',#4281,.T.);
#4657=FACE_BOUND('',#4282,.T.);
#4658=FACE_BOUND('',#4283,.T.);
#4659=FACE_BOUND('',#4284,.T.);
#4660=FACE_BOUND('',#4285,.T.);
#4661=FACE_BOUND('',#4286,.T.);
#4662=FACE_BOUND('',#4287,.T.);
#4663=FACE_BOUND('',#4288,.T.);
#4664=FACE_BOUND('',#4289,.T.);
#4665=FACE_BOUND('',#4290,.T.);
#4666=FACE_BOUND('',#4291,.T.);
#4667=FACE_BOUND('',#4292,.T.);
#4668=FACE_BOUND('',#4293,.T.);
#4669=FACE_BOUND('',#4294,.T.);
#4670=FACE_BOUND('',#4295,.T.);
#4671=FACE_BOUND('',#4296,.T.);
#4672=FACE_BOUND('',#4297,.T.);
#4673=FACE_BOUND('',#4298,.T.);
#4674=FACE_BOUND('',#4299,.T.);
#4675=FACE_BOUND('',#4300,.T.);
#4676=FACE_BOUND('',#4301,.T.);
#4677=FACE_BOUND('',#4302,.T.);
#4678=FACE_BOUND('',#4303,.T.);
#4679=FACE_BOUND('',#4304,.T.);
#4680=FACE_BOUND('',#4305,.T.);
#4681=FACE_BOUND('',#4306,.T.);
#4682=FACE_BOUND('',#4307,.T.);
#4683=FACE_BOUND('',#4308,.T.);
#4684=FACE_BOUND('',#4309,.T.);
#4685=FACE_BOUND('',#4310,.T.);
#4686=FACE_BOUND('',#4311,.T.);
#4687=FACE_BOUND('',#4312,.T.);
#4688=FACE_BOUND('',#4313,.T.);
#4689=FACE_BOUND('',#4314,.T.);
#4690=FACE_BOUND('',#4315,.T.);
#4691=FACE_BOUND('',#4316,.T.);
#4692=FACE_BOUND('',#4317,.T.);
#4693=FACE_BOUND('',#4318,.T.);
#4694=FACE_BOUND('',#4319,.T.);
#4695=FACE_BOUND('',#4320,.T.);
#4696=FACE_BOUND('',#4321,.T.);
#4697=FACE_BOUND('',#4322,.T.);
#4698=FACE_BOUND('',#4323,.T.);
#4699=FACE_BOUND('',#4324,.T.);
#4700=FACE_BOUND('',#4325,.T.);
#4701=FACE_BOUND('',#4326,.T.);
#4702=FACE_BOUND('',#4327,.T.);
#4703=FACE_BOUND('',#4328,.T.);
#4704=FACE_BOUND('',#4329,.T.);
#4705=FACE_BOUND('',#4330,.T.);
#4706=FACE_BOUND('',#4331,.T.);
#4707=FACE_BOUND('',#4332,.T.);
#4708=FACE_BOUND('',#4333,.T.);
#4709=FACE_BOUND('',#4334,.T.);
#4710=FACE_BOUND('',#4335,.T.);
#4711=FACE_BOUND('',#4336,.T.);
#4712=FACE_BOUND('',#4337,.T.);
#4713=FACE_BOUND('',#4338,.T.);
#4714=FACE_BOUND('',#4339,.T.);
#4715=FACE_BOUND('',#4340,.T.);
#4716=FACE_BOUND('',#4341,.T.);
#4717=FACE_BOUND('',#4342,.T.);
#4718=FACE_BOUND('',#4343,.T.);
#4719=FACE_BOUND('',#4344,.T.);
#4720=FACE_BOUND('',#4345,.T.);
#4721=FACE_BOUND('',#4346,.T.);
#4722=FACE_BOUND('',#4347,.T.);
#4723=FACE_BOUND('',#4348,.T.);
#4724=FACE_BOUND('',#4349,.T.);
#4725=FACE_BOUND('',#4350,.T.);
#4726=FACE_BOUND('',#4351,.T.);
#4727=FACE_BOUND('',#4352,.T.);
#4728=FACE_BOUND('',#4353,.T.);
#4729=FACE_BOUND('',#4354,.T.);
#4730=FACE_BOUND('',#4355,.T.);
#4731=FACE_BOUND('',#4356,.T.);
#4732=FACE_BOUND('',#4357,.T.);
#4733=FACE_BOUND('',#4358,.T.);
#4734=FACE_BOUND('',#4359,.T.);
#4735=FACE_BOUND('',#4360,.T.);
#4736=FACE_BOUND('',#4361,.T.);
#4737=FACE_BOUND('',#4362,.T.);
#4738=FACE_BOUND('',#4363,.T.);
#4739=FACE_BOUND('',#4364,.T.);
#4740=FACE_BOUND('',#4365,.T.);
#4741=FACE_BOUND('',#4366,.T.);
#4742=FACE_BOUND('',#4367,.T.);
#4743=FACE_BOUND('',#4368,.T.);
#4744=FACE_BOUND('',#4369,.T.);
#4745=FACE_BOUND('',#4370,.T.);
#4746=FACE_BOUND('',#4371,.T.);
#4747=FACE_BOUND('',#4372,.T.);
#4748=FACE_BOUND('',#4373,.T.);
#4749=FACE_BOUND('',#4374,.T.);
#4750=FACE_BOUND('',#4375,.T.);
#4751=FACE_BOUND('',#4376,.T.);
#4752=FACE_BOUND('',#4377,.T.);
#4753=FACE_BOUND('',#4378,.T.);
#4754=FACE_BOUND('',#4379,.T.);
#4755=FACE_BOUND('',#4380,.T.);
#4756=FACE_BOUND('',#4381,.T.);
#4757=FACE_BOUND('',#4382,.T.);
#4758=FACE_BOUND('',#4383,.T.);
#4759=FACE_BOUND('',#4384,.T.);
#4760=FACE_BOUND('',#4385,.T.);
#4761=FACE_BOUND('',#4386,.T.);
#4762=FACE_BOUND('',#4387,.T.);
#4763=FACE_BOUND('',#4388,.T.);
#4764=FACE_BOUND('',#4389,.T.);
#4765=FACE_BOUND('',#4390,.T.);
#4766=FACE_BOUND('',#4391,.T.);
#4767=FACE_BOUND('',#4392,.T.);
#4768=FACE_BOUND('',#4393,.T.);
#4769=FACE_BOUND('',#4394,.T.);
#4770=FACE_BOUND('',#4395,.T.);
#4771=FACE_BOUND('',#4396,.T.);
#4772=FACE_BOUND('',#4397,.T.);
#4773=FACE_BOUND('',#4398,.T.);
#4774=FACE_BOUND('',#4399,.T.);
#4775=FACE_BOUND('',#4400,.T.);
#4776=FACE_BOUND('',#4401,.T.);
#4777=FACE_BOUND('',#4402,.T.);
#4778=FACE_BOUND('',#4403,.T.);
#4779=FACE_BOUND('',#4404,.T.);
#4780=FACE_BOUND('',#4405,.T.);
#4781=FACE_BOUND('',#4406,.T.);
#4782=FACE_BOUND('',#4407,.T.);
#4783=FACE_BOUND('',#4408,.T.);
#4784=FACE_BOUND('',#4409,.T.);
#4785=FACE_BOUND('',#4410,.T.);
#4786=FACE_BOUND('',#4411,.T.);
#4787=FACE_BOUND('',#4412,.T.);
#4788=FACE_BOUND('',#4413,.T.);
#4789=FACE_BOUND('',#4414,.T.);
#4790=FACE_BOUND('',#4415,.T.);
#4791=FACE_BOUND('',#4416,.T.);
#4792=FACE_BOUND('',#4417,.T.);
#4793=FACE_BOUND('',#4418,.T.);
#4794=FACE_BOUND('',#4419,.T.);
#4795=FACE_BOUND('',#4420,.T.);
#4796=FACE_BOUND('',#4421,.T.);
#4797=FACE_BOUND('',#4422,.T.);
#4798=FACE_BOUND('',#4423,.T.);
#4799=FACE_BOUND('',#4424,.T.);
#4800=FACE_BOUND('',#4425,.T.);
#4801=FACE_BOUND('',#4426,.T.);
#4802=FACE_BOUND('',#4427,.T.);
#4803=FACE_BOUND('',#4428,.T.);
#4804=FACE_BOUND('',#4429,.T.);
#4805=FACE_BOUND('',#4430,.T.);
#4806=FACE_BOUND('',#4431,.T.);
#4807=FACE_BOUND('',#4432,.T.);
#4808=FACE_BOUND('',#4433,.T.);
#4809=FACE_BOUND('',#4434,.T.);
#4810=FACE_BOUND('',#4435,.T.);
#4811=FACE_BOUND('',#4436,.T.);
#4812=FACE_BOUND('',#4437,.T.);
#4813=FACE_BOUND('',#4438,.T.);
#4814=FACE_BOUND('',#4439,.T.);
#4815=FACE_BOUND('',#4440,.T.);
#4816=FACE_BOUND('',#4441,.T.);
#4817=FACE_BOUND('',#4442,.T.);
#4818=FACE_BOUND('',#4443,.T.);
#4819=FACE_BOUND('',#4444,.T.);
#4820=FACE_BOUND('',#4445,.T.);
#4821=FACE_BOUND('',#4446,.T.);
#4822=FACE_BOUND('',#4447,.T.);
#4823=FACE_BOUND('',#4448,.T.);
#4824=FACE_BOUND('',#4449,.T.);
#4825=FACE_BOUND('',#4450,.T.);
#4826=FACE_BOUND('',#4451,.T.);
#4827=FACE_BOUND('',#4452,.T.);
#4828=FACE_BOUND('',#4453,.T.);
#4829=FACE_BOUND('',#4454,.T.);
#4830=FACE_BOUND('',#4455,.T.);
#4831=FACE_BOUND('',#4456,.T.);
#4832=FACE_BOUND('',#4457,.T.);
#4833=FACE_BOUND('',#4458,.T.);
#4834=FACE_BOUND('',#4459,.T.);
#4835=FACE_BOUND('',#4460,.T.);
#4836=FACE_BOUND('',#4461,.T.);
#4837=FACE_BOUND('',#4462,.T.);
#4838=FACE_BOUND('',#4463,.T.);
#4839=FACE_BOUND('',#4464,.T.);
#4840=FACE_BOUND('',#4465,.T.);
#4841=FACE_BOUND('',#4466,.T.);
#4842=FACE_BOUND('',#4467,.T.);
#4843=FACE_BOUND('',#4468,.T.);
#4844=FACE_BOUND('',#4469,.T.);
#4845=FACE_BOUND('',#4470,.T.);
#4846=FACE_BOUND('',#4471,.T.);
#4847=FACE_BOUND('',#4472,.T.);
#4848=FACE_BOUND('',#4473,.T.);
#4849=FACE_BOUND('',#4474,.T.);
#4850=FACE_BOUND('',#4475,.T.);
#4851=FACE_BOUND('',#4476,.T.);
#4852=FACE_BOUND('',#4477,.T.);
#4853=FACE_BOUND('',#4478,.T.);
#4854=FACE_BOUND('',#4479,.T.);
#4855=FACE_BOUND('',#4480,.T.);
#4856=FACE_BOUND('',#4481,.T.);
#4857=FACE_BOUND('',#4482,.T.);
#4858=FACE_BOUND('',#4483,.T.);
#4859=FACE_BOUND('',#4484,.T.);
#4860=FACE_BOUND('',#4485,.T.);
#4861=FACE_BOUND('',#4486,.T.);
#4862=FACE_BOUND('',#4487,.T.);
#4863=FACE_BOUND('',#4488,.T.);
#4864=FACE_BOUND('',#4489,.T.);
#4865=FACE_BOUND('',#4490,.T.);
#4866=FACE_BOUND('',#4491,.T.);
#4867=FACE_BOUND('',#4492,.T.);
#4868=FACE_BOUND('',#4493,.T.);
#4869=FACE_BOUND('',#4494,.T.);
#4870=FACE_BOUND('',#4495,.T.);
#4871=FACE_BOUND('',#4496,.T.);
#4872=FACE_BOUND('',#4497,.T.);
#4873=FACE_BOUND('',#4498,.T.);
#4874=FACE_BOUND('',#4499,.T.);
#4875=FACE_BOUND('',#4500,.T.);
#4876=FACE_BOUND('',#4501,.T.);
#4877=FACE_BOUND('',#4502,.T.);
#4878=FACE_BOUND('',#4503,.T.);
#4879=FACE_BOUND('',#4504,.T.);
#4880=FACE_BOUND('',#4505,.T.);
#4881=FACE_BOUND('',#4506,.T.);
#4882=FACE_BOUND('',#4507,.T.);
#4883=FACE_BOUND('',#4508,.T.);
#4884=FACE_BOUND('',#4509,.T.);
#4885=PLANE('',#5638);
#4886=PLANE('',#5642);
#4887=PLANE('',#5646);
#4888=PLANE('',#5647);
#4889=PLANE('',#5648);
#4890=PLANE('',#5649);
#4891=PLANE('',#5650);
#4892=PLANE('',#5692);
#4893=PLANE('',#5696);
#4894=PLANE('',#5719);
#4895=PLANE('',#5720);
#4896=PLANE('',#5739);
#4897=PLANE('',#5741);
#4898=PLANE('',#5743);
#4899=PLANE('',#5747);
#4900=PLANE('',#5754);
#4901=PLANE('',#5757);
#4902=PLANE('',#5758);
#4903=PLANE('',#5759);
#4904=PLANE('',#5762);
#4905=PLANE('',#5763);
#4906=PLANE('',#5764);
#4907=PLANE('',#5767);
#4908=PLANE('',#5768);
#4909=PLANE('',#5769);
#4910=PLANE('',#5774);
#4911=PLANE('',#5780);
#4912=PLANE('',#5785);
#4913=PLANE('',#5788);
#4914=PLANE('',#5789);
#4915=PLANE('',#5792);
#4916=PLANE('',#5797);
#4917=PLANE('',#5800);
#4918=PLANE('',#5802);
#4919=PLANE('',#5842);
#4920=PLANE('',#5849);
#4921=PLANE('',#5850);
#4922=PLANE('',#5853);
#4923=PLANE('',#5854);
#4924=PLANE('',#5857);
#4925=PLANE('',#5858);
#4926=PLANE('',#5861);
#4927=PLANE('',#5862);
#4928=PLANE('',#5863);
#4929=PLANE('',#5864);
#4930=PLANE('',#5865);
#4931=PLANE('',#5866);
#4932=PLANE('',#5867);
#4933=PLANE('',#5868);
#4934=PLANE('',#5869);
#4935=PLANE('',#5870);
#4936=PLANE('',#5871);
#4937=PLANE('',#5872);
#4938=PLANE('',#5873);
#4939=PLANE('',#5874);
#4940=PLANE('',#5875);
#4941=PLANE('',#5876);
#4942=PLANE('',#5877);
#4943=PLANE('',#5878);
#4944=PLANE('',#5879);
#4945=PLANE('',#5880);
#4946=PLANE('',#5881);
#4947=PLANE('',#5883);
#4948=PLANE('',#5884);
#4949=PLANE('',#5885);
#4950=PLANE('',#5886);
#4951=PLANE('',#5887);
#4952=PLANE('',#5888);
#4953=PLANE('',#5889);
#4954=PLANE('',#5890);
#4955=PLANE('',#5891);
#4956=PLANE('',#5892);
#4957=PLANE('',#5893);
#4958=PLANE('',#5894);
#4959=PLANE('',#5895);
#4960=PLANE('',#5896);
#4961=PLANE('',#5899);
#4962=PLANE('',#5901);
#4963=PLANE('',#5905);
#4964=PLANE('',#5906);
#4965=PLANE('',#5913);
#4966=PLANE('',#5918);
#4967=PLANE('',#5922);
#4968=PLANE('',#5923);
#4969=PLANE('',#5925);
#4970=PLANE('',#5926);
#4971=PLANE('',#5927);
#4972=PLANE('',#5928);
#4973=PLANE('',#5929);
#4974=PLANE('',#5939);
#4975=PLANE('',#5940);
#4976=PLANE('',#5955);
#4977=PLANE('',#5956);
#4978=PLANE('',#5957);
#4979=PLANE('',#5958);
#4980=PLANE('',#5959);
#4981=PLANE('',#5960);
#4982=PLANE('',#5961);
#4983=PLANE('',#5962);
#4984=PLANE('',#5963);
#4985=PLANE('',#5964);
#4986=PLANE('',#5965);
#4987=PLANE('',#5967);
#4988=PLANE('',#5974);
#4989=PLANE('',#5975);
#4990=PLANE('',#5976);
#4991=PLANE('',#5983);
#4992=PLANE('',#5985);
#4993=PLANE('',#6001);
#4994=PLANE('',#6002);
#4995=PLANE('',#6004);
#4996=PLANE('',#6005);
#4997=PLANE('',#6007);
#4998=PLANE('',#6008);
#4999=PLANE('',#6009);
#5000=PLANE('',#6010);
#5001=PLANE('',#6011);
#5002=PLANE('',#6012);
#5003=PLANE('',#6013);
#5004=PLANE('',#6018);
#5005=PLANE('',#6019);
#5006=PLANE('',#6021);
#5007=PLANE('',#6023);
#5008=PLANE('',#6024);
#5009=PLANE('',#6025);
#5010=PLANE('',#6026);
#5011=PLANE('',#6027);
#5012=PLANE('',#6028);
#5013=PLANE('',#6029);
#5014=PLANE('',#6030);
#5015=PLANE('',#6031);
#5016=PLANE('',#6032);
#5017=PLANE('',#6037);
#5018=PLANE('',#6038);
#5019=PLANE('',#6039);
#5020=PLANE('',#6040);
#5021=PLANE('',#6041);
#5022=PLANE('',#6042);
#5023=PLANE('',#6043);
#5024=PLANE('',#6044);
#5025=PLANE('',#6045);
#5026=PLANE('',#6046);
#5027=PLANE('',#6047);
#5028=PLANE('',#6048);
#5029=PLANE('',#6050);
#5030=PLANE('',#6051);
#5031=PLANE('',#6052);
#5032=PLANE('',#6055);
#5033=PLANE('',#6057);
#5034=PLANE('',#6058);
#5035=PLANE('',#6059);
#5036=PLANE('',#6060);
#5037=PLANE('',#6061);
#5038=PLANE('',#6064);
#5039=PLANE('',#6065);
#5040=PLANE('',#6066);
#5041=PLANE('',#6071);
#5042=PLANE('',#6072);
#5043=PLANE('',#6073);
#5044=PLANE('',#6074);
#5045=PLANE('',#6075);
#5046=ADVANCED_FACE('',(#4510,#4511),#4885,.F.);
#5047=ADVANCED_FACE('',(#4512),#4886,.T.);
#5048=ADVANCED_FACE('',(#4513),#4887,.F.);
#5049=ADVANCED_FACE('',(#4514),#4888,.T.);
#5050=ADVANCED_FACE('',(#4515),#4889,.T.);
#5051=ADVANCED_FACE('',(#4516),#4890,.T.);
#5052=ADVANCED_FACE('',(#4517),#4891,.F.);
#5053=ADVANCED_FACE('',(#4518),#242,.T.);
#5054=ADVANCED_FACE('',(#4519),#243,.T.);
#5055=ADVANCED_FACE('',(#4520),#233,.T.);
#5056=ADVANCED_FACE('',(#4521),#244,.T.);
#5057=ADVANCED_FACE('',(#4522),#234,.T.);
#5058=ADVANCED_FACE('',(#4523),#245,.T.);
#5059=ADVANCED_FACE('',(#4524),#235,.T.);
#5060=ADVANCED_FACE('',(#4525),#246,.T.);
#5061=ADVANCED_FACE('',(#4526),#165,.F.);
#5062=ADVANCED_FACE('',(#4527),#166,.F.);
#5063=ADVANCED_FACE('',(#4528),#167,.F.);
#5064=ADVANCED_FACE('',(#4529),#168,.F.);
#5065=ADVANCED_FACE('',(#4530),#169,.F.);
#5066=ADVANCED_FACE('',(#4531),#170,.F.);
#5067=ADVANCED_FACE('',(#4532),#171,.F.);
#5068=ADVANCED_FACE('',(#4533),#172,.F.);
#5069=ADVANCED_FACE('',(#4534),#173,.F.);
#5070=ADVANCED_FACE('',(#4535),#174,.F.);
#5071=ADVANCED_FACE('',(#4536),#175,.F.);
#5072=ADVANCED_FACE('',(#4537),#176,.F.);
#5073=ADVANCED_FACE('',(#4538),#177,.F.);
#5074=ADVANCED_FACE('',(#4539),#178,.F.);
#5075=ADVANCED_FACE('',(#4540),#179,.F.);
#5076=ADVANCED_FACE('',(#4541),#180,.F.);
#5077=ADVANCED_FACE('',(#4542),#181,.F.);
#5078=ADVANCED_FACE('',(#4543),#182,.F.);
#5079=ADVANCED_FACE('',(#4544),#183,.F.);
#5080=ADVANCED_FACE('',(#4545),#184,.F.);
#5081=ADVANCED_FACE('',(#4546),#185,.F.);
#5082=ADVANCED_FACE('',(#4547),#186,.F.);
#5083=ADVANCED_FACE('',(#4548),#81,.T.);
#5084=ADVANCED_FACE('',(#4549),#82,.T.);
#5085=ADVANCED_FACE('',(#4550),#83,.T.);
#5086=ADVANCED_FACE('',(#4551),#84,.T.);
#5087=ADVANCED_FACE('',(#4552),#85,.T.);
#5088=ADVANCED_FACE('',(#4553),#86,.T.);
#5089=ADVANCED_FACE('',(#4554),#87,.T.);
#5090=ADVANCED_FACE('',(#4555),#88,.T.);
#5091=ADVANCED_FACE('',(#4556),#89,.T.);
#5092=ADVANCED_FACE('',(#4557),#90,.T.);
#5093=ADVANCED_FACE('',(#4558),#91,.T.);
#5094=ADVANCED_FACE('',(#4559,#4560),#4892,.F.);
#5095=ADVANCED_FACE('',(#4561,#4562),#74,.T.);
#5096=ADVANCED_FACE('',(#4563,#4564),#4893,.T.);
#5097=ADVANCED_FACE('',(#4565),#92,.T.);
#5098=ADVANCED_FACE('',(#4566),#93,.T.);
#5099=ADVANCED_FACE('',(#4567),#94,.T.);
#5100=ADVANCED_FACE('',(#4568),#95,.T.);
#5101=ADVANCED_FACE('',(#4569),#96,.T.);
#5102=ADVANCED_FACE('',(#4570),#97,.T.);
#5103=ADVANCED_FACE('',(#4571),#98,.T.);
#5104=ADVANCED_FACE('',(#4572),#99,.T.);
#5105=ADVANCED_FACE('',(#4573),#100,.T.);
#5106=ADVANCED_FACE('',(#4574),#101,.T.);
#5107=ADVANCED_FACE('',(#4575),#102,.T.);
#5108=ADVANCED_FACE('',(#4576,#4577),#103,.F.);
#5109=ADVANCED_FACE('',(#4578,#4579,#4580,#4581,#4582,#4583,#4584,#4585,
#4586,#4587),#75,.T.);
#5110=ADVANCED_FACE('',(#4588,#4589),#104,.T.);
#5111=ADVANCED_FACE('',(#4590),#4894,.F.);
#5112=ADVANCED_FACE('',(#4591),#4895,.F.);
#5113=ADVANCED_FACE('',(#4592,#4593),#105,.F.);
#5114=ADVANCED_FACE('',(#4594,#4595),#106,.F.);
#5115=ADVANCED_FACE('',(#4596,#4597),#107,.F.);
#5116=ADVANCED_FACE('',(#4598,#4599),#108,.F.);
#5117=ADVANCED_FACE('',(#4600,#4601),#76,.T.);
#5118=ADVANCED_FACE('',(#4602),#4896,.T.);
#5119=ADVANCED_FACE('',(#4603),#4897,.T.);
#5120=ADVANCED_FACE('',(#4604),#4898,.T.);
#5121=ADVANCED_FACE('',(#4605,#4606),#109,.T.);
#5122=ADVANCED_FACE('',(#4607,#4608),#4899,.F.);
#5123=ADVANCED_FACE('',(#4609,#4610),#110,.T.);
#5124=ADVANCED_FACE('',(#4611),#4900,.T.);
#5125=ADVANCED_FACE('',(#4612),#111,.F.);
#5126=ADVANCED_FACE('',(#4613),#4901,.T.);
#5127=ADVANCED_FACE('',(#4614),#4902,.T.);
#5128=ADVANCED_FACE('',(#4615),#4903,.T.);
#5129=ADVANCED_FACE('',(#4616),#112,.F.);
#5130=ADVANCED_FACE('',(#4617),#4904,.T.);
#5131=ADVANCED_FACE('',(#4618),#4905,.T.);
#5132=ADVANCED_FACE('',(#4619),#4906,.T.);
#5133=ADVANCED_FACE('',(#4620),#113,.F.);
#5134=ADVANCED_FACE('',(#4621),#4907,.T.);
#5135=ADVANCED_FACE('',(#4622),#4908,.T.);
#5136=ADVANCED_FACE('',(#4623),#4909,.T.);
#5137=ADVANCED_FACE('',(#4624,#4625),#114,.T.);
#5138=ADVANCED_FACE('',(#4626,#4627),#115,.T.);
#5139=ADVANCED_FACE('',(#4628,#4629),#4910,.F.);
#5140=ADVANCED_FACE('',(#4630,#4631),#116,.F.);
#5141=ADVANCED_FACE('',(#4632,#4633),#117,.F.);
#5142=ADVANCED_FACE('',(#4634,#4635),#118,.F.);
#5143=ADVANCED_FACE('',(#4636),#4911,.T.);
#5144=ADVANCED_FACE('',(#4637),#119,.T.);
#5145=ADVANCED_FACE('',(#4638),#120,.T.);
#5146=ADVANCED_FACE('',(#4639),#4912,.F.);
#5147=ADVANCED_FACE('',(#4640,#4641),#121,.T.);
#5148=ADVANCED_FACE('',(#4642),#4913,.T.);
#5149=ADVANCED_FACE('',(#4643),#4914,.T.);
#5150=ADVANCED_FACE('',(#4644,#4645),#122,.T.);
#5151=ADVANCED_FACE('',(#4646),#4915,.F.);
#5152=ADVANCED_FACE('',(#4647),#123,.T.);
#5153=ADVANCED_FACE('',(#4648),#124,.T.);
#5154=ADVANCED_FACE('',(#4649),#4916,.F.);
#5155=ADVANCED_FACE('',(#4650,#4651),#125,.T.);
#5156=ADVANCED_FACE('',(#4652),#4917,.T.);
#5157=ADVANCED_FACE('',(#4653,#4654),#4918,.F.);
#5158=ADVANCED_FACE('',(#4655),#126,.T.);
#5159=ADVANCED_FACE('',(#4656),#127,.T.);
#5160=ADVANCED_FACE('',(#4657),#128,.T.);
#5161=ADVANCED_FACE('',(#4658),#129,.T.);
#5162=ADVANCED_FACE('',(#4659),#130,.T.);
#5163=ADVANCED_FACE('',(#4660),#131,.T.);
#5164=ADVANCED_FACE('',(#4661),#132,.T.);
#5165=ADVANCED_FACE('',(#4662,#4663),#133,.T.);
#5166=ADVANCED_FACE('',(#4664,#4665),#134,.F.);
#5167=ADVANCED_FACE('',(#4666,#4667),#77,.F.);
#5168=ADVANCED_FACE('',(#4668,#4669),#236,.T.);
#5169=ADVANCED_FACE('',(#4670,#4671),#4919,.F.);
#5170=ADVANCED_FACE('',(#4672,#4673),#237,.F.);
#5171=ADVANCED_FACE('',(#4674,#4675),#78,.T.);
#5172=ADVANCED_FACE('',(#4676,#4677),#135,.T.);
#5173=ADVANCED_FACE('',(#4678,#4679),#4920,.F.);
#5174=ADVANCED_FACE('',(#4680,#4681),#4921,.F.);
#5175=ADVANCED_FACE('',(#4682),#4922,.T.);
#5176=ADVANCED_FACE('',(#4683,#4684),#4923,.F.);
#5177=ADVANCED_FACE('',(#4685),#4924,.F.);
#5178=ADVANCED_FACE('',(#4686),#4925,.F.);
#5179=ADVANCED_FACE('',(#4687),#136,.T.);
#5180=ADVANCED_FACE('',(#4688,#4689),#137,.F.);
#5181=ADVANCED_FACE('',(#4690),#4926,.T.);
#5182=ADVANCED_FACE('',(#4691),#4927,.F.);
#5183=ADVANCED_FACE('',(#4692),#4928,.F.);
#5184=ADVANCED_FACE('',(#4693),#4929,.T.);
#5185=ADVANCED_FACE('',(#4694),#4930,.F.);
#5186=ADVANCED_FACE('',(#4695),#4931,.F.);
#5187=ADVANCED_FACE('',(#4696),#4932,.T.);
#5188=ADVANCED_FACE('',(#4697),#4933,.F.);
#5189=ADVANCED_FACE('',(#4698),#4934,.F.);
#5190=ADVANCED_FACE('',(#4699),#4935,.T.);
#5191=ADVANCED_FACE('',(#4700),#4936,.F.);
#5192=ADVANCED_FACE('',(#4701),#4937,.F.);
#5193=ADVANCED_FACE('',(#4702),#4938,.T.);
#5194=ADVANCED_FACE('',(#4703),#4939,.F.);
#5195=ADVANCED_FACE('',(#4704),#4940,.F.);
#5196=ADVANCED_FACE('',(#4705),#4941,.T.);
#5197=ADVANCED_FACE('',(#4706),#4942,.F.);
#5198=ADVANCED_FACE('',(#4707),#4943,.F.);
#5199=ADVANCED_FACE('',(#4708),#4944,.T.);
#5200=ADVANCED_FACE('',(#4709),#4945,.F.);
#5201=ADVANCED_FACE('',(#4710),#4946,.F.);
#5202=ADVANCED_FACE('',(#4711),#187,.T.);
#5203=ADVANCED_FACE('',(#4712),#188,.T.);
#5204=ADVANCED_FACE('',(#4713),#189,.T.);
#5205=ADVANCED_FACE('',(#4714),#190,.T.);
#5206=ADVANCED_FACE('',(#4715),#191,.T.);
#5207=ADVANCED_FACE('',(#4716),#192,.T.);
#5208=ADVANCED_FACE('',(#4717),#193,.T.);
#5209=ADVANCED_FACE('',(#4718),#194,.T.);
#5210=ADVANCED_FACE('',(#4719,#4720),#4947,.F.);
#5211=ADVANCED_FACE('',(#4721),#4948,.T.);
#5212=ADVANCED_FACE('',(#4722),#4949,.T.);
#5213=ADVANCED_FACE('',(#4723),#4950,.F.);
#5214=ADVANCED_FACE('',(#4724),#4951,.T.);
#5215=ADVANCED_FACE('',(#4725),#4952,.F.);
#5216=ADVANCED_FACE('',(#4726),#4953,.T.);
#5217=ADVANCED_FACE('',(#4727),#4954,.F.);
#5218=ADVANCED_FACE('',(#4728),#4955,.F.);
#5219=ADVANCED_FACE('',(#4729),#4956,.F.);
#5220=ADVANCED_FACE('',(#4730),#4957,.T.);
#5221=ADVANCED_FACE('',(#4731),#4958,.T.);
#5222=ADVANCED_FACE('',(#4732),#4959,.F.);
#5223=ADVANCED_FACE('',(#4733),#4960,.T.);
#5224=ADVANCED_FACE('',(#4734),#4961,.F.);
#5225=ADVANCED_FACE('',(#4735),#4962,.F.);
#5226=ADVANCED_FACE('',(#4736),#4963,.F.);
#5227=ADVANCED_FACE('',(#4737),#4964,.F.);
#5228=ADVANCED_FACE('',(#4738),#138,.T.);
#5229=ADVANCED_FACE('',(#4739),#238,.F.);
#5230=ADVANCED_FACE('',(#4740),#139,.T.);
#5231=ADVANCED_FACE('',(#4741),#140,.T.);
#5232=ADVANCED_FACE('',(#4742,#4743,#4744),#195,.F.);
#5233=ADVANCED_FACE('',(#4745,#4746,#4747),#4965,.F.);
#5234=ADVANCED_FACE('',(#4748),#4966,.F.);
#5235=ADVANCED_FACE('',(#4749),#141,.T.);
#5236=ADVANCED_FACE('',(#4750),#4967,.F.);
#5237=ADVANCED_FACE('',(#4751),#4968,.F.);
#5238=ADVANCED_FACE('',(#4752),#4969,.F.);
#5239=ADVANCED_FACE('',(#4753),#4970,.T.);
#5240=ADVANCED_FACE('',(#4754),#4971,.F.);
#5241=ADVANCED_FACE('',(#4755),#196,.T.);
#5242=ADVANCED_FACE('',(#4756),#247,.F.);
#5243=ADVANCED_FACE('',(#4757),#4972,.F.);
#5244=ADVANCED_FACE('',(#4758,#4759),#4973,.F.);
#5245=ADVANCED_FACE('',(#4760,#4761,#4762),#142,.F.);
#5246=ADVANCED_FACE('',(#4763,#4764),#143,.T.);
#5247=ADVANCED_FACE('',(#4765),#4974,.T.);
#5248=ADVANCED_FACE('',(#4766),#4975,.T.);
#5249=ADVANCED_FACE('',(#4767,#4768),#239,.T.);
#5250=ADVANCED_FACE('',(#4769,#4770),#79,.T.);
#5251=ADVANCED_FACE('',(#4771,#4772),#80,.F.);
#5252=ADVANCED_FACE('',(#4773,#4774),#144,.F.);
#5253=ADVANCED_FACE('',(#4775,#4776),#10,.F.);
#5254=ADVANCED_FACE('',(#4777,#4778),#145,.T.);
#5255=ADVANCED_FACE('',(#4779,#4780),#4976,.T.);
#5256=ADVANCED_FACE('',(#4781),#4977,.F.);
#5257=ADVANCED_FACE('',(#4782),#4978,.F.);
#5258=ADVANCED_FACE('',(#4783),#4979,.T.);
#5259=ADVANCED_FACE('',(#4784),#4980,.T.);
#5260=ADVANCED_FACE('',(#4785),#4981,.T.);
#5261=ADVANCED_FACE('',(#4786),#4982,.F.);
#5262=ADVANCED_FACE('',(#4787),#4983,.T.);
#5263=ADVANCED_FACE('',(#4788),#4984,.F.);
#5264=ADVANCED_FACE('',(#4789),#4985,.T.);
#5265=ADVANCED_FACE('',(#4790),#4986,.T.);
#5266=ADVANCED_FACE('',(#4791),#146,.F.);
#5267=ADVANCED_FACE('',(#4792),#4987,.T.);
#5268=ADVANCED_FACE('',(#4793),#147,.F.);
#5269=ADVANCED_FACE('',(#4794),#148,.F.);
#5270=ADVANCED_FACE('',(#4795),#4988,.F.);
#5271=ADVANCED_FACE('',(#4796),#4989,.F.);
#5272=ADVANCED_FACE('',(#4797),#4990,.T.);
#5273=ADVANCED_FACE('',(#4798,#4799),#149,.F.);
#5274=ADVANCED_FACE('',(#4800,#4801),#150,.F.);
#5275=ADVANCED_FACE('',(#4802),#4991,.T.);
#5276=ADVANCED_FACE('',(#4803),#4992,.T.);
#5277=ADVANCED_FACE('',(#4804),#151,.F.);
#5278=ADVANCED_FACE('',(#4805),#152,.F.);
#5279=ADVANCED_FACE('',(#4806),#153,.F.);
#5280=ADVANCED_FACE('',(#4807),#154,.F.);
#5281=ADVANCED_FACE('',(#4808),#4993,.F.);
#5282=ADVANCED_FACE('',(#4809),#4994,.T.);
#5283=ADVANCED_FACE('',(#4810),#4995,.T.);
#5284=ADVANCED_FACE('',(#4811),#4996,.T.);
#5285=ADVANCED_FACE('',(#4812),#4997,.T.);
#5286=ADVANCED_FACE('',(#4813),#4998,.F.);
#5287=ADVANCED_FACE('',(#4814),#4999,.F.);
#5288=ADVANCED_FACE('',(#4815),#5000,.F.);
#5289=ADVANCED_FACE('',(#4816),#5001,.F.);
#5290=ADVANCED_FACE('',(#4817),#5002,.T.);
#5291=ADVANCED_FACE('',(#4818),#5003,.T.);
#5292=ADVANCED_FACE('',(#4819),#155,.T.);
#5293=ADVANCED_FACE('',(#4820),#156,.T.);
#5294=ADVANCED_FACE('',(#4821),#5004,.F.);
#5295=ADVANCED_FACE('',(#4822),#5005,.F.);
#5296=ADVANCED_FACE('',(#4823),#5006,.F.);
#5297=ADVANCED_FACE('',(#4824),#5007,.F.);
#5298=ADVANCED_FACE('',(#4825),#5008,.T.);
#5299=ADVANCED_FACE('',(#4826),#5009,.T.);
#5300=ADVANCED_FACE('',(#4827),#5010,.T.);
#5301=ADVANCED_FACE('',(#4828),#5011,.T.);
#5302=ADVANCED_FACE('',(#4829),#5012,.F.);
#5303=ADVANCED_FACE('',(#4830),#5013,.F.);
#5304=ADVANCED_FACE('',(#4831),#5014,.T.);
#5305=ADVANCED_FACE('',(#4832),#5015,.F.);
#5306=ADVANCED_FACE('',(#4833),#5016,.F.);
#5307=ADVANCED_FACE('',(#4834),#157,.T.);
#5308=ADVANCED_FACE('',(#4835),#158,.T.);
#5309=ADVANCED_FACE('',(#4836),#5017,.T.);
#5310=ADVANCED_FACE('',(#4837),#5018,.F.);
#5311=ADVANCED_FACE('',(#4838),#5019,.F.);
#5312=ADVANCED_FACE('',(#4839),#5020,.T.);
#5313=ADVANCED_FACE('',(#4840),#5021,.F.);
#5314=ADVANCED_FACE('',(#4841),#5022,.T.);
#5315=ADVANCED_FACE('',(#4842),#5023,.F.);
#5316=ADVANCED_FACE('',(#4843),#5024,.F.);
#5317=ADVANCED_FACE('',(#4844),#5025,.T.);
#5318=ADVANCED_FACE('',(#4845),#5026,.F.);
#5319=ADVANCED_FACE('',(#4846),#5027,.F.);
#5320=ADVANCED_FACE('',(#4847),#5028,.F.);
#5321=ADVANCED_FACE('',(#4848),#5029,.T.);
#5322=ADVANCED_FACE('',(#4849),#5030,.F.);
#5323=ADVANCED_FACE('',(#4850,#4851),#5031,.F.);
#5324=ADVANCED_FACE('',(#4852),#5032,.F.);
#5325=ADVANCED_FACE('',(#4853),#5033,.T.);
#5326=ADVANCED_FACE('',(#4854),#5034,.F.);
#5327=ADVANCED_FACE('',(#4855),#5035,.F.);
#5328=ADVANCED_FACE('',(#4856),#5036,.F.);
#5329=ADVANCED_FACE('',(#4857),#5037,.F.);
#5330=ADVANCED_FACE('',(#4858),#159,.T.);
#5331=ADVANCED_FACE('',(#4859),#160,.T.);
#5332=ADVANCED_FACE('',(#4860,#4861,#4862),#5038,.F.);
#5333=ADVANCED_FACE('',(#4863,#4864,#4865),#5039,.T.);
#5334=ADVANCED_FACE('',(#4866,#4867),#5040,.F.);
#5335=ADVANCED_FACE('',(#4868,#4869),#248,.F.);
#5336=ADVANCED_FACE('',(#4870),#5041,.F.);
#5337=ADVANCED_FACE('',(#4871),#5042,.T.);
#5338=ADVANCED_FACE('',(#4872),#5043,.T.);
#5339=ADVANCED_FACE('',(#4873),#5044,.T.);
#5340=ADVANCED_FACE('',(#4874),#5045,.T.);
#5341=ADVANCED_FACE('',(#4875),#161,.T.);
#5342=ADVANCED_FACE('',(#4876),#162,.T.);
#5343=ADVANCED_FACE('',(#4877),#163,.T.);
#5344=ADVANCED_FACE('',(#4878),#164,.T.);
#5345=ADVANCED_FACE('',(#4879,#4880),#11,.T.);
#5346=ADVANCED_FACE('',(#4881,#4882),#240,.F.);
#5347=ADVANCED_FACE('',(#4883,#4884),#241,.T.);
#5348=CLOSED_SHELL('',(#5046,#5047,#5048,#5049,#5050,#5051,#5052,#5053,
#5054,#5055,#5056,#5057,#5058,#5059,#5060));
#5349=CLOSED_SHELL('',(#5061,#5062,#5063,#5064,#5065,#5066,#5067,#5068,
#5069,#5070,#5071,#5072,#5073,#5074,#5075,#5076,#5077,#5078,#5079,#5080,
#5081,#5082,#5083,#5084,#5085,#5086,#5087,#5088,#5089,#5090,#5091,#5092,
#5093,#5094,#5095,#5096,#5097,#5098,#5099,#5100,#5101,#5102,#5103,#5104,
#5105,#5106,#5107,#5108));
#5350=CLOSED_SHELL('',(#5109,#5110,#5111,#5112,#5113,#5114,#5115,#5116,
#5117,#5118,#5119,#5120,#5121,#5122,#5123,#5124,#5125,#5126,#5127,#5128,
#5129,#5130,#5131,#5132,#5133,#5134,#5135,#5136,#5137,#5138,#5139,#5140,
#5141,#5142,#5143,#5144,#5145,#5146,#5147,#5148,#5149,#5150,#5151,#5152,
#5153,#5154,#5155,#5156));
#5351=CLOSED_SHELL('',(#5157,#5158,#5159,#5160,#5161,#5162,#5163,#5164,
#5165,#5166,#5167,#5168,#5169,#5170,#5171,#5172,#5173,#5174,#5175,#5176,
#5177,#5178,#5179,#5180,#5181,#5182,#5183,#5184,#5185,#5186,#5187,#5188,
#5189,#5190,#5191,#5192,#5193,#5194,#5195,#5196,#5197,#5198,#5199,#5200,
#5201,#5202,#5203,#5204,#5205,#5206,#5207,#5208,#5209));
#5352=CLOSED_SHELL('',(#5210,#5211,#5212,#5213,#5214,#5215,#5216,#5217,
#5218,#5219,#5220,#5221,#5222,#5223,#5224,#5225,#5226,#5227,#5228,#5229,
#5230,#5231));
#5353=CLOSED_SHELL('',(#5232,#5233,#5234,#5235,#5236,#5237,#5238,#5239,
#5240,#5241,#5242,#5243,#5244,#5245,#5246,#5247,#5248,#5249,#5250,#5251,
#5252,#5253,#5254,#5255,#5256,#5257,#5258,#5259,#5260,#5261,#5262,#5263,
#5264,#5265,#5266,#5267,#5268,#5269,#5270,#5271,#5272,#5273,#5274,#5275,
#5276,#5277,#5278,#5279,#5280,#5281,#5282,#5283,#5284,#5285,#5286,#5287,
#5288,#5289,#5290,#5291,#5292,#5293,#5294,#5295,#5296,#5297,#5298,#5299,
#5300,#5301,#5302,#5303,#5304,#5305,#5306,#5307,#5308,#5309,#5310,#5311,
#5312,#5313,#5314,#5315,#5316,#5317,#5318,#5319,#5320,#5321,#5322,#5323,
#5324,#5325,#5326,#5327,#5328,#5329,#5330,#5331,#5332,#5333,#5334,#5335,
#5336,#5337,#5338,#5339,#5340,#5341,#5342,#5343,#5344,#5345,#5346,#5347));
#5354=STYLED_ITEM('',(#5360),#5617);
#5355=STYLED_ITEM('',(#5361),#5618);
#5356=STYLED_ITEM('',(#5362),#5619);
#5357=STYLED_ITEM('',(#5399),#5620);
#5358=STYLED_ITEM('',(#5400),#5621);
#5359=STYLED_ITEM('',(#5401),#5622);
#5360=PRESENTATION_STYLE_ASSIGNMENT((#5402));
#5361=PRESENTATION_STYLE_ASSIGNMENT((#5403));
#5362=PRESENTATION_STYLE_ASSIGNMENT((#5404));
#5363=PRESENTATION_STYLE_ASSIGNMENT((#5405));
#5364=PRESENTATION_STYLE_ASSIGNMENT((#5406));
#5365=PRESENTATION_STYLE_ASSIGNMENT((#5407));
#5366=PRESENTATION_STYLE_ASSIGNMENT((#5408));
#5367=PRESENTATION_STYLE_ASSIGNMENT((#5409));
#5368=PRESENTATION_STYLE_ASSIGNMENT((#5410));
#5369=PRESENTATION_STYLE_ASSIGNMENT((#5411));
#5370=PRESENTATION_STYLE_ASSIGNMENT((#5412));
#5371=PRESENTATION_STYLE_ASSIGNMENT((#5413));
#5372=PRESENTATION_STYLE_ASSIGNMENT((#5414));
#5373=PRESENTATION_STYLE_ASSIGNMENT((#5415));
#5374=PRESENTATION_STYLE_ASSIGNMENT((#5416));
#5375=PRESENTATION_STYLE_ASSIGNMENT((#5417));
#5376=PRESENTATION_STYLE_ASSIGNMENT((#5418));
#5377=PRESENTATION_STYLE_ASSIGNMENT((#5419));
#5378=PRESENTATION_STYLE_ASSIGNMENT((#5420));
#5379=PRESENTATION_STYLE_ASSIGNMENT((#5421));
#5380=PRESENTATION_STYLE_ASSIGNMENT((#5422));
#5381=PRESENTATION_STYLE_ASSIGNMENT((#5423));
#5382=PRESENTATION_STYLE_ASSIGNMENT((#5424));
#5383=PRESENTATION_STYLE_ASSIGNMENT((#5425));
#5384=PRESENTATION_STYLE_ASSIGNMENT((#5426));
#5385=PRESENTATION_STYLE_ASSIGNMENT((#5427));
#5386=PRESENTATION_STYLE_ASSIGNMENT((#5428));
#5387=PRESENTATION_STYLE_ASSIGNMENT((#5429));
#5388=PRESENTATION_STYLE_ASSIGNMENT((#5430));
#5389=PRESENTATION_STYLE_ASSIGNMENT((#5431));
#5390=PRESENTATION_STYLE_ASSIGNMENT((#5432));
#5391=PRESENTATION_STYLE_ASSIGNMENT((#5433));
#5392=PRESENTATION_STYLE_ASSIGNMENT((#5434));
#5393=PRESENTATION_STYLE_ASSIGNMENT((#5435));
#5394=PRESENTATION_STYLE_ASSIGNMENT((#5436));
#5395=PRESENTATION_STYLE_ASSIGNMENT((#5437));
#5396=PRESENTATION_STYLE_ASSIGNMENT((#5438));
#5397=PRESENTATION_STYLE_ASSIGNMENT((#5439));
#5398=PRESENTATION_STYLE_ASSIGNMENT((#5440));
#5399=PRESENTATION_STYLE_ASSIGNMENT((#5441));
#5400=PRESENTATION_STYLE_ASSIGNMENT((#5442));
#5401=PRESENTATION_STYLE_ASSIGNMENT((#5443));
#5402=SURFACE_STYLE_USAGE(.BOTH.,#5444);
#5403=SURFACE_STYLE_USAGE(.BOTH.,#5445);
#5404=SURFACE_STYLE_USAGE(.BOTH.,#5446);
#5405=SURFACE_STYLE_USAGE(.BOTH.,#5447);
#5406=SURFACE_STYLE_USAGE(.BOTH.,#5448);
#5407=SURFACE_STYLE_USAGE(.BOTH.,#5449);
#5408=SURFACE_STYLE_USAGE(.BOTH.,#5450);
#5409=SURFACE_STYLE_USAGE(.BOTH.,#5451);
#5410=SURFACE_STYLE_USAGE(.BOTH.,#5452);
#5411=SURFACE_STYLE_USAGE(.BOTH.,#5453);
#5412=SURFACE_STYLE_USAGE(.BOTH.,#5454);
#5413=SURFACE_STYLE_USAGE(.BOTH.,#5455);
#5414=SURFACE_STYLE_USAGE(.BOTH.,#5456);
#5415=SURFACE_STYLE_USAGE(.BOTH.,#5457);
#5416=SURFACE_STYLE_USAGE(.BOTH.,#5458);
#5417=SURFACE_STYLE_USAGE(.BOTH.,#5459);
#5418=SURFACE_STYLE_USAGE(.BOTH.,#5460);
#5419=SURFACE_STYLE_USAGE(.BOTH.,#5461);
#5420=SURFACE_STYLE_USAGE(.BOTH.,#5462);
#5421=SURFACE_STYLE_USAGE(.BOTH.,#5463);
#5422=SURFACE_STYLE_USAGE(.BOTH.,#5464);
#5423=SURFACE_STYLE_USAGE(.BOTH.,#5465);
#5424=SURFACE_STYLE_USAGE(.BOTH.,#5466);
#5425=SURFACE_STYLE_USAGE(.BOTH.,#5467);
#5426=SURFACE_STYLE_USAGE(.BOTH.,#5468);
#5427=SURFACE_STYLE_USAGE(.BOTH.,#5469);
#5428=SURFACE_STYLE_USAGE(.BOTH.,#5470);
#5429=SURFACE_STYLE_USAGE(.BOTH.,#5471);
#5430=SURFACE_STYLE_USAGE(.BOTH.,#5472);
#5431=SURFACE_STYLE_USAGE(.BOTH.,#5473);
#5432=SURFACE_STYLE_USAGE(.BOTH.,#5474);
#5433=SURFACE_STYLE_USAGE(.BOTH.,#5475);
#5434=SURFACE_STYLE_USAGE(.BOTH.,#5476);
#5435=SURFACE_STYLE_USAGE(.BOTH.,#5477);
#5436=SURFACE_STYLE_USAGE(.BOTH.,#5478);
#5437=SURFACE_STYLE_USAGE(.BOTH.,#5479);
#5438=SURFACE_STYLE_USAGE(.BOTH.,#5480);
#5439=SURFACE_STYLE_USAGE(.BOTH.,#5481);
#5440=SURFACE_STYLE_USAGE(.BOTH.,#5482);
#5441=SURFACE_STYLE_USAGE(.BOTH.,#5483);
#5442=SURFACE_STYLE_USAGE(.BOTH.,#5484);
#5443=SURFACE_STYLE_USAGE(.BOTH.,#5485);
#5444=SURFACE_SIDE_STYLE('',(#5486));
#5445=SURFACE_SIDE_STYLE('',(#5487));
#5446=SURFACE_SIDE_STYLE('',(#5488));
#5447=SURFACE_SIDE_STYLE('',(#5489));
#5448=SURFACE_SIDE_STYLE('',(#5490));
#5449=SURFACE_SIDE_STYLE('',(#5491));
#5450=SURFACE_SIDE_STYLE('',(#5492));
#5451=SURFACE_SIDE_STYLE('',(#5493));
#5452=SURFACE_SIDE_STYLE('',(#5494));
#5453=SURFACE_SIDE_STYLE('',(#5495));
#5454=SURFACE_SIDE_STYLE('',(#5496));
#5455=SURFACE_SIDE_STYLE('',(#5497));
#5456=SURFACE_SIDE_STYLE('',(#5498));
#5457=SURFACE_SIDE_STYLE('',(#5499));
#5458=SURFACE_SIDE_STYLE('',(#5500));
#5459=SURFACE_SIDE_STYLE('',(#5501));
#5460=SURFACE_SIDE_STYLE('',(#5502));
#5461=SURFACE_SIDE_STYLE('',(#5503));
#5462=SURFACE_SIDE_STYLE('',(#5504));
#5463=SURFACE_SIDE_STYLE('',(#5505));
#5464=SURFACE_SIDE_STYLE('',(#5506));
#5465=SURFACE_SIDE_STYLE('',(#5507));
#5466=SURFACE_SIDE_STYLE('',(#5508));
#5467=SURFACE_SIDE_STYLE('',(#5509));
#5468=SURFACE_SIDE_STYLE('',(#5510));
#5469=SURFACE_SIDE_STYLE('',(#5511));
#5470=SURFACE_SIDE_STYLE('',(#5512));
#5471=SURFACE_SIDE_STYLE('',(#5513));
#5472=SURFACE_SIDE_STYLE('',(#5514));
#5473=SURFACE_SIDE_STYLE('',(#5515));
#5474=SURFACE_SIDE_STYLE('',(#5516));
#5475=SURFACE_SIDE_STYLE('',(#5517));
#5476=SURFACE_SIDE_STYLE('',(#5518));
#5477=SURFACE_SIDE_STYLE('',(#5519));
#5478=SURFACE_SIDE_STYLE('',(#5520));
#5479=SURFACE_SIDE_STYLE('',(#5521));
#5480=SURFACE_SIDE_STYLE('',(#5522));
#5481=SURFACE_SIDE_STYLE('',(#5523));
#5482=SURFACE_SIDE_STYLE('',(#5524));
#5483=SURFACE_SIDE_STYLE('',(#5525));
#5484=SURFACE_SIDE_STYLE('',(#5526));
#5485=SURFACE_SIDE_STYLE('',(#5527));
#5486=SURFACE_STYLE_FILL_AREA(#5528);
#5487=SURFACE_STYLE_FILL_AREA(#5529);
#5488=SURFACE_STYLE_FILL_AREA(#5530);
#5489=SURFACE_STYLE_FILL_AREA(#5531);
#5490=SURFACE_STYLE_FILL_AREA(#5532);
#5491=SURFACE_STYLE_FILL_AREA(#5533);
#5492=SURFACE_STYLE_FILL_AREA(#5534);
#5493=SURFACE_STYLE_FILL_AREA(#5535);
#5494=SURFACE_STYLE_FILL_AREA(#5536);
#5495=SURFACE_STYLE_FILL_AREA(#5537);
#5496=SURFACE_STYLE_FILL_AREA(#5538);
#5497=SURFACE_STYLE_FILL_AREA(#5539);
#5498=SURFACE_STYLE_FILL_AREA(#5540);
#5499=SURFACE_STYLE_FILL_AREA(#5541);
#5500=SURFACE_STYLE_FILL_AREA(#5542);
#5501=SURFACE_STYLE_FILL_AREA(#5543);
#5502=SURFACE_STYLE_FILL_AREA(#5544);
#5503=SURFACE_STYLE_FILL_AREA(#5545);
#5504=SURFACE_STYLE_FILL_AREA(#5546);
#5505=SURFACE_STYLE_FILL_AREA(#5547);
#5506=SURFACE_STYLE_FILL_AREA(#5548);
#5507=SURFACE_STYLE_FILL_AREA(#5549);
#5508=SURFACE_STYLE_FILL_AREA(#5550);
#5509=SURFACE_STYLE_FILL_AREA(#5551);
#5510=SURFACE_STYLE_FILL_AREA(#5552);
#5511=SURFACE_STYLE_FILL_AREA(#5553);
#5512=SURFACE_STYLE_FILL_AREA(#5554);
#5513=SURFACE_STYLE_FILL_AREA(#5555);
#5514=SURFACE_STYLE_FILL_AREA(#5556);
#5515=SURFACE_STYLE_FILL_AREA(#5557);
#5516=SURFACE_STYLE_FILL_AREA(#5558);
#5517=SURFACE_STYLE_FILL_AREA(#5559);
#5518=SURFACE_STYLE_FILL_AREA(#5560);
#5519=SURFACE_STYLE_FILL_AREA(#5561);
#5520=SURFACE_STYLE_FILL_AREA(#5562);
#5521=SURFACE_STYLE_FILL_AREA(#5563);
#5522=SURFACE_STYLE_FILL_AREA(#5564);
#5523=SURFACE_STYLE_FILL_AREA(#5565);
#5524=SURFACE_STYLE_FILL_AREA(#5566);
#5525=SURFACE_STYLE_FILL_AREA(#5567);
#5526=SURFACE_STYLE_FILL_AREA(#5568);
#5527=SURFACE_STYLE_FILL_AREA(#5569);
#5528=FILL_AREA_STYLE('',(#5570));
#5529=FILL_AREA_STYLE('',(#5571));
#5530=FILL_AREA_STYLE('',(#5572));
#5531=FILL_AREA_STYLE('',(#5573));
#5532=FILL_AREA_STYLE('',(#5574));
#5533=FILL_AREA_STYLE('',(#5575));
#5534=FILL_AREA_STYLE('',(#5576));
#5535=FILL_AREA_STYLE('',(#5577));
#5536=FILL_AREA_STYLE('',(#5578));
#5537=FILL_AREA_STYLE('',(#5579));
#5538=FILL_AREA_STYLE('',(#5580));
#5539=FILL_AREA_STYLE('',(#5581));
#5540=FILL_AREA_STYLE('',(#5582));
#5541=FILL_AREA_STYLE('',(#5583));
#5542=FILL_AREA_STYLE('',(#5584));
#5543=FILL_AREA_STYLE('',(#5585));
#5544=FILL_AREA_STYLE('',(#5586));
#5545=FILL_AREA_STYLE('',(#5587));
#5546=FILL_AREA_STYLE('',(#5588));
#5547=FILL_AREA_STYLE('',(#5589));
#5548=FILL_AREA_STYLE('',(#5590));
#5549=FILL_AREA_STYLE('',(#5591));
#5550=FILL_AREA_STYLE('',(#5592));
#5551=FILL_AREA_STYLE('',(#5593));
#5552=FILL_AREA_STYLE('',(#5594));
#5553=FILL_AREA_STYLE('',(#5595));
#5554=FILL_AREA_STYLE('',(#5596));
#5555=FILL_AREA_STYLE('',(#5597));
#5556=FILL_AREA_STYLE('',(#5598));
#5557=FILL_AREA_STYLE('',(#5599));
#5558=FILL_AREA_STYLE('',(#5600));
#5559=FILL_AREA_STYLE('',(#5601));
#5560=FILL_AREA_STYLE('',(#5602));
#5561=FILL_AREA_STYLE('',(#5603));
#5562=FILL_AREA_STYLE('',(#5604));
#5563=FILL_AREA_STYLE('',(#5605));
#5564=FILL_AREA_STYLE('',(#5606));
#5565=FILL_AREA_STYLE('',(#5607));
#5566=FILL_AREA_STYLE('',(#5608));
#5567=FILL_AREA_STYLE('',(#5609));
#5568=FILL_AREA_STYLE('',(#5610));
#5569=FILL_AREA_STYLE('',(#5611));
#5570=FILL_AREA_STYLE_COLOUR('',#5612);
#5571=FILL_AREA_STYLE_COLOUR('',#5613);
#5572=FILL_AREA_STYLE_COLOUR('',#5614);
#5573=FILL_AREA_STYLE_COLOUR('',#5615);
#5574=FILL_AREA_STYLE_COLOUR('',#5615);
#5575=FILL_AREA_STYLE_COLOUR('',#5615);
#5576=FILL_AREA_STYLE_COLOUR('',#5615);
#5577=FILL_AREA_STYLE_COLOUR('',#5615);
#5578=FILL_AREA_STYLE_COLOUR('',#5615);
#5579=FILL_AREA_STYLE_COLOUR('',#5615);
#5580=FILL_AREA_STYLE_COLOUR('',#5615);
#5581=FILL_AREA_STYLE_COLOUR('',#5615);
#5582=FILL_AREA_STYLE_COLOUR('',#5615);
#5583=FILL_AREA_STYLE_COLOUR('',#5615);
#5584=FILL_AREA_STYLE_COLOUR('',#5615);
#5585=FILL_AREA_STYLE_COLOUR('',#12);
#5586=FILL_AREA_STYLE_COLOUR('',#5615);
#5587=FILL_AREA_STYLE_COLOUR('',#5615);
#5588=FILL_AREA_STYLE_COLOUR('',#5615);
#5589=FILL_AREA_STYLE_COLOUR('',#5615);
#5590=FILL_AREA_STYLE_COLOUR('',#5615);
#5591=FILL_AREA_STYLE_COLOUR('',#5615);
#5592=FILL_AREA_STYLE_COLOUR('',#5615);
#5593=FILL_AREA_STYLE_COLOUR('',#5615);
#5594=FILL_AREA_STYLE_COLOUR('',#5615);
#5595=FILL_AREA_STYLE_COLOUR('',#5615);
#5596=FILL_AREA_STYLE_COLOUR('',#5615);
#5597=FILL_AREA_STYLE_COLOUR('',#5615);
#5598=FILL_AREA_STYLE_COLOUR('',#5615);
#5599=FILL_AREA_STYLE_COLOUR('',#5615);
#5600=FILL_AREA_STYLE_COLOUR('',#5615);
#5601=FILL_AREA_STYLE_COLOUR('',#5615);
#5602=FILL_AREA_STYLE_COLOUR('',#5615);
#5603=FILL_AREA_STYLE_COLOUR('',#5615);
#5604=FILL_AREA_STYLE_COLOUR('',#5615);
#5605=FILL_AREA_STYLE_COLOUR('',#5615);
#5606=FILL_AREA_STYLE_COLOUR('',#13);
#5607=FILL_AREA_STYLE_COLOUR('',#12);
#5608=FILL_AREA_STYLE_COLOUR('',#14);
#5609=FILL_AREA_STYLE_COLOUR('',#5613);
#5610=FILL_AREA_STYLE_COLOUR('',#5616);
#5611=FILL_AREA_STYLE_COLOUR('',#5616);
#5612=COLOUR_RGB('',0.647058823529412,0.647058823529412,0.647058823529412);
#5613=COLOUR_RGB('',0.101960784313725,0.101960784313725,0.101960784313725);
#5614=COLOUR_RGB('',0.796078431372549,0.823529411764706,0.937254901960784);
#5615=COLOUR_RGB('',0.752941176470588,0.,0.752941176470588);
#5616=COLOUR_RGB('',0.262745098039216,0.282352941176471,0.301960784313725);
#5617=MANIFOLD_SOLID_BREP('Part 2',#5348);
#5618=MANIFOLD_SOLID_BREP('11Blade_fan',#5349);
#5619=MANIFOLD_SOLID_BREP('4600kv_motor',#5350);
#5620=MANIFOLD_SOLID_BREP('housing',#5351);
#5621=MANIFOLD_SOLID_BREP('Trigger',#5352);
#5622=MANIFOLD_SOLID_BREP('Part 1',#5353);
#5623=SHAPE_DEFINITION_REPRESENTATION(#12759,#5630);
#5624=SHAPE_DEFINITION_REPRESENTATION(#12760,#5631);
#5625=SHAPE_DEFINITION_REPRESENTATION(#12762,#5632);
#5626=SHAPE_DEFINITION_REPRESENTATION(#12764,#5633);
#5627=SHAPE_DEFINITION_REPRESENTATION(#12766,#5634);
#5628=SHAPE_DEFINITION_REPRESENTATION(#12768,#5635);
#5629=SHAPE_DEFINITION_REPRESENTATION(#12770,#5636);
#5630=SHAPE_REPRESENTATION('Assembly 1',(#5637,#5658,#5710,#5801,#5882,
#5912,#6083),#12742);
#5631=SHAPE_REPRESENTATION('Part 2',(#5637),#12743);
#5632=SHAPE_REPRESENTATION('11Blade_fan',(#5637),#12744);
#5633=SHAPE_REPRESENTATION('4600kv_motor',(#5637),#12745);
#5634=SHAPE_REPRESENTATION('housing',(#5637),#12746);
#5635=SHAPE_REPRESENTATION('Trigger',(#5637),#12747);
#5636=SHAPE_REPRESENTATION('Part 1',(#5637),#12748);
#5637=AXIS2_PLACEMENT_3D('',#7364,#6084,#6085);
#5638=AXIS2_PLACEMENT_3D('',#7365,#6086,#6087);
#5639=AXIS2_PLACEMENT_3D('',#7366,#6088,#6089);
#5640=AXIS2_PLACEMENT_3D('',#7369,#6090,#6091);
#5641=AXIS2_PLACEMENT_3D('',#7421,#6092,#6093);
#5642=AXIS2_PLACEMENT_3D('',#7430,#6098,#6099);
#5643=AXIS2_PLACEMENT_3D('',#7455,#6100,#6101);
#5644=AXIS2_PLACEMENT_3D('',#7457,#6102,#6103);
#5645=AXIS2_PLACEMENT_3D('',#7459,#6104,#6105);
#5646=AXIS2_PLACEMENT_3D('',#7488,#6106,#6107);
#5647=AXIS2_PLACEMENT_3D('',#7497,#6112,#6113);
#5648=AXIS2_PLACEMENT_3D('',#7500,#6116,#6117);
#5649=AXIS2_PLACEMENT_3D('',#7502,#6119,#6120);
#5650=AXIS2_PLACEMENT_3D('',#7504,#6122,#6123);
#5651=AXIS2_PLACEMENT_3D('',#7520,#6124,#6125);
#5652=AXIS2_PLACEMENT_3D('',#7588,#6126,#6127);
#5653=AXIS2_PLACEMENT_3D('',#7589,#6128,#6129);
#5654=AXIS2_PLACEMENT_3D('',#7631,#6130,#6131);
#5655=AXIS2_PLACEMENT_3D('',#7632,#6132,#6133);
#5656=AXIS2_PLACEMENT_3D('',#7698,#6134,#6135);
#5657=AXIS2_PLACEMENT_3D('',#7699,#6136,#6137);
#5658=AXIS2_PLACEMENT_3D('',#7715,#6138,#6139);
#5659=AXIS2_PLACEMENT_3D('',#8332,#6162,#6163);
#5660=AXIS2_PLACEMENT_3D('',#8333,#6164,#6165);
#5661=AXIS2_PLACEMENT_3D('',#8334,#6166,#6167);
#5662=AXIS2_PLACEMENT_3D('',#8335,#6168,#6169);
#5663=AXIS2_PLACEMENT_3D('',#8336,#6170,#6171);
#5664=AXIS2_PLACEMENT_3D('',#8337,#6172,#6173);
#5665=AXIS2_PLACEMENT_3D('',#8338,#6174,#6175);
#5666=AXIS2_PLACEMENT_3D('',#8339,#6176,#6177);
#5667=AXIS2_PLACEMENT_3D('',#8340,#6178,#6179);
#5668=AXIS2_PLACEMENT_3D('',#8341,#6180,#6181);
#5669=AXIS2_PLACEMENT_3D('',#8342,#6182,#6183);
#5670=AXIS2_PLACEMENT_3D('',#8343,#6184,#6185);
#5671=AXIS2_PLACEMENT_3D('',#8344,#6186,#6187);
#5672=AXIS2_PLACEMENT_3D('',#8345,#6188,#6189);
#5673=AXIS2_PLACEMENT_3D('',#8346,#6190,#6191);
#5674=AXIS2_PLACEMENT_3D('',#8347,#6192,#6193);
#5675=AXIS2_PLACEMENT_3D('',#8348,#6194,#6195);
#5676=AXIS2_PLACEMENT_3D('',#8349,#6196,#6197);
#5677=AXIS2_PLACEMENT_3D('',#8350,#6198,#6199);
#5678=AXIS2_PLACEMENT_3D('',#8351,#6200,#6201);
#5679=AXIS2_PLACEMENT_3D('',#8352,#6202,#6203);
#5680=AXIS2_PLACEMENT_3D('',#8353,#6204,#6205);
#5681=AXIS2_PLACEMENT_3D('',#8354,#6206,#6207);
#5682=AXIS2_PLACEMENT_3D('',#8355,#6208,#6209);
#5683=AXIS2_PLACEMENT_3D('',#8356,#6210,#6211);
#5684=AXIS2_PLACEMENT_3D('',#8357,#6212,#6213);
#5685=AXIS2_PLACEMENT_3D('',#8358,#6214,#6215);
#5686=AXIS2_PLACEMENT_3D('',#8359,#6216,#6217);
#5687=AXIS2_PLACEMENT_3D('',#8360,#6218,#6219);
#5688=AXIS2_PLACEMENT_3D('',#8361,#6220,#6221);
#5689=AXIS2_PLACEMENT_3D('',#8362,#6222,#6223);
#5690=AXIS2_PLACEMENT_3D('',#8363,#6224,#6225);
#5691=AXIS2_PLACEMENT_3D('',#8364,#6226,#6227);
#5692=AXIS2_PLACEMENT_3D('',#8365,#6228,#6229);
#5693=AXIS2_PLACEMENT_3D('',#8366,#6230,#6231);
#5694=AXIS2_PLACEMENT_3D('',#8368,#6232,#6233);
#5695=AXIS2_PLACEMENT_3D('',#8369,#6234,#6235);
#5696=AXIS2_PLACEMENT_3D('',#8371,#6236,#6237);
#5697=AXIS2_PLACEMENT_3D('',#8372,#6238,#6239);
#5698=AXIS2_PLACEMENT_3D('',#8374,#6240,#6241);
#5699=AXIS2_PLACEMENT_3D('',#8375,#6242,#6243);
#5700=AXIS2_PLACEMENT_3D('',#8376,#6244,#6245);
#5701=AXIS2_PLACEMENT_3D('',#8377,#6246,#6247);
#5702=AXIS2_PLACEMENT_3D('',#8378,#6248,#6249);
#5703=AXIS2_PLACEMENT_3D('',#8379,#6250,#6251);
#5704=AXIS2_PLACEMENT_3D('',#8380,#6252,#6253);
#5705=AXIS2_PLACEMENT_3D('',#8381,#6254,#6255);
#5706=AXIS2_PLACEMENT_3D('',#8382,#6256,#6257);
#5707=AXIS2_PLACEMENT_3D('',#8383,#6258,#6259);
#5708=AXIS2_PLACEMENT_3D('',#8384,#6260,#6261);
#5709=AXIS2_PLACEMENT_3D('',#8385,#6262,#6263);
#5710=AXIS2_PLACEMENT_3D('',#8386,#6264,#6265);
#5711=AXIS2_PLACEMENT_3D('',#8387,#6266,#6267);
#5712=AXIS2_PLACEMENT_3D('',#8388,#6268,#6269);
#5713=AXIS2_PLACEMENT_3D('',#8549,#6270,#6271);
#5714=AXIS2_PLACEMENT_3D('',#8565,#6272,#6273);
#5715=AXIS2_PLACEMENT_3D('',#8566,#6274,#6275);
#5716=AXIS2_PLACEMENT_3D('',#8567,#6276,#6277);
#5717=AXIS2_PLACEMENT_3D('',#8576,#6278,#6279);
#5718=AXIS2_PLACEMENT_3D('',#8584,#6280,#6281);
#5719=AXIS2_PLACEMENT_3D('',#8585,#6282,#6283);
#5720=AXIS2_PLACEMENT_3D('',#8588,#6286,#6287);
#5721=AXIS2_PLACEMENT_3D('',#8591,#6290,#6291);
#5722=AXIS2_PLACEMENT_3D('',#8608,#6293,#6294);
#5723=AXIS2_PLACEMENT_3D('',#8617,#6296,#6297);
#5724=AXIS2_PLACEMENT_3D('',#8626,#6299,#6300);
#5725=AXIS2_PLACEMENT_3D('',#8627,#6301,#6302);
#5726=AXIS2_PLACEMENT_3D('',#8669,#6303,#6304);
#5727=AXIS2_PLACEMENT_3D('',#8686,#6306,#6307);
#5728=AXIS2_PLACEMENT_3D('',#8694,#6309,#6310);
#5729=AXIS2_PLACEMENT_3D('',#8702,#6312,#6313);
#5730=AXIS2_PLACEMENT_3D('',#8703,#6314,#6315);
#5731=AXIS2_PLACEMENT_3D('',#8745,#6316,#6317);
#5732=AXIS2_PLACEMENT_3D('',#8746,#6318,#6319);
#5733=AXIS2_PLACEMENT_3D('',#8754,#6320,#6321);
#5734=AXIS2_PLACEMENT_3D('',#8761,#6322,#6323);
#5735=AXIS2_PLACEMENT_3D('',#8768,#6324,#6325);
#5736=AXIS2_PLACEMENT_3D('',#8775,#6326,#6327);
#5737=AXIS2_PLACEMENT_3D('',#8782,#6328,#6329);
#5738=AXIS2_PLACEMENT_3D('',#8789,#6330,#6331);
#5739=AXIS2_PLACEMENT_3D('',#8790,#6332,#6333);
#5740=AXIS2_PLACEMENT_3D('',#8793,#6335,#6336);
#5741=AXIS2_PLACEMENT_3D('',#8796,#6338,#6339);
#5742=AXIS2_PLACEMENT_3D('',#8797,#6340,#6341);
#5743=AXIS2_PLACEMENT_3D('',#8802,#6344,#6345);
#5744=AXIS2_PLACEMENT_3D('',#8803,#6346,#6347);
#5745=AXIS2_PLACEMENT_3D('',#8808,#6350,#6351);
#5746=AXIS2_PLACEMENT_3D('',#8809,#6352,#6353);
#5747=AXIS2_PLACEMENT_3D('',#8811,#6354,#6355);
#5748=AXIS2_PLACEMENT_3D('',#8812,#6356,#6357);
#5749=AXIS2_PLACEMENT_3D('',#8814,#6358,#6359);
#5750=AXIS2_PLACEMENT_3D('',#8817,#6361,#6362);
#5751=AXIS2_PLACEMENT_3D('',#8822,#6365,#6366);
#5752=AXIS2_PLACEMENT_3D('',#8827,#6369,#6370);
#5753=AXIS2_PLACEMENT_3D('',#8830,#6372,#6373);
#5754=AXIS2_PLACEMENT_3D('',#8832,#6374,#6375);
#5755=AXIS2_PLACEMENT_3D('',#8833,#6376,#6377);
#5756=AXIS2_PLACEMENT_3D('',#8836,#6379,#6380);
#5757=AXIS2_PLACEMENT_3D('',#8839,#6382,#6383);
#5758=AXIS2_PLACEMENT_3D('',#8841,#6385,#6386);
#5759=AXIS2_PLACEMENT_3D('',#8843,#6388,#6389);
#5760=AXIS2_PLACEMENT_3D('',#8844,#6390,#6391);
#5761=AXIS2_PLACEMENT_3D('',#8847,#6393,#6394);
#5762=AXIS2_PLACEMENT_3D('',#8850,#6396,#6397);
#5763=AXIS2_PLACEMENT_3D('',#8852,#6399,#6400);
#5764=AXIS2_PLACEMENT_3D('',#8854,#6402,#6403);
#5765=AXIS2_PLACEMENT_3D('',#8855,#6404,#6405);
#5766=AXIS2_PLACEMENT_3D('',#8858,#6407,#6408);
#5767=AXIS2_PLACEMENT_3D('',#8861,#6410,#6411);
#5768=AXIS2_PLACEMENT_3D('',#8863,#6413,#6414);
#5769=AXIS2_PLACEMENT_3D('',#8865,#6416,#6417);
#5770=AXIS2_PLACEMENT_3D('',#8866,#6418,#6419);
#5771=AXIS2_PLACEMENT_3D('',#8867,#6420,#6421);
#5772=AXIS2_PLACEMENT_3D('',#8869,#6422,#6423);
#5773=AXIS2_PLACEMENT_3D('',#8870,#6424,#6425);
#5774=AXIS2_PLACEMENT_3D('',#8872,#6426,#6427);
#5775=AXIS2_PLACEMENT_3D('',#8873,#6428,#6429);
#5776=AXIS2_PLACEMENT_3D('',#8874,#6430,#6431);
#5777=AXIS2_PLACEMENT_3D('',#8875,#6432,#6433);
#5778=AXIS2_PLACEMENT_3D('',#8876,#6434,#6435);
#5779=AXIS2_PLACEMENT_3D('',#8877,#6436,#6437);
#5780=AXIS2_PLACEMENT_3D('',#8878,#6438,#6439);
#5781=AXIS2_PLACEMENT_3D('',#8879,#6440,#6441);
#5782=AXIS2_PLACEMENT_3D('',#8880,#6442,#6443);
#5783=AXIS2_PLACEMENT_3D('',#8881,#6444,#6445);
#5784=AXIS2_PLACEMENT_3D('',#8882,#6446,#6447);
#5785=AXIS2_PLACEMENT_3D('',#8883,#6448,#6449);
#5786=AXIS2_PLACEMENT_3D('',#8884,#6450,#6451);
#5787=AXIS2_PLACEMENT_3D('',#8885,#6452,#6453);
#5788=AXIS2_PLACEMENT_3D('',#8887,#6454,#6455);
#5789=AXIS2_PLACEMENT_3D('',#8888,#6456,#6457);
#5790=AXIS2_PLACEMENT_3D('',#8889,#6458,#6459);
#5791=AXIS2_PLACEMENT_3D('',#8891,#6460,#6461);
#5792=AXIS2_PLACEMENT_3D('',#8892,#6462,#6463);
#5793=AXIS2_PLACEMENT_3D('',#8893,#6464,#6465);
#5794=AXIS2_PLACEMENT_3D('',#8894,#6466,#6467);
#5795=AXIS2_PLACEMENT_3D('',#8895,#6468,#6469);
#5796=AXIS2_PLACEMENT_3D('',#8896,#6470,#6471);
#5797=AXIS2_PLACEMENT_3D('',#8897,#6472,#6473);
#5798=AXIS2_PLACEMENT_3D('',#8898,#6474,#6475);
#5799=AXIS2_PLACEMENT_3D('',#8899,#6476,#6477);
#5800=AXIS2_PLACEMENT_3D('',#8901,#6478,#6479);
#5801=AXIS2_PLACEMENT_3D('',#8902,#6480,#6481);
#5802=AXIS2_PLACEMENT_3D('',#8903,#6482,#6483);
#5803=AXIS2_PLACEMENT_3D('',#8904,#6484,#6485);
#5804=AXIS2_PLACEMENT_3D('',#8909,#6487,#6488);
#5805=AXIS2_PLACEMENT_3D('',#8918,#6490,#6491);
#5806=AXIS2_PLACEMENT_3D('',#8927,#6493,#6494);
#5807=AXIS2_PLACEMENT_3D('',#8936,#6496,#6497);
#5808=AXIS2_PLACEMENT_3D('',#8945,#6499,#6500);
#5809=AXIS2_PLACEMENT_3D('',#8954,#6502,#6503);
#5810=AXIS2_PLACEMENT_3D('',#8963,#6505,#6506);
#5811=AXIS2_PLACEMENT_3D('',#8972,#6508,#6509);
#5812=AXIS2_PLACEMENT_3D('',#8978,#6510,#6511);
#5813=AXIS2_PLACEMENT_3D('',#8979,#6512,#6513);
#5814=AXIS2_PLACEMENT_3D('',#8984,#6515,#6516);
#5815=AXIS2_PLACEMENT_3D('',#9016,#6518,#6519);
#5816=AXIS2_PLACEMENT_3D('',#9017,#6520,#6521);
#5817=AXIS2_PLACEMENT_3D('',#9021,#6523,#6524);
#5818=AXIS2_PLACEMENT_3D('',#9053,#6526,#6527);
#5819=AXIS2_PLACEMENT_3D('',#9054,#6528,#6529);
#5820=AXIS2_PLACEMENT_3D('',#9058,#6531,#6532);
#5821=AXIS2_PLACEMENT_3D('',#9090,#6534,#6535);
#5822=AXIS2_PLACEMENT_3D('',#9091,#6536,#6537);
#5823=AXIS2_PLACEMENT_3D('',#9095,#6539,#6540);
#5824=AXIS2_PLACEMENT_3D('',#9127,#6542,#6543);
#5825=AXIS2_PLACEMENT_3D('',#9128,#6544,#6545);
#5826=AXIS2_PLACEMENT_3D('',#9132,#6547,#6548);
#5827=AXIS2_PLACEMENT_3D('',#9164,#6550,#6551);
#5828=AXIS2_PLACEMENT_3D('',#9165,#6552,#6553);
#5829=AXIS2_PLACEMENT_3D('',#9169,#6555,#6556);
#5830=AXIS2_PLACEMENT_3D('',#9201,#6558,#6559);
#5831=AXIS2_PLACEMENT_3D('',#9202,#6560,#6561);
#5832=AXIS2_PLACEMENT_3D('',#9206,#6563,#6564);
#5833=AXIS2_PLACEMENT_3D('',#9238,#6566,#6567);
#5834=AXIS2_PLACEMENT_3D('',#9239,#6568,#6569);
#5835=AXIS2_PLACEMENT_3D('',#9241,#6570,#6571);
#5836=AXIS2_PLACEMENT_3D('',#9243,#6572,#6573);
#5837=AXIS2_PLACEMENT_3D('',#9484,#6582,#6583);
#5838=AXIS2_PLACEMENT_3D('',#9486,#6584,#6585);
#5839=AXIS2_PLACEMENT_3D('',#9487,#6586,#6587);
#5840=AXIS2_PLACEMENT_3D('',#9489,#6588,#6589);
#5841=AXIS2_PLACEMENT_3D('',#9490,#6590,#6591);
#5842=AXIS2_PLACEMENT_3D('',#9492,#6592,#6593);
#5843=AXIS2_PLACEMENT_3D('',#9493,#6594,#6595);
#5844=AXIS2_PLACEMENT_3D('',#9495,#6596,#6597);
#5845=AXIS2_PLACEMENT_3D('',#9496,#6598,#6599);
#5846=AXIS2_PLACEMENT_3D('',#9498,#6600,#6601);
#5847=AXIS2_PLACEMENT_3D('',#9499,#6602,#6603);
#5848=AXIS2_PLACEMENT_3D('',#9500,#6604,#6605);
#5849=AXIS2_PLACEMENT_3D('',#9502,#6606,#6607);
#5850=AXIS2_PLACEMENT_3D('',#9503,#6608,#6609);
#5851=AXIS2_PLACEMENT_3D('',#9504,#6610,#6611);
#5852=AXIS2_PLACEMENT_3D('',#9505,#6612,#6613);
#5853=AXIS2_PLACEMENT_3D('',#9507,#6614,#6615);
#5854=AXIS2_PLACEMENT_3D('',#9516,#6618,#6619);
#5855=AXIS2_PLACEMENT_3D('',#9520,#6621,#6622);
#5856=AXIS2_PLACEMENT_3D('',#9542,#6637,#6638);
#5857=AXIS2_PLACEMENT_3D('',#9544,#6639,#6640);
#5858=AXIS2_PLACEMENT_3D('',#9550,#6642,#6643);
#5859=AXIS2_PLACEMENT_3D('',#9556,#6645,#6646);
#5860=AXIS2_PLACEMENT_3D('',#9587,#6648,#6649);
#5861=AXIS2_PLACEMENT_3D('',#9588,#6650,#6651);
#5862=AXIS2_PLACEMENT_3D('',#9595,#6653,#6654);
#5863=AXIS2_PLACEMENT_3D('',#9601,#6656,#6657);
#5864=AXIS2_PLACEMENT_3D('',#9606,#6658,#6659);
#5865=AXIS2_PLACEMENT_3D('',#9613,#6661,#6662);
#5866=AXIS2_PLACEMENT_3D('',#9619,#6664,#6665);
#5867=AXIS2_PLACEMENT_3D('',#9624,#6666,#6667);
#5868=AXIS2_PLACEMENT_3D('',#9631,#6669,#6670);
#5869=AXIS2_PLACEMENT_3D('',#9637,#6672,#6673);
#5870=AXIS2_PLACEMENT_3D('',#9642,#6674,#6675);
#5871=AXIS2_PLACEMENT_3D('',#9649,#6677,#6678);
#5872=AXIS2_PLACEMENT_3D('',#9655,#6680,#6681);
#5873=AXIS2_PLACEMENT_3D('',#9660,#6682,#6683);
#5874=AXIS2_PLACEMENT_3D('',#9667,#6685,#6686);
#5875=AXIS2_PLACEMENT_3D('',#9673,#6688,#6689);
#5876=AXIS2_PLACEMENT_3D('',#9678,#6690,#6691);
#5877=AXIS2_PLACEMENT_3D('',#9685,#6693,#6694);
#5878=AXIS2_PLACEMENT_3D('',#9691,#6696,#6697);
#5879=AXIS2_PLACEMENT_3D('',#9696,#6698,#6699);
#5880=AXIS2_PLACEMENT_3D('',#9703,#6701,#6702);
#5881=AXIS2_PLACEMENT_3D('',#9709,#6704,#6705);
#5882=AXIS2_PLACEMENT_3D('',#9826,#6706,#6707);
#5883=AXIS2_PLACEMENT_3D('',#9827,#6708,#6709);
#5884=AXIS2_PLACEMENT_3D('',#9844,#6718,#6719);
#5885=AXIS2_PLACEMENT_3D('',#9854,#6725,#6726);
#5886=AXIS2_PLACEMENT_3D('',#9860,#6730,#6731);
#5887=AXIS2_PLACEMENT_3D('',#9864,#6734,#6735);
#5888=AXIS2_PLACEMENT_3D('',#9866,#6737,#6738);
#5889=AXIS2_PLACEMENT_3D('',#9870,#6741,#6742);
#5890=AXIS2_PLACEMENT_3D('',#9872,#6744,#6745);
#5891=AXIS2_PLACEMENT_3D('',#9873,#6746,#6747);
#5892=AXIS2_PLACEMENT_3D('',#9895,#6756,#6757);
#5893=AXIS2_PLACEMENT_3D('',#9899,#6760,#6761);
#5894=AXIS2_PLACEMENT_3D('',#9903,#6764,#6765);
#5895=AXIS2_PLACEMENT_3D('',#9905,#6767,#6768);
#5896=AXIS2_PLACEMENT_3D('',#9911,#6772,#6773);
#5897=AXIS2_PLACEMENT_3D('',#9915,#6775,#6776);
#5898=AXIS2_PLACEMENT_3D('',#9918,#6778,#6779);
#5899=AXIS2_PLACEMENT_3D('',#9919,#6780,#6781);
#5900=AXIS2_PLACEMENT_3D('',#9922,#6783,#6784);
#5901=AXIS2_PLACEMENT_3D('',#9923,#6785,#6786);
#5902=AXIS2_PLACEMENT_3D('',#9924,#6787,#6788);
#5903=AXIS2_PLACEMENT_3D('',#9927,#6789,#6790);
#5904=AXIS2_PLACEMENT_3D('',#9931,#6792,#6793);
#5905=AXIS2_PLACEMENT_3D('',#9932,#6794,#6795);
#5906=AXIS2_PLACEMENT_3D('',#9935,#6798,#6799);
#5907=AXIS2_PLACEMENT_3D('',#9945,#6802,#6803);
#5908=AXIS2_PLACEMENT_3D('',#9946,#6804,#6805);
#5909=AXIS2_PLACEMENT_3D('',#9947,#6806,#6807);
#5910=AXIS2_PLACEMENT_3D('',#9956,#6808,#6809);
#5911=AXIS2_PLACEMENT_3D('',#9957,#6810,#6811);
#5912=AXIS2_PLACEMENT_3D('',#9958,#6812,#6813);
#5913=AXIS2_PLACEMENT_3D('',#10805,#6814,#6815);
#5914=AXIS2_PLACEMENT_3D('',#10835,#6830,#6831);
#5915=AXIS2_PLACEMENT_3D('',#10843,#6835,#6836);
#5916=AXIS2_PLACEMENT_3D('',#10859,#6844,#6845);
#5917=AXIS2_PLACEMENT_3D('',#10867,#6849,#6850);
#5918=AXIS2_PLACEMENT_3D('',#10874,#6854,#6855);
#5919=AXIS2_PLACEMENT_3D('',#10876,#6857,#6858);
#5920=AXIS2_PLACEMENT_3D('',#10884,#6859,#6860);
#5921=AXIS2_PLACEMENT_3D('',#10893,#6862,#6863);
#5922=AXIS2_PLACEMENT_3D('',#10895,#6865,#6866);
#5923=AXIS2_PLACEMENT_3D('',#10904,#6871,#6872);
#5924=AXIS2_PLACEMENT_3D('',#10908,#6874,#6875);
#5925=AXIS2_PLACEMENT_3D('',#10916,#6880,#6881);
#5926=AXIS2_PLACEMENT_3D('',#10918,#6883,#6884);
#5927=AXIS2_PLACEMENT_3D('',#10925,#6889,#6890);
#5928=AXIS2_PLACEMENT_3D('',#12019,#6893,#6894);
#5929=AXIS2_PLACEMENT_3D('',#12021,#6896,#6897);
#5930=AXIS2_PLACEMENT_3D('',#12027,#6901,#6902);
#5931=AXIS2_PLACEMENT_3D('',#12033,#6903,#6904);
#5932=AXIS2_PLACEMENT_3D('',#12034,#6905,#6906);
#5933=AXIS2_PLACEMENT_3D('',#12036,#6907,#6908);
#5934=AXIS2_PLACEMENT_3D('',#12055,#6909,#6910);
#5935=AXIS2_PLACEMENT_3D('',#12072,#6911,#6912);
#5936=AXIS2_PLACEMENT_3D('',#12074,#6913,#6914);
#5937=AXIS2_PLACEMENT_3D('',#12075,#6915,#6916);
#5938=AXIS2_PLACEMENT_3D('',#12077,#6917,#6918);
#5939=AXIS2_PLACEMENT_3D('',#12078,#6919,#6920);
#5940=AXIS2_PLACEMENT_3D('',#12079,#6921,#6922);
#5941=AXIS2_PLACEMENT_3D('',#12080,#6923,#6924);
#5942=AXIS2_PLACEMENT_3D('',#12081,#6925,#6926);
#5943=AXIS2_PLACEMENT_3D('',#12082,#6927,#6928);
#5944=AXIS2_PLACEMENT_3D('',#12084,#6929,#6930);
#5945=AXIS2_PLACEMENT_3D('',#12086,#6931,#6932);
#5946=AXIS2_PLACEMENT_3D('',#12087,#6933,#6934);
#5947=AXIS2_PLACEMENT_3D('',#12089,#6935,#6936);
#5948=AXIS2_PLACEMENT_3D('',#12091,#6937,#6938);
#5949=AXIS2_PLACEMENT_3D('',#12092,#6939,#6940);
#5950=AXIS2_PLACEMENT_3D('',#12094,#6941,#6942);
#5951=AXIS2_PLACEMENT_3D('',#12096,#6943,#6944);
#5952=AXIS2_PLACEMENT_3D('',#12097,#6945,#6946);
#5953=AXIS2_PLACEMENT_3D('',#12098,#6947,#6948);
#5954=AXIS2_PLACEMENT_3D('',#12100,#6949,#6950);
#5955=AXIS2_PLACEMENT_3D('',#12102,#6951,#6952);
#5956=AXIS2_PLACEMENT_3D('',#12103,#6953,#6954);
#5957=AXIS2_PLACEMENT_3D('',#12106,#6957,#6958);
#5958=AXIS2_PLACEMENT_3D('',#12110,#6962,#6963);
#5959=AXIS2_PLACEMENT_3D('',#12111,#6964,#6965);
#5960=AXIS2_PLACEMENT_3D('',#12114,#6968,#6969);
#5961=AXIS2_PLACEMENT_3D('',#12116,#6971,#6972);
#5962=AXIS2_PLACEMENT_3D('',#12118,#6974,#6975);
#5963=AXIS2_PLACEMENT_3D('',#12119,#6976,#6977);
#5964=AXIS2_PLACEMENT_3D('',#12120,#6978,#6979);
#5965=AXIS2_PLACEMENT_3D('',#12121,#6980,#6981);
#5966=AXIS2_PLACEMENT_3D('',#12122,#6982,#6983);
#5967=AXIS2_PLACEMENT_3D('',#12123,#6984,#6985);
#5968=AXIS2_PLACEMENT_3D('',#12129,#6989,#6990);
#5969=AXIS2_PLACEMENT_3D('',#12132,#6992,#6993);
#5970=AXIS2_PLACEMENT_3D('',#12133,#6994,#6995);
#5971=AXIS2_PLACEMENT_3D('',#12134,#6996,#6997);
#5972=AXIS2_PLACEMENT_3D('',#12135,#6998,#6999);
#5973=AXIS2_PLACEMENT_3D('',#12136,#7000,#7001);
#5974=AXIS2_PLACEMENT_3D('',#12139,#7003,#7004);
#5975=AXIS2_PLACEMENT_3D('',#12141,#7006,#7007);
#5976=AXIS2_PLACEMENT_3D('',#12142,#7008,#7009);
#5977=AXIS2_PLACEMENT_3D('',#12143,#7010,#7011);
#5978=AXIS2_PLACEMENT_3D('',#12144,#7012,#7013);
#5979=AXIS2_PLACEMENT_3D('',#12146,#7014,#7015);
#5980=AXIS2_PLACEMENT_3D('',#12148,#7016,#7017);
#5981=AXIS2_PLACEMENT_3D('',#12149,#7018,#7019);
#5982=AXIS2_PLACEMENT_3D('',#12151,#7020,#7021);
#5983=AXIS2_PLACEMENT_3D('',#12153,#7022,#7023);
#5984=AXIS2_PLACEMENT_3D('',#12165,#7029,#7030);
#5985=AXIS2_PLACEMENT_3D('',#12166,#7031,#7032);
#5986=AXIS2_PLACEMENT_3D('',#12176,#7037,#7038);
#5987=AXIS2_PLACEMENT_3D('',#12179,#7040,#7041);
#5988=AXIS2_PLACEMENT_3D('',#12183,#7043,#7044);
#5989=AXIS2_PLACEMENT_3D('',#12187,#7046,#7047);
#5990=AXIS2_PLACEMENT_3D('',#12188,#7048,#7049);
#5991=AXIS2_PLACEMENT_3D('',#12192,#7051,#7052);
#5992=AXIS2_PLACEMENT_3D('',#12196,#7054,#7055);
#5993=AXIS2_PLACEMENT_3D('',#12197,#7056,#7057);
#5994=AXIS2_PLACEMENT_3D('',#12201,#7059,#7060);
#5995=AXIS2_PLACEMENT_3D('',#12209,#7061,#7062);
#5996=AXIS2_PLACEMENT_3D('',#12213,#7064,#7065);
#5997=AXIS2_PLACEMENT_3D('',#12214,#7066,#7067);
#5998=AXIS2_PLACEMENT_3D('',#12218,#7069,#7070);
#5999=AXIS2_PLACEMENT_3D('',#12226,#7071,#7072);
#6000=AXIS2_PLACEMENT_3D('',#12230,#7074,#7075);
#6001=AXIS2_PLACEMENT_3D('',#12231,#7076,#7077);
#6002=AXIS2_PLACEMENT_3D('',#12237,#7081,#7082);
#6003=AXIS2_PLACEMENT_3D('',#12238,#7083,#7084);
#6004=AXIS2_PLACEMENT_3D('',#12241,#7086,#7087);
#6005=AXIS2_PLACEMENT_3D('',#12247,#7091,#7092);
#6006=AXIS2_PLACEMENT_3D('',#12248,#7093,#7094);
#6007=AXIS2_PLACEMENT_3D('',#12251,#7096,#7097);
#6008=AXIS2_PLACEMENT_3D('',#12254,#7100,#7101);
#6009=AXIS2_PLACEMENT_3D('',#12257,#7104,#7105);
#6010=AXIS2_PLACEMENT_3D('',#12266,#7110,#7111);
#6011=AXIS2_PLACEMENT_3D('',#12269,#7114,#7115);
#6012=AXIS2_PLACEMENT_3D('',#12272,#7118,#7119);
#6013=AXIS2_PLACEMENT_3D('',#12278,#7123,#7124);
#6014=AXIS2_PLACEMENT_3D('',#12281,#7127,#7128);
#6015=AXIS2_PLACEMENT_3D('',#12284,#7130,#7131);
#6016=AXIS2_PLACEMENT_3D('',#12286,#7133,#7134);
#6017=AXIS2_PLACEMENT_3D('',#12287,#7135,#7136);
#6018=AXIS2_PLACEMENT_3D('',#12291,#7139,#7140);
#6019=AXIS2_PLACEMENT_3D('',#12297,#7144,#7145);
#6020=AXIS2_PLACEMENT_3D('',#12301,#7147,#7148);
#6021=AXIS2_PLACEMENT_3D('',#12309,#7153,#7154);
#6022=AXIS2_PLACEMENT_3D('',#12316,#7158,#7159);
#6023=AXIS2_PLACEMENT_3D('',#12321,#7162,#7163);
#6024=AXIS2_PLACEMENT_3D('',#12325,#7166,#7167);
#6025=AXIS2_PLACEMENT_3D('',#12331,#7171,#7172);
#6026=AXIS2_PLACEMENT_3D('',#12337,#7176,#7177);
#6027=AXIS2_PLACEMENT_3D('',#12343,#7181,#7182);
#6028=AXIS2_PLACEMENT_3D('',#12353,#7188,#7189);
#6029=AXIS2_PLACEMENT_3D('',#12358,#7193,#7194);
#6030=AXIS2_PLACEMENT_3D('',#12360,#7196,#7197);
#6031=AXIS2_PLACEMENT_3D('',#12364,#7200,#7201);
#6032=AXIS2_PLACEMENT_3D('',#12368,#7204,#7205);
#6033=AXIS2_PLACEMENT_3D('',#12370,#7207,#7208);
#6034=AXIS2_PLACEMENT_3D('',#12373,#7210,#7211);
#6035=AXIS2_PLACEMENT_3D('',#12377,#7214,#7215);
#6036=AXIS2_PLACEMENT_3D('',#12381,#7218,#7219);
#6037=AXIS2_PLACEMENT_3D('',#12384,#7221,#7222);
#6038=AXIS2_PLACEMENT_3D('',#12386,#7224,#7225);
#6039=AXIS2_PLACEMENT_3D('',#12388,#7227,#7228);
#6040=AXIS2_PLACEMENT_3D('',#12390,#7230,#7231);
#6041=AXIS2_PLACEMENT_3D('',#12392,#7233,#7234);
#6042=AXIS2_PLACEMENT_3D('',#12395,#7237,#7238);
#6043=AXIS2_PLACEMENT_3D('',#12398,#7241,#7242);
#6044=AXIS2_PLACEMENT_3D('',#12400,#7244,#7245);
#6045=AXIS2_PLACEMENT_3D('',#12411,#7251,#7252);
#6046=AXIS2_PLACEMENT_3D('',#12422,#7258,#7259);
#6047=AXIS2_PLACEMENT_3D('',#12424,#7261,#7262);
#6048=AXIS2_PLACEMENT_3D('',#12425,#7263,#7264);
#6049=AXIS2_PLACEMENT_3D('',#12426,#7265,#7266);
#6050=AXIS2_PLACEMENT_3D('',#12428,#7268,#7269);
#6051=AXIS2_PLACEMENT_3D('',#12436,#7274,#7275);
#6052=AXIS2_PLACEMENT_3D('',#12440,#7278,#7279);
#6053=AXIS2_PLACEMENT_3D('',#12444,#7281,#7282);
#6054=AXIS2_PLACEMENT_3D('',#12447,#7285,#7286);
#6055=AXIS2_PLACEMENT_3D('',#12453,#7290,#7291);
#6056=AXIS2_PLACEMENT_3D('',#12454,#7292,#7293);
#6057=AXIS2_PLACEMENT_3D('',#12455,#7294,#7295);
#6058=AXIS2_PLACEMENT_3D('',#12458,#7298,#7299);
#6059=AXIS2_PLACEMENT_3D('',#12461,#7302,#7303);
#6060=AXIS2_PLACEMENT_3D('',#12462,#7304,#7305);
#6061=AXIS2_PLACEMENT_3D('',#12463,#7306,#7307);
#6062=AXIS2_PLACEMENT_3D('',#12464,#7308,#7309);
#6063=AXIS2_PLACEMENT_3D('',#12465,#7310,#7311);
#6064=AXIS2_PLACEMENT_3D('',#12466,#7312,#7313);
#6065=AXIS2_PLACEMENT_3D('',#12473,#7318,#7319);
#6066=AXIS2_PLACEMENT_3D('',#12505,#7324,#7325);
#6067=AXIS2_PLACEMENT_3D('',#12506,#7326,#7327);
#6068=AXIS2_PLACEMENT_3D('',#12507,#7328,#7329);
#6069=AXIS2_PLACEMENT_3D('',#12542,#7330,#7331);
#6070=AXIS2_PLACEMENT_3D('',#12543,#7332,#7333);
#6071=AXIS2_PLACEMENT_3D('',#12724,#7334,#7335);
#6072=AXIS2_PLACEMENT_3D('',#12727,#7338,#7339);
#6073=AXIS2_PLACEMENT_3D('',#12730,#7342,#7343);
#6074=AXIS2_PLACEMENT_3D('',#12731,#7344,#7345);
#6075=AXIS2_PLACEMENT_3D('',#12732,#7346,#7347);
#6076=AXIS2_PLACEMENT_3D('',#12733,#7348,#7349);
#6077=AXIS2_PLACEMENT_3D('',#12734,#7350,#7351);
#6078=AXIS2_PLACEMENT_3D('',#12735,#7352,#7353);
#6079=AXIS2_PLACEMENT_3D('',#12736,#7354,#7355);
#6080=AXIS2_PLACEMENT_3D('',#12737,#7356,#7357);
#6081=AXIS2_PLACEMENT_3D('',#12738,#7358,#7359);
#6082=AXIS2_PLACEMENT_3D('',#12739,#7360,#7361);
#6083=AXIS2_PLACEMENT_3D('',#12740,#7362,#7363);
#6084=DIRECTION('',(0.,0.,1.));
#6085=DIRECTION('',(1.,0.,0.));
#6086=DIRECTION('',(0.,0.,-1.));
#6087=DIRECTION('',(1.,0.,0.));
#6088=DIRECTION('',(0.,0.,-1.));
#6089=DIRECTION('',(1.,0.,0.));
#6090=DIRECTION('',(0.,0.,-1.));
#6091=DIRECTION('',(-1.,0.,0.));
#6092=DIRECTION('',(0.,0.,-1.));
#6093=DIRECTION('',(-1.,0.,0.));
#6094=DIRECTION('',(-1.,0.,0.));
#6095=DIRECTION('',(0.,-1.,0.));
#6096=DIRECTION('',(-1.,0.,0.));
#6097=DIRECTION('',(0.,1.,0.));
#6098=DIRECTION('',(0.,0.,-1.));
#6099=DIRECTION('',(1.,0.,0.));
#6100=DIRECTION('',(0.,0.,-1.));
#6101=DIRECTION('',(-1.,0.,0.));
#6102=DIRECTION('',(0.,0.,-1.));
#6103=DIRECTION('',(-1.,0.,0.));
#6104=DIRECTION('',(0.,0.,-1.));
#6105=DIRECTION('',(-1.,0.,0.));
#6106=DIRECTION('',(-1.61788834873083E-59,0.,-1.));
#6107=DIRECTION('',(-2.51815266356126E-43,-1.,0.));
#6108=DIRECTION('',(0.,-1.,0.));
#6109=DIRECTION('',(1.,0.,-1.61788834873083E-59));
#6110=DIRECTION('',(0.,1.,0.));
#6111=DIRECTION('',(1.,0.,-1.61788834873083E-59));
#6112=DIRECTION('',(-1.,0.,0.));
#6113=DIRECTION('',(0.,0.,1.));
#6114=DIRECTION('',(0.,0.,-1.));
#6115=DIRECTION('',(0.,0.,-1.));
#6116=DIRECTION('',(0.,-1.,0.));
#6117=DIRECTION('',(0.,0.,-1.));
#6118=DIRECTION('',(0.,0.,-1.));
#6119=DIRECTION('',(1.,0.,0.));
#6120=DIRECTION('',(0.,0.,-1.));
#6121=DIRECTION('',(0.,0.,-1.));
#6122=DIRECTION('',(0.,-1.,0.));
#6123=DIRECTION('',(0.,0.,-1.));
#6124=DIRECTION('',(0.186029208034521,0.982544214658073,-1.16527071443205E-13));
#6125=DIRECTION('',(-0.982544214658073,0.186029208034521,0.));
#6126=DIRECTION('',(0.,0.,-1.));
#6127=DIRECTION('',(-1.,0.,0.));
#6128=DIRECTION('',(-0.995943368906344,-0.0899822534252318,5.28149447724246E-16));
#6129=DIRECTION('',(0.0899822534252319,-0.995943368906344,0.));
#6130=DIRECTION('',(0.,0.,-1.));
#6131=DIRECTION('',(-1.,0.,0.));
#6132=DIRECTION('',(-0.995943056221923,0.0899857142180606,2.15960725045533E-16));
#6133=DIRECTION('',(-0.0899857142180606,-0.995943056221924,0.));
#6134=DIRECTION('',(0.,0.,-1.));
#6135=DIRECTION('',(-1.,0.,0.));
#6136=DIRECTION('',(0.185685953398411,-0.982609142391075,-1.41196118499009E-14));
#6137=DIRECTION('',(0.982609142391075,0.185685953398411,0.));
#6138=DIRECTION('',(1.,-3.23577669746166E-59,3.23577669746166E-59));
#6139=DIRECTION('',(-3.23577669746166E-59,-7.55445799068377E-43,1.));
#6140=DIRECTION('',(0.,-0.874713165735781,0.484640978135866));
#6141=DIRECTION('',(0.,-0.874713165735781,0.484640978135866));
#6142=DIRECTION('',(0.,-0.997872235481028,-0.0651997059509958));
#6143=DIRECTION('',(0.,-0.997872235481028,-0.0651997059509958));
#6144=DIRECTION('',(0.,-0.80421392108935,-0.594339944077538));
#6145=DIRECTION('',(0.,-0.80421392108935,-0.594339944077538));
#6146=DIRECTION('',(0.,-0.355223369055837,-0.934781449364834));
#6147=DIRECTION('',(0.,-0.355223369055837,-0.934781449364834));
#6148=DIRECTION('',(0.,0.206548092764516,-0.978436449328898));
#6149=DIRECTION('',(0.,0.206548092764516,-0.978436449328898));
#6150=DIRECTION('',(0.,0.70274199453122,-0.711444789932629));
#6151=DIRECTION('',(0.,0.70274199453122,-0.711444789932629));
#6152=DIRECTION('',(0.,0.975820278371922,-0.218574436561425));
#6153=DIRECTION('',(0.,0.975820278371922,-0.218574436561425));
#6154=DIRECTION('',(0.,0.939082518646151,0.343691756044864));
#6155=DIRECTION('',(0.,0.939082518646151,0.343691756044864));
#6156=DIRECTION('',(0.,0.604192694490232,0.796838244516811));
#6157=DIRECTION('',(0.,0.604192694490232,0.796838244516811));
#6158=DIRECTION('',(0.,0.0774759588552455,0.996994220544664));
#6159=DIRECTION('',(0.,0.0774759588552455,0.996994220544664));
#6160=DIRECTION('',(0.,-0.473838846297316,0.880611575974124));
#6161=DIRECTION('',(0.,-0.473838846297316,0.880611575974124));
#6162=DIRECTION('',(1.,0.,0.));
#6163=DIRECTION('',(0.,-0.874713165735781,0.484640978135866));
#6164=DIRECTION('',(-1.,0.,0.));
#6165=DIRECTION('',(0.,0.874713165735781,-0.484640978135866));
#6166=DIRECTION('',(-1.,0.,0.));
#6167=DIRECTION('',(0.,0.874713165735781,-0.484640978135866));
#6168=DIRECTION('',(1.,0.,0.));
#6169=DIRECTION('',(0.,-0.874713165735781,0.484640978135866));
#6170=DIRECTION('',(-1.,0.,0.));
#6171=DIRECTION('',(0.,0.874713165735781,-0.484640978135866));
#6172=DIRECTION('',(-1.,0.,0.));
#6173=DIRECTION('',(0.,0.874713165735781,-0.484640978135866));
#6174=DIRECTION('',(1.,0.,0.));
#6175=DIRECTION('',(0.,-0.874713165735781,0.484640978135866));
#6176=DIRECTION('',(-1.,0.,0.));
#6177=DIRECTION('',(0.,0.874713165735781,-0.484640978135866));
#6178=DIRECTION('',(-1.,0.,0.));
#6179=DIRECTION('',(0.,0.874713165735781,-0.484640978135866));
#6180=DIRECTION('',(1.,0.,0.));
#6181=DIRECTION('',(0.,-0.874713165735781,0.484640978135866));
#6182=DIRECTION('',(-1.,0.,0.));
#6183=DIRECTION('',(0.,0.874713165735781,-0.484640978135866));
#6184=DIRECTION('',(-1.,0.,0.));
#6185=DIRECTION('',(0.,0.874713165735781,-0.484640978135866));
#6186=DIRECTION('',(1.,0.,0.));
#6187=DIRECTION('',(0.,-0.874713165735781,0.484640978135866));
#6188=DIRECTION('',(-1.,0.,0.));
#6189=DIRECTION('',(0.,0.874713165735781,-0.484640978135866));
#6190=DIRECTION('',(-1.,0.,0.));
#6191=DIRECTION('',(0.,0.874713165735781,-0.484640978135866));
#6192=DIRECTION('',(1.,0.,0.));
#6193=DIRECTION('',(0.,-0.874713165735781,0.484640978135866));
#6194=DIRECTION('',(-1.,0.,0.));
#6195=DIRECTION('',(0.,0.874713165735781,-0.484640978135866));
#6196=DIRECTION('',(-1.,0.,0.));
#6197=DIRECTION('',(0.,0.874713165735781,-0.484640978135866));
#6198=DIRECTION('',(1.,0.,0.));
#6199=DIRECTION('',(0.,-0.874713165735781,0.484640978135866));
#6200=DIRECTION('',(-1.,0.,0.));
#6201=DIRECTION('',(0.,0.874713165735781,-0.484640978135866));
#6202=DIRECTION('',(-1.,0.,0.));
#6203=DIRECTION('',(0.,0.874713165735781,-0.484640978135866));
#6204=DIRECTION('',(1.,0.,0.));
#6205=DIRECTION('',(0.,-0.874713165735781,0.484640978135866));
#6206=DIRECTION('',(-1.,0.,0.));
#6207=DIRECTION('',(0.,0.874713165735781,-0.484640978135866));
#6208=DIRECTION('',(-1.,0.,0.));
#6209=DIRECTION('',(0.,0.874713165735781,-0.484640978135866));
#6210=DIRECTION('',(1.,0.,0.));
#6211=DIRECTION('',(0.,-0.874713165735781,0.484640978135866));
#6212=DIRECTION('',(-1.,0.,0.));
#6213=DIRECTION('',(0.,0.874713165735781,-0.484640978135866));
#6214=DIRECTION('',(-1.,0.,0.));
#6215=DIRECTION('',(0.,0.874713165735781,-0.484640978135866));
#6216=DIRECTION('',(1.,0.,0.));
#6217=DIRECTION('',(0.,-0.874713165735781,0.484640978135866));
#6218=DIRECTION('',(-1.,0.,0.));
#6219=DIRECTION('',(0.,0.874713165735781,-0.484640978135866));
#6220=DIRECTION('',(-1.,0.,0.));
#6221=DIRECTION('',(0.,0.874713165735781,-0.484640978135866));
#6222=DIRECTION('',(1.,0.,0.));
#6223=DIRECTION('',(0.,-0.874713165735781,0.484640978135866));
#6224=DIRECTION('',(-1.,0.,0.));
#6225=DIRECTION('',(0.,0.874713165735781,-0.484640978135866));
#6226=DIRECTION('',(-1.,0.,0.));
#6227=DIRECTION('',(0.,0.874713165735781,-0.484640978135866));
#6228=DIRECTION('',(-1.,0.,0.));
#6229=DIRECTION('',(0.,0.874713165735781,-0.484640978135866));
#6230=DIRECTION('',(-1.,0.,0.));
#6231=DIRECTION('',(0.,0.874713165735781,-0.484640978135866));
#6232=DIRECTION('',(1.,0.,0.));
#6233=DIRECTION('',(0.,0.874713165735781,-0.484640978135866));
#6234=DIRECTION('',(-1.,0.,0.));
#6235=DIRECTION('',(0.,0.874713165735781,-0.484640978135866));
#6236=DIRECTION('',(-1.,0.,0.));
#6237=DIRECTION('',(0.,0.874713165735781,-0.484640978135866));
#6238=DIRECTION('',(-1.,0.,0.));
#6239=DIRECTION('',(0.,0.874713165735781,-0.484640978135866));
#6240=DIRECTION('',(-1.,0.,0.));
#6241=DIRECTION('',(0.,0.874713165735781,-0.484640978135866));
#6242=DIRECTION('',(-1.,0.,0.));
#6243=DIRECTION('',(0.,0.874713165735781,-0.484640978135866));
#6244=DIRECTION('',(-1.,0.,0.));
#6245=DIRECTION('',(0.,0.874713165735781,-0.484640978135866));
#6246=DIRECTION('',(-1.,0.,0.));
#6247=DIRECTION('',(0.,0.874713165735781,-0.484640978135866));
#6248=DIRECTION('',(-1.,0.,0.));
#6249=DIRECTION('',(0.,0.874713165735781,-0.484640978135866));
#6250=DIRECTION('',(-1.,0.,0.));
#6251=DIRECTION('',(0.,0.874713165735781,-0.484640978135866));
#6252=DIRECTION('',(-1.,0.,0.));
#6253=DIRECTION('',(0.,0.874713165735781,-0.484640978135866));
#6254=DIRECTION('',(-1.,0.,0.));
#6255=DIRECTION('',(0.,0.874713165735781,-0.484640978135866));
#6256=DIRECTION('',(-1.,0.,0.));
#6257=DIRECTION('',(0.,0.874713165735781,-0.484640978135866));
#6258=DIRECTION('',(-1.,0.,0.));
#6259=DIRECTION('',(0.,0.874713165735781,-0.484640978135866));
#6260=DIRECTION('',(-1.,0.,0.));
#6261=DIRECTION('',(0.,0.874713165735781,-0.484640978135866));
#6262=DIRECTION('',(-1.,0.,0.));
#6263=DIRECTION('',(0.,0.874713165735781,-0.484640978135866));
#6264=DIRECTION('',(0.,0.,1.));
#6265=DIRECTION('',(1.,0.,0.));
#6266=DIRECTION('',(1.,0.,0.));
#6267=DIRECTION('',(0.,0.00801025365231087,0.999967917403566));
#6268=DIRECTION('',(-1.,0.,0.));
#6269=DIRECTION('',(0.,0.00801025365231087,0.999967917403566));
#6270=DIRECTION('',(-1.,0.,0.));
#6271=DIRECTION('',(0.,0.00801025365231087,0.999967917403566));
#6272=DIRECTION('',(-1.,0.,0.));
#6273=DIRECTION('',(0.,0.00801025365231087,0.999967917403566));
#6274=DIRECTION('',(1.,0.,0.));
#6275=DIRECTION('',(0.,-0.00801025365231087,-0.999967917403566));
#6276=DIRECTION('',(-1.,0.,0.));
#6277=DIRECTION('',(0.,0.00801025365231087,0.999967917403566));
#6278=DIRECTION('',(-1.,0.,0.));
#6279=DIRECTION('',(0.,0.00801025365231087,0.999967917403566));
#6280=DIRECTION('',(-1.,0.,0.));
#6281=DIRECTION('',(0.,0.00801025365231087,0.999967917403566));
#6282=DIRECTION('',(-1.,0.,0.));
#6283=DIRECTION('',(0.,0.00801025365231087,0.999967917403566));
#6284=DIRECTION('',(0.,-0.999967917403566,0.00801025365231087));
#6285=DIRECTION('',(0.,-0.999967917403566,0.00801025365231087));
#6286=DIRECTION('',(-1.,0.,0.));
#6287=DIRECTION('',(0.,0.00801025365231087,0.999967917403566));
#6288=DIRECTION('',(0.,-0.999967917403566,0.00801025365231087));
#6289=DIRECTION('',(0.,-0.999967917403566,0.00801025365231087));
#6290=DIRECTION('',(0.,0.00801025365231087,0.999967917403566));
#6291=DIRECTION('',(1.,0.,0.));
#6292=DIRECTION('',(0.,0.00801025365231087,0.999967917403566));
#6293=DIRECTION('',(0.,0.920784500695309,-0.390071664286565));
#6294=DIRECTION('',(0.,-0.390071664286565,-0.920784500695309));
#6295=DIRECTION('',(0.,0.00801025365231087,0.999967917403566));
#6296=DIRECTION('',(0.,0.926915283418874,0.37527064548737));
#6297=DIRECTION('',(0.,0.37527064548737,-0.926915283418874));
#6298=DIRECTION('',(0.,0.00801025365231087,0.999967917403566));
#6299=DIRECTION('',(0.,0.920784500695309,-0.390071664286565));
#6300=DIRECTION('',(0.,-0.390071664286565,-0.920784500695309));
#6301=DIRECTION('',(0.,0.712748200041626,0.701419990688476));
#6302=DIRECTION('',(0.,-0.701419990688476,0.712748200041626));
#6303=DIRECTION('',(0.,0.00801025365231087,0.999967917403566));
#6304=DIRECTION('',(1.,0.,0.));
#6305=DIRECTION('',(0.,0.00801025365231087,0.999967917403566));
#6306=DIRECTION('',(0.,0.926915283418874,0.37527064548737));
#6307=DIRECTION('',(0.,0.37527064548737,-0.926915283418874));
#6308=DIRECTION('',(0.,0.00801025365231087,0.999967917403566));
#6309=DIRECTION('',(0.,0.920784500695309,-0.390071664286565));
#6310=DIRECTION('',(0.,-0.390071664286565,-0.920784500695309));
#6311=DIRECTION('',(0.,0.00801025365231087,0.999967917403566));
#6312=DIRECTION('',(0.,0.926915283418874,0.37527064548737));
#6313=DIRECTION('',(0.,0.37527064548737,-0.926915283418874));
#6314=DIRECTION('',(0.,0.701419990688474,-0.712748200041628));
#6315=DIRECTION('',(0.,0.712748200041628,0.701419990688474));
#6316=DIRECTION('',(-1.,0.,0.));
#6317=DIRECTION('',(0.,-0.00801025365231087,-0.999967917403566));
#6318=DIRECTION('',(1.,0.,0.));
#6319=DIRECTION('',(0.,-0.00801025365231087,-0.999967917403566));
#6320=DIRECTION('',(1.,0.,0.));
#6321=DIRECTION('',(0.,-0.00801025365231087,-0.999967917403566));
#6322=DIRECTION('',(-1.,0.,0.));
#6323=DIRECTION('',(0.,0.00801025365231087,0.999967917403566));
#6324=DIRECTION('',(1.,0.,0.));
#6325=DIRECTION('',(0.,-0.00801025365231087,-0.999967917403566));
#6326=DIRECTION('',(-1.,0.,0.));
#6327=DIRECTION('',(0.,0.00801025365231087,0.999967917403566));
#6328=DIRECTION('',(1.,0.,0.));
#6329=DIRECTION('',(0.,-0.00801025365231087,-0.999967917403566));
#6330=DIRECTION('',(-1.,0.,0.));
#6331=DIRECTION('',(0.,0.00801025365231087,0.999967917403566));
#6332=DIRECTION('',(1.,0.,0.));
#6333=DIRECTION('',(0.,-0.00801025365231087,-0.999967917403566));
#6334=DIRECTION('',(0.,0.493046875548153,-0.870002746267047));
#6335=DIRECTION('',(1.,0.,0.));
#6336=DIRECTION('',(0.,-0.00801025365231087,-0.999967917403566));
#6337=DIRECTION('',(0.,-0.493046875548153,0.870002746267047));
#6338=DIRECTION('',(1.,0.,0.));
#6339=DIRECTION('',(0.,-0.00801025365231087,-0.999967917403566));
#6340=DIRECTION('',(1.,0.,0.));
#6341=DIRECTION('',(0.,-0.00801025365231087,-0.999967917403566));
#6342=DIRECTION('',(0.,-0.506921041855441,-0.861992492614753));
#6343=DIRECTION('',(0.,0.506921041855441,0.861992492614753));
#6344=DIRECTION('',(1.,0.,0.));
#6345=DIRECTION('',(0.,-0.00801025365231087,-0.999967917403566));
#6346=DIRECTION('',(1.,0.,0.));
#6347=DIRECTION('',(0.,-0.00801025365231087,-0.999967917403566));
#6348=DIRECTION('',(0.,0.999967917403566,-0.00801025365231107));
#6349=DIRECTION('',(0.,-0.999967917403566,0.00801025365231068));
#6350=DIRECTION('',(-1.,0.,0.));
#6351=DIRECTION('',(0.,0.00801025365231087,0.999967917403566));
#6352=DIRECTION('',(1.,0.,0.));
#6353=DIRECTION('',(0.,-0.00801025365231087,-0.999967917403566));
#6354=DIRECTION('',(1.,0.,0.));
#6355=DIRECTION('',(0.,-0.00801025365231087,-0.999967917403566));
#6356=DIRECTION('',(-1.,0.,0.));
#6357=DIRECTION('',(0.,0.00801025365231087,0.999967917403566));
#6358=DIRECTION('',(1.,0.,0.));
#6359=DIRECTION('',(0.,-0.00801025365231087,-0.999967917403566));
#6360=DIRECTION('',(1.,0.,0.));
#6361=DIRECTION('',(1.,0.,0.));
#6362=DIRECTION('',(0.,-0.00801025365231087,-0.999967917403566));
#6363=DIRECTION('',(1.,0.,0.));
#6364=DIRECTION('',(1.,0.,0.));
#6365=DIRECTION('',(1.,0.,0.));
#6366=DIRECTION('',(0.,-0.00801025365231087,-0.999967917403566));
#6367=DIRECTION('',(1.,0.,0.));
#6368=DIRECTION('',(1.,0.,0.));
#6369=DIRECTION('',(1.,0.,0.));
#6370=DIRECTION('',(0.,-0.00801025365231087,-0.999967917403566));
#6371=DIRECTION('',(1.,0.,0.));
#6372=DIRECTION('',(1.,0.,0.));
#6373=DIRECTION('',(0.,-0.00801025365231087,-0.999967917403566));
#6374=DIRECTION('',(1.,0.,0.));
#6375=DIRECTION('',(0.,-0.00801025365231087,-0.999967917403566));
#6376=DIRECTION('',(1.,0.,0.));
#6377=DIRECTION('',(0.,-0.00801025365231087,-0.999967917403566));
#6378=DIRECTION('',(1.,0.,0.));
#6379=DIRECTION('',(1.,0.,0.));
#6380=DIRECTION('',(0.,-0.00801025365231087,-0.999967917403566));
#6381=DIRECTION('',(1.,0.,0.));
#6382=DIRECTION('',(0.,0.870002746267047,0.493046875548153));
#6383=DIRECTION('',(0.,-0.493046875548153,0.870002746267047));
#6384=DIRECTION('',(0.,-0.493046875548153,0.870002746267047));
#6385=DIRECTION('',(0.,0.00801025365231068,0.999967917403566));
#6386=DIRECTION('',(0.,-0.999967917403566,0.00801025365231068));
#6387=DIRECTION('',(0.,-0.999967917403566,0.00801025365231068));
#6388=DIRECTION('',(1.,0.,0.));
#6389=DIRECTION('',(0.,-0.00801025365231087,-0.999967917403566));
#6390=DIRECTION('',(1.,0.,0.));
#6391=DIRECTION('',(0.,-0.00801025365231087,-0.999967917403566));
#6392=DIRECTION('',(1.,0.,0.));
#6393=DIRECTION('',(1.,0.,0.));
#6394=DIRECTION('',(0.,-0.00801025365231087,-0.999967917403566));
#6395=DIRECTION('',(1.,0.,0.));
#6396=DIRECTION('',(0.,0.861992492614753,-0.506921041855441));
#6397=DIRECTION('',(0.,0.506921041855441,0.861992492614753));
#6398=DIRECTION('',(0.,0.506921041855441,0.861992492614753));
#6399=DIRECTION('',(0.,-0.00801025365231107,-0.999967917403566));
#6400=DIRECTION('',(0.,0.999967917403566,-0.00801025365231107));
#6401=DIRECTION('',(0.,0.999967917403566,-0.00801025365231107));
#6402=DIRECTION('',(1.,0.,0.));
#6403=DIRECTION('',(0.,-0.00801025365231087,-0.999967917403566));
#6404=DIRECTION('',(1.,0.,0.));
#6405=DIRECTION('',(0.,-0.00801025365231087,-0.999967917403566));
#6406=DIRECTION('',(1.,0.,0.));
#6407=DIRECTION('',(1.,0.,0.));
#6408=DIRECTION('',(0.,-0.00801025365231087,-0.999967917403566));
#6409=DIRECTION('',(1.,0.,0.));
#6410=DIRECTION('',(0.,-0.870002746267047,-0.493046875548153));
#6411=DIRECTION('',(0.,0.493046875548153,-0.870002746267047));
#6412=DIRECTION('',(0.,0.493046875548153,-0.870002746267047));
#6413=DIRECTION('',(0.,-0.861992492614753,0.506921041855441));
#6414=DIRECTION('',(0.,-0.506921041855441,-0.861992492614753));
#6415=DIRECTION('',(0.,-0.506921041855441,-0.861992492614753));
#6416=DIRECTION('',(1.,0.,0.));
#6417=DIRECTION('',(0.,-0.00801025365231087,-0.999967917403566));
#6418=DIRECTION('',(1.,0.,0.));
#6419=DIRECTION('',(0.,-0.00801025365231087,-0.999967917403566));
#6420=DIRECTION('',(-1.,0.,0.));
#6421=DIRECTION('',(0.,0.00801025365231087,0.999967917403566));
#6422=DIRECTION('',(1.,0.,0.));
#6423=DIRECTION('',(0.,-0.00801025365231087,-0.999967917403566));
#6424=DIRECTION('',(-1.,0.,0.));
#6425=DIRECTION('',(0.,0.00801025365231087,0.999967917403566));
#6426=DIRECTION('',(-1.,0.,0.));
#6427=DIRECTION('',(0.,0.00801025365231087,0.999967917403566));
#6428=DIRECTION('',(0.,0.701419990688474,-0.712748200041628));
#6429=DIRECTION('',(0.,0.712748200041628,0.701419990688474));
#6430=DIRECTION('',(0.,0.390071664286565,0.920784500695309));
#6431=DIRECTION('',(0.,0.920784500695309,-0.390071664286565));
#6432=DIRECTION('',(0.,0.712748200041626,0.701419990688476));
#6433=DIRECTION('',(0.,-0.701419990688476,0.712748200041626));
#6434=DIRECTION('',(0.,0.375270645487367,-0.926915283418875));
#6435=DIRECTION('',(0.,0.926915283418875,0.375270645487367));
#6436=DIRECTION('',(0.,0.999967917403566,-0.00801025365231436));
#6437=DIRECTION('',(0.,0.00801025365231436,0.999967917403566));
#6438=DIRECTION('',(-1.,0.,0.));
#6439=DIRECTION('',(0.,0.00801025365231087,0.999967917403566));
#6440=DIRECTION('',(0.,-0.999967917403566,0.00801025365231087));
#6441=DIRECTION('',(0.,-0.00801025365231087,-0.999967917403566));
#6442=DIRECTION('',(0.,0.999967917403566,-0.00801025365231087));
#6443=DIRECTION('',(0.,0.00801025365231087,0.999967917403566));
#6444=DIRECTION('',(0.,-0.999967917403566,0.00801025365231087));
#6445=DIRECTION('',(0.,-0.00801025365231087,-0.999967917403566));
#6446=DIRECTION('',(0.,0.999967917403566,-0.00801025365231087));
#6447=DIRECTION('',(0.,0.00801025365231087,0.999967917403566));
#6448=DIRECTION('',(0.,0.999967917403566,-0.00801025365231087));
#6449=DIRECTION('',(0.,0.00801025365231087,0.999967917403566));
#6450=DIRECTION('',(0.,-0.999967917403566,0.00801025365231087));
#6451=DIRECTION('',(0.,-0.00801025365231087,-0.999967917403566));
#6452=DIRECTION('',(0.,0.999967917403566,-0.00801025365231087));
#6453=DIRECTION('',(0.,0.00801025365231087,0.999967917403566));
#6454=DIRECTION('',(0.,0.999967917403566,-0.00801025365231087));
#6455=DIRECTION('',(0.,0.00801025365231087,0.999967917403566));
#6456=DIRECTION('',(0.,0.999967917403566,-0.00801025365231087));
#6457=DIRECTION('',(0.,0.00801025365231087,0.999967917403566));
#6458=DIRECTION('',(0.,0.999967917403566,-0.00801025365231087));
#6459=DIRECTION('',(0.,0.00801025365231087,0.999967917403566));
#6460=DIRECTION('',(0.,-0.999967917403566,0.00801025365231087));
#6461=DIRECTION('',(0.,-0.00801025365231087,-0.999967917403566));
#6462=DIRECTION('',(0.,0.999967917403566,-0.00801025365231087));
#6463=DIRECTION('',(0.,0.00801025365231087,0.999967917403566));
#6464=DIRECTION('',(0.,0.999967917403566,-0.00801025365231087));
#6465=DIRECTION('',(0.,0.00801025365231087,0.999967917403566));
#6466=DIRECTION('',(0.,-0.999967917403566,0.00801025365231087));
#6467=DIRECTION('',(0.,-0.00801025365231087,-0.999967917403566));
#6468=DIRECTION('',(0.,-0.999967917403566,0.00801025365231087));
#6469=DIRECTION('',(0.,-0.00801025365231087,-0.999967917403566));
#6470=DIRECTION('',(0.,0.999967917403566,-0.00801025365231087));
#6471=DIRECTION('',(0.,0.00801025365231087,0.999967917403566));
#6472=DIRECTION('',(0.,0.999967917403566,-0.00801025365231087));
#6473=DIRECTION('',(0.,0.00801025365231087,0.999967917403566));
#6474=DIRECTION('',(0.,-0.999967917403566,0.00801025365231087));
#6475=DIRECTION('',(0.,-0.00801025365231087,-0.999967917403566));
#6476=DIRECTION('',(0.,0.999967917403566,-0.00801025365231087));
#6477=DIRECTION('',(0.,0.00801025365231087,0.999967917403566));
#6478=DIRECTION('',(0.,0.999967917403566,-0.00801025365231087));
#6479=DIRECTION('',(0.,0.00801025365231087,0.999967917403566));
#6480=DIRECTION('',(0.,0.,1.));
#6481=DIRECTION('',(1.,0.,0.));
#6482=DIRECTION('',(-1.,0.,0.));
#6483=DIRECTION('',(0.,0.,1.));
#6484=DIRECTION('',(1.,0.,0.));
#6485=DIRECTION('',(0.,0.,-1.));
#6486=DIRECTION('',(0.,-0.707106781186539,-0.707106781186556));
#6487=DIRECTION('',(-1.,0.,0.));
#6488=DIRECTION('',(0.,0.,1.));
#6489=DIRECTION('',(0.,-1.,-1.04744440165294E-14));
#6490=DIRECTION('',(-1.,0.,0.));
#6491=DIRECTION('',(0.,0.,1.));
#6492=DIRECTION('',(0.,-0.707106781186554,0.707106781186541));
#6493=DIRECTION('',(-1.,0.,0.));
#6494=DIRECTION('',(0.,0.,1.));
#6495=DIRECTION('',(0.,0.,1.));
#6496=DIRECTION('',(-1.,0.,0.));
#6497=DIRECTION('',(0.,0.,1.));
#6498=DIRECTION('',(0.,0.707106781186544,0.707106781186551));
#6499=DIRECTION('',(-1.,0.,0.));
#6500=DIRECTION('',(0.,0.,1.));
#6501=DIRECTION('',(0.,1.,3.49148133884313E-15));
#6502=DIRECTION('',(-1.,0.,0.));
#6503=DIRECTION('',(0.,0.,1.));
#6504=DIRECTION('',(0.,0.707106781186549,-0.707106781186546));
#6505=DIRECTION('',(-1.,0.,0.));
#6506=DIRECTION('',(0.,0.,1.));
#6507=DIRECTION('',(0.,0.,-1.));
#6508=DIRECTION('',(-1.,0.,0.));
#6509=DIRECTION('',(0.,0.,1.));
#6510=DIRECTION('',(1.,0.,0.));
#6511=DIRECTION('',(0.,0.,-1.));
#6512=DIRECTION('',(1.,0.,0.));
#6513=DIRECTION('',(0.,0.,-1.));
#6514=DIRECTION('',(1.,0.,0.));
#6515=DIRECTION('',(1.,0.,0.));
#6516=DIRECTION('',(0.,0.,-1.));
#6517=DIRECTION('',(1.,0.,0.));
#6518=DIRECTION('',(1.,0.,0.));
#6519=DIRECTION('',(0.,0.,-1.));
#6520=DIRECTION('',(1.,0.,0.));
#6521=DIRECTION('',(0.,0.,-1.));
#6522=DIRECTION('',(1.,0.,0.));
#6523=DIRECTION('',(1.,0.,0.));
#6524=DIRECTION('',(0.,0.,-1.));
#6525=DIRECTION('',(1.,0.,0.));
#6526=DIRECTION('',(1.,0.,0.));
#6527=DIRECTION('',(0.,0.,-1.));
#6528=DIRECTION('',(1.,0.,0.));
#6529=DIRECTION('',(0.,0.,-1.));
#6530=DIRECTION('',(1.,0.,0.));
#6531=DIRECTION('',(1.,0.,0.));
#6532=DIRECTION('',(0.,0.,-1.));
#6533=DIRECTION('',(1.,0.,0.));
#6534=DIRECTION('',(1.,0.,0.));
#6535=DIRECTION('',(0.,0.,-1.));
#6536=DIRECTION('',(1.,0.,0.));
#6537=DIRECTION('',(0.,0.,-1.));
#6538=DIRECTION('',(1.,0.,0.));
#6539=DIRECTION('',(1.,0.,0.));
#6540=DIRECTION('',(0.,0.,-1.));
#6541=DIRECTION('',(1.,0.,0.));
#6542=DIRECTION('',(1.,0.,0.));
#6543=DIRECTION('',(0.,0.,-1.));
#6544=DIRECTION('',(1.,0.,0.));
#6545=DIRECTION('',(0.,0.,-1.));
#6546=DIRECTION('',(1.,0.,0.));
#6547=DIRECTION('',(1.,0.,0.));
#6548=DIRECTION('',(0.,0.,-1.));
#6549=DIRECTION('',(1.,0.,0.));
#6550=DIRECTION('',(1.,0.,0.));
#6551=DIRECTION('',(0.,0.,-1.));
#6552=DIRECTION('',(1.,0.,0.));
#6553=DIRECTION('',(0.,0.,-1.));
#6554=DIRECTION('',(1.,0.,0.));
#6555=DIRECTION('',(1.,0.,0.));
#6556=DIRECTION('',(0.,0.,-1.));
#6557=DIRECTION('',(1.,0.,0.));
#6558=DIRECTION('',(1.,0.,0.));
#6559=DIRECTION('',(0.,0.,-1.));
#6560=DIRECTION('',(1.,0.,0.));
#6561=DIRECTION('',(0.,0.,-1.));
#6562=DIRECTION('',(1.,0.,0.));
#6563=DIRECTION('',(1.,0.,0.));
#6564=DIRECTION('',(0.,0.,-1.));
#6565=DIRECTION('',(1.,0.,0.));
#6566=DIRECTION('',(-1.,0.,0.));
#6567=DIRECTION('',(0.,0.,1.));
#6568=DIRECTION('',(-1.,0.,0.));
#6569=DIRECTION('',(0.,0.,1.));
#6570=DIRECTION('',(1.,0.,0.));
#6571=DIRECTION('',(0.,0.,-1.));
#6572=DIRECTION('',(-1.,0.,0.));
#6573=DIRECTION('',(0.,0.,1.));
#6574=DIRECTION('',(-1.,0.,0.));
#6575=DIRECTION('',(-1.,0.,0.));
#6576=DIRECTION('',(-1.,0.,0.));
#6577=DIRECTION('',(-1.,0.,0.));
#6578=DIRECTION('',(-1.,0.,0.));
#6579=DIRECTION('',(-1.,0.,0.));
#6580=DIRECTION('',(-1.,0.,0.));
#6581=DIRECTION('',(-1.,0.,0.));
#6582=DIRECTION('',(-1.,0.,0.));
#6583=DIRECTION('',(0.,0.,1.));
#6584=DIRECTION('',(-1.,0.,0.));
#6585=DIRECTION('',(0.,0.,1.));
#6586=DIRECTION('',(-1.,0.,0.));
#6587=DIRECTION('',(0.,0.,1.));
#6588=DIRECTION('',(-1.,0.,0.));
#6589=DIRECTION('',(0.,0.,1.));
#6590=DIRECTION('',(-1.,0.,0.));
#6591=DIRECTION('',(0.,0.,1.));
#6592=DIRECTION('',(1.,0.,0.));
#6593=DIRECTION('',(0.,0.,-1.));
#6594=DIRECTION('',(-1.,0.,0.));
#6595=DIRECTION('',(0.,0.,1.));
#6596=DIRECTION('',(-1.,0.,0.));
#6597=DIRECTION('',(0.,0.,1.));
#6598=DIRECTION('',(-1.,0.,0.));
#6599=DIRECTION('',(0.,0.,1.));
#6600=DIRECTION('',(-1.,0.,0.));
#6601=DIRECTION('',(0.,0.,1.));
#6602=DIRECTION('',(1.,0.,0.));
#6603=DIRECTION('',(0.,0.,-1.));
#6604=DIRECTION('',(1.,0.,0.));
#6605=DIRECTION('',(0.,0.,-1.));
#6606=DIRECTION('',(1.,0.,0.));
#6607=DIRECTION('',(0.,0.,-1.));
#6608=DIRECTION('',(1.,0.,0.));
#6609=DIRECTION('',(0.,0.,-1.));
#6610=DIRECTION('',(1.,0.,0.));
#6611=DIRECTION('',(0.,0.,-1.));
#6612=DIRECTION('',(1.,0.,0.));
#6613=DIRECTION('',(0.,0.,-1.));
#6614=DIRECTION('',(0.,0.,1.));
#6615=DIRECTION('',(1.,0.,0.));
#6616=DIRECTION('',(-0.501850621857101,0.86495430708312,0.));
#6617=DIRECTION('',(0.,1.,0.));
#6618=DIRECTION('',(-1.,0.,0.));
#6619=DIRECTION('',(0.,0.,1.));
#6620=DIRECTION('',(0.,0.707106781186556,-0.707106781186539));
#6621=DIRECTION('',(1.,0.,0.));
#6622=DIRECTION('',(0.,0.,-1.));
#6623=DIRECTION('',(0.,0.,-1.));
#6624=DIRECTION('',(0.,0.707106781186549,-0.707106781186546));
#6625=DIRECTION('',(0.,0.707106781186546,0.707106781186549));
#6626=DIRECTION('',(0.,1.,3.49148133884313E-15));
#6627=DIRECTION('',(0.,-3.49148133884313E-15,1.));
#6628=DIRECTION('',(0.,0.707106781186544,0.707106781186551));
#6629=DIRECTION('',(0.,-0.707106781186551,0.707106781186544));
#6630=DIRECTION('',(0.,0.,1.));
#6631=DIRECTION('',(0.,-1.,0.));
#6632=DIRECTION('',(0.,-0.707106781186554,0.707106781186541));
#6633=DIRECTION('',(0.,-0.707106781186541,-0.707106781186554));
#6634=DIRECTION('',(0.,-1.,-1.04744440165294E-14));
#6635=DIRECTION('',(0.,1.04744440165294E-14,-1.));
#6636=DIRECTION('',(0.,-0.707106781186539,-0.707106781186556));
#6637=DIRECTION('',(1.,0.,0.));
#6638=DIRECTION('',(0.,0.,-1.));
#6639=DIRECTION('',(-0.86495430708312,-0.501850621857101,0.));
#6640=DIRECTION('',(0.501850621857101,-0.86495430708312,0.));
#6641=DIRECTION('',(-0.501850621857101,0.86495430708312,0.));
#6642=DIRECTION('',(0.,0.,1.));
#6643=DIRECTION('',(1.,0.,0.));
#6644=DIRECTION('',(1.,0.,0.));
#6645=DIRECTION('',(1.,0.,0.));
#6646=DIRECTION('',(0.,0.,-1.));
#6647=DIRECTION('',(1.,0.,0.));
#6648=DIRECTION('',(1.,0.,0.));
#6649=DIRECTION('',(0.,0.,-1.));
#6650=DIRECTION('',(0.,-0.707106781186549,0.707106781186546));
#6651=DIRECTION('',(1.,0.,0.));
#6652=DIRECTION('',(-0.501850621857101,0.611615055954985,0.611615055954987));
#6653=DIRECTION('',(-0.864954307083121,-0.354861977857841,-0.354861977857843));
#6654=DIRECTION('',(-0.379564530736673,0.,0.925165264699583));
#6655=DIRECTION('',(-0.501850621857101,0.611615055954985,0.611615055954987));
#6656=DIRECTION('',(0.,-0.707106781186549,0.707106781186546));
#6657=DIRECTION('',(1.,0.,0.));
#6658=DIRECTION('',(0.,-1.,-3.49148133884313E-15));
#6659=DIRECTION('',(1.,0.,0.));
#6660=DIRECTION('',(-0.501850621857101,-3.01997182213271E-15,0.86495430708312));
#6661=DIRECTION('',(-0.86495430708312,1.75220208110089E-15,-0.501850621857101));
#6662=DIRECTION('',(-0.501850621857101,0.,0.86495430708312));
#6663=DIRECTION('',(-0.501850621857101,-3.01997182213271E-15,0.86495430708312));
#6664=DIRECTION('',(0.,-1.,-3.49148133884313E-15));
#6665=DIRECTION('',(1.,0.,0.));
#6666=DIRECTION('',(0.,-0.707106781186544,-0.707106781186551));
#6667=DIRECTION('',(1.,0.,0.));
#6668=DIRECTION('',(-0.501850621857101,-0.611615055954989,0.611615055954983));
#6669=DIRECTION('',(-0.86495430708312,0.354861977857844,-0.35486197785784));
#6670=DIRECTION('',(-0.379564530736674,-0.925165264699582,0.));
#6671=DIRECTION('',(-0.501850621857101,-0.611615055954989,0.611615055954983));
#6672=DIRECTION('',(0.,-0.707106781186544,-0.707106781186551));
#6673=DIRECTION('',(1.,0.,0.));
#6674=DIRECTION('',(0.,0.,-1.));
#6675=DIRECTION('',(1.,0.,0.));
#6676=DIRECTION('',(-0.501850621857101,-0.86495430708312,0.));
#6677=DIRECTION('',(-0.86495430708312,0.501850621857101,0.));
#6678=DIRECTION('',(-0.501850621857101,-0.86495430708312,0.));
#6679=DIRECTION('',(-0.501850621857101,-0.86495430708312,0.));
#6680=DIRECTION('',(0.,0.,-1.));
#6681=DIRECTION('',(1.,0.,0.));
#6682=DIRECTION('',(0.,0.707106781186554,-0.707106781186541));
#6683=DIRECTION('',(1.,0.,0.));
#6684=DIRECTION('',(-0.501850621857101,-0.611615055954981,-0.611615055954991));
#6685=DIRECTION('',(-0.86495430708312,0.354861977857839,0.354861977857845));
#6686=DIRECTION('',(0.379564530736675,0.,0.925165264699582));
#6687=DIRECTION('',(-0.501850621857101,-0.611615055954981,-0.611615055954991));
#6688=DIRECTION('',(0.,0.707106781186554,-0.707106781186541));
#6689=DIRECTION('',(1.,0.,0.));
#6690=DIRECTION('',(0.,1.,1.04744440165294E-14));
#6691=DIRECTION('',(1.,0.,0.));
#6692=DIRECTION('',(-0.501850621857101,9.05991546639812E-15,-0.86495430708312));
#6693=DIRECTION('',(-0.86495430708312,-5.25660624330267E-15,0.501850621857101));
#6694=DIRECTION('',(0.501850621857101,0.,0.86495430708312));
#6695=DIRECTION('',(-0.501850621857101,9.05991546639812E-15,-0.86495430708312));
#6696=DIRECTION('',(0.,1.,1.04744440165294E-14));
#6697=DIRECTION('',(1.,0.,0.));
#6698=DIRECTION('',(0.,0.707106781186539,0.707106781186556));
#6699=DIRECTION('',(1.,0.,0.));
#6700=DIRECTION('',(-0.501850621857101,0.611615055954993,-0.611615055954978));
#6701=DIRECTION('',(-0.86495430708312,-0.354861977857846,0.354861977857838));
#6702=DIRECTION('',(0.379564530736676,-0.925165264699581,0.));
#6703=DIRECTION('',(-0.501850621857101,0.611615055954993,-0.611615055954978));
#6704=DIRECTION('',(0.,0.707106781186539,0.707106781186556));
#6705=DIRECTION('',(1.,0.,0.));
#6706=DIRECTION('',(0.,0.,1.));
#6707=DIRECTION('',(1.,0.,0.));
#6708=DIRECTION('',(1.28498035257541E-16,-1.,0.));
#6709=DIRECTION('',(1.,1.28498035257541E-16,0.));
#6710=DIRECTION('',(0.,0.,1.));
#6711=DIRECTION('',(-1.,-1.28498035257541E-16,0.));
#6712=DIRECTION('',(0.,0.,-1.));
#6713=DIRECTION('',(-1.,-1.28498035257541E-16,0.));
#6714=DIRECTION('',(-1.,-1.28498035257541E-16,-1.23908819712629E-16));
#6715=DIRECTION('',(-1.23908819712629E-16,-1.59220398841537E-32,1.));
#6716=DIRECTION('',(-1.,-1.28498035257541E-16,0.));
#6717=DIRECTION('',(0.,0.,1.));
#6718=DIRECTION('',(0.,0.,1.));
#6719=DIRECTION('',(1.,0.,0.));
#6720=DIRECTION('',(1.,0.,0.));
#6721=DIRECTION('',(0.,1.,0.));
#6722=DIRECTION('',(6.67201336914157E-17,1.,0.));
#6723=DIRECTION('',(-1.,-1.28498035257541E-16,0.));
#6724=DIRECTION('',(6.67201336914157E-17,1.,0.));
#6725=DIRECTION('',(1.28498035257541E-16,-1.,0.));
#6726=DIRECTION('',(1.,1.28498035257541E-16,0.));
#6727=DIRECTION('',(-1.,-1.28498035257541E-16,0.));
#6728=DIRECTION('',(0.,0.,-1.));
#6729=DIRECTION('',(0.,0.,-1.));
#6730=DIRECTION('',(-1.,6.67201336914157E-17,0.));
#6731=DIRECTION('',(-6.67201336914157E-17,-1.,0.));
#6732=DIRECTION('',(6.67201336914157E-17,1.,0.));
#6733=DIRECTION('',(0.,0.,1.));
#6734=DIRECTION('',(-1.,6.67201336914157E-17,0.));
#6735=DIRECTION('',(-6.67201336914157E-17,-1.,0.));
#6736=DIRECTION('',(6.67201336914157E-17,1.,0.));
#6737=DIRECTION('',(0.,0.,1.));
#6738=DIRECTION('',(1.,0.,0.));
#6739=DIRECTION('',(0.,-1.,0.));
#6740=DIRECTION('',(-1.,0.,0.));
#6741=DIRECTION('',(1.,0.,0.));
#6742=DIRECTION('',(0.,0.,-1.));
#6743=DIRECTION('',(0.,0.,1.));
#6744=DIRECTION('',(0.,-1.,0.));
#6745=DIRECTION('',(0.,0.,-1.));
#6746=DIRECTION('',(0.,0.,-1.));
#6747=DIRECTION('',(-1.,0.,0.));
#6748=DIRECTION('',(0.,1.,0.));
#6749=DIRECTION('',(1.,0.,0.));
#6750=DIRECTION('',(-1.23908819712629E-16,1.,0.));
#6751=DIRECTION('',(-1.,0.,0.));
#6752=DIRECTION('',(-1.,0.,0.));
#6753=DIRECTION('',(0.,1.,0.));
#6754=DIRECTION('',(1.,0.,0.));
#6755=DIRECTION('',(0.,1.,0.));
#6756=DIRECTION('',(-1.,0.,-1.23908819712629E-16));
#6757=DIRECTION('',(-1.23908819712629E-16,0.,1.));
#6758=DIRECTION('',(0.,1.,0.));
#6759=DIRECTION('',(-1.23908819712629E-16,0.,1.));
#6760=DIRECTION('',(-1.,0.,0.));
#6761=DIRECTION('',(0.,0.,1.));
#6762=DIRECTION('',(0.,1.,0.));
#6763=DIRECTION('',(0.,0.,1.));
#6764=DIRECTION('',(1.23908819712629E-16,0.,-1.));
#6765=DIRECTION('',(-1.,0.,-1.23908819712629E-16));
#6766=DIRECTION('',(-1.,0.,-1.23908819712629E-16));
#6767=DIRECTION('',(0.,1.,0.));
#6768=DIRECTION('',(0.,0.,1.));
#6769=DIRECTION('',(0.,0.,-1.));
#6770=DIRECTION('',(1.,0.,0.));
#6771=DIRECTION('',(0.,0.,-1.));
#6772=DIRECTION('',(-1.,0.,0.));
#6773=DIRECTION('',(0.,0.,1.));
#6774=DIRECTION('',(0.,0.,-1.));
#6775=DIRECTION('',(-1.,0.,0.));
#6776=DIRECTION('',(0.,0.,1.));
#6777=DIRECTION('',(0.,1.,0.));
#6778=DIRECTION('',(-1.,0.,0.));
#6779=DIRECTION('',(0.,0.,1.));
#6780=DIRECTION('',(-1.,-1.23908819712629E-16,0.));
#6781=DIRECTION('',(1.23908819712629E-16,-1.,0.));
#6782=DIRECTION('',(-1.23908819712629E-16,1.,0.));
#6783=DIRECTION('',(-1.,-1.23908819712629E-16,0.));
#6784=DIRECTION('',(1.23908819712629E-16,-1.,0.));
#6785=DIRECTION('',(-1.,0.,0.));
#6786=DIRECTION('',(0.,0.,1.));
#6787=DIRECTION('',(-1.,0.,0.));
#6788=DIRECTION('',(0.,0.,1.));
#6789=DIRECTION('',(-1.,0.,0.));
#6790=DIRECTION('',(0.,0.,1.));
#6791=DIRECTION('',(0.,0.,-1.));
#6792=DIRECTION('',(-1.,0.,0.));
#6793=DIRECTION('',(0.,0.,1.));
#6794=DIRECTION('',(0.,-1.,0.));
#6795=DIRECTION('',(0.,0.,-1.));
#6796=DIRECTION('',(-1.,0.,0.));
#6797=DIRECTION('',(-1.,0.,0.));
#6798=DIRECTION('',(0.,0.,1.));
#6799=DIRECTION('',(1.,0.,0.));
#6800=DIRECTION('',(-1.,0.,0.));
#6801=DIRECTION('',(-1.,0.,0.));
#6802=DIRECTION('',(1.,0.,0.));
#6803=DIRECTION('',(0.,0.,-1.));
#6804=DIRECTION('',(-1.,0.,0.));
#6805=DIRECTION('',(0.,0.,1.));
#6806=DIRECTION('',(-1.,0.,0.));
#6807=DIRECTION('',(0.,0.,1.));
#6808=DIRECTION('',(-1.,0.,0.));
#6809=DIRECTION('',(0.,0.,1.));
#6810=DIRECTION('',(1.,0.,0.));
#6811=DIRECTION('',(0.,0.,-1.));
#6812=DIRECTION('',(1.61788834873082E-59,-2.51815266356126E-43,-1.));
#6813=DIRECTION('',(-1.28498035257541E-16,1.,-2.51815266356126E-43));
#6814=DIRECTION('',(1.08420217248551E-16,1.,0.));
#6815=DIRECTION('',(-1.,1.08420217248551E-16,0.));
#6816=DIRECTION('',(0.,0.,1.));
#6817=DIRECTION('',(1.,-1.08420217248551E-16,0.));
#6818=DIRECTION('',(0.,0.,1.));
#6819=DIRECTION('',(1.,-1.08420217248551E-16,0.));
#6820=DIRECTION('',(1.,-1.08420217248551E-16,0.));
#6821=DIRECTION('',(0.,0.,1.));
#6822=DIRECTION('',(1.,-1.08420217248551E-16,-1.8820210584701E-17));
#6823=DIRECTION('',(0.,0.,1.));
#6824=DIRECTION('',(0.,0.,-1.));
#6825=DIRECTION('',(1.,-1.08420217248551E-16,0.));
#6826=DIRECTION('',(3.46944695195362E-16,-3.76158192263133E-32,-1.));
#6827=DIRECTION('',(1.,-1.08420217248551E-16,7.31950833745488E-17));
#6828=DIRECTION('',(0.,0.,1.));
#6829=DIRECTION('',(1.,-1.08420217248551E-16,0.));
#6830=DIRECTION('',(1.08420217248551E-16,1.,0.));
#6831=DIRECTION('',(-1.,1.08420217248551E-16,0.));
#6832=DIRECTION('',(0.,0.,-1.));
#6833=DIRECTION('',(1.,-1.08420217248551E-16,0.));
#6834=DIRECTION('',(0.,0.,-1.));
#6835=DIRECTION('',(1.08420217248551E-16,1.,0.));
#6836=DIRECTION('',(1.08420217248551E-16,-1.17549435082229E-32,-1.));
#6837=DIRECTION('',(-0.965925826289068,1.04725887932246E-16,0.258819045102521));
#6838=DIRECTION('',(-1.,1.08420217248551E-16,-1.58460317517112E-16));
#6839=DIRECTION('',(0.447213595499959,-4.84869951806109E-17,-0.894427190999916));
#6840=DIRECTION('',(-1.,1.08420217248551E-16,0.));
#6841=DIRECTION('',(-0.447213595499959,4.84869951806109E-17,-0.894427190999916));
#6842=DIRECTION('',(1.,-1.08420217248551E-16,1.58460317517112E-16));
#6843=DIRECTION('',(0.965925826289068,-1.04725887932246E-16,0.258819045102521));
#6844=DIRECTION('',(1.08420217248551E-16,1.,0.));
#6845=DIRECTION('',(1.08420217248551E-16,-1.17549435082229E-32,-1.));
#6846=DIRECTION('',(0.,0.,-1.));
#6847=DIRECTION('',(1.,-1.08420217248551E-16,0.));
#6848=DIRECTION('',(0.,0.,-1.));
#6849=DIRECTION('',(1.08420217248551E-16,1.,0.));
#6850=DIRECTION('',(-1.,1.08420217248551E-16,0.));
#6851=DIRECTION('',(1.,-1.08420217248551E-16,0.));
#6852=DIRECTION('',(0.,0.,1.));
#6853=DIRECTION('',(1.,-1.08420217248551E-16,7.31950833745488E-17));
#6854=DIRECTION('',(0.,-1.,0.));
#6855=DIRECTION('',(1.,0.,0.));
#6856=DIRECTION('',(1.,0.,0.));
#6857=DIRECTION('',(0.,0.,-1.));
#6858=DIRECTION('',(-1.,0.,0.));
#6859=DIRECTION('',(3.14769082945157E-44,-0.17364817766693,-0.984807753012208));
#6860=DIRECTION('',(-1.78514417748461E-43,0.984807753012208,-0.17364817766693));
#6861=DIRECTION('',(0.,0.,-1.));
#6862=DIRECTION('',(0.,0.,-1.));
#6863=DIRECTION('',(-1.,0.,0.));
#6864=DIRECTION('',(0.,0.,-1.));
#6865=DIRECTION('',(0.,0.,-1.));
#6866=DIRECTION('',(1.,0.,0.));
#6867=DIRECTION('',(0.,-1.,0.));
#6868=DIRECTION('',(-1.,0.,0.));
#6869=DIRECTION('',(0.,-1.,0.));
#6870=DIRECTION('',(-1.,0.,0.));
#6871=DIRECTION('',(1.,0.,0.));
#6872=DIRECTION('',(0.,0.,-1.));
#6873=DIRECTION('',(0.,-1.,0.));
#6874=DIRECTION('',(1.,-3.58908305374512E-16,0.));
#6875=DIRECTION('',(3.58908305374512E-16,1.,0.));
#6876=DIRECTION('',(0.,0.,-1.));
#6877=DIRECTION('',(0.,0.,-1.));
#6878=DIRECTION('',(0.,-1.,0.));
#6879=DIRECTION('',(0.,0.,-1.));
#6880=DIRECTION('',(0.,-1.,0.));
#6881=DIRECTION('',(0.,0.,-1.));
#6882=DIRECTION('',(1.,-3.58908305374512E-16,0.));
#6883=DIRECTION('',(0.,-1.,0.));
#6884=DIRECTION('',(0.,0.,-1.));
#6885=DIRECTION('',(-1.,0.,0.));
#6886=DIRECTION('',(0.,0.,1.));
#6887=DIRECTION('',(0.,0.,1.));
#6888=DIRECTION('',(1.,0.,0.));
#6889=DIRECTION('',(0.,0.,-1.));
#6890=DIRECTION('',(1.,0.,0.));
#6891=DIRECTION('',(0.,-1.,0.));
#6892=DIRECTION('',(1.,-3.58908305374512E-16,0.));
#6893=DIRECTION('',(0.,0.,-1.));
#6894=DIRECTION('',(1.,0.,0.));
#6895=DIRECTION('',(-1.,0.,0.));
#6896=DIRECTION('',(0.,0.,1.));
#6897=DIRECTION('',(1.,0.,0.));
#6898=DIRECTION('',(-1.,0.,0.));
#6899=DIRECTION('',(0.,1.,0.));
#6900=DIRECTION('',(-1.,0.,0.));
#6901=DIRECTION('',(0.,0.,-1.));
#6902=DIRECTION('',(1.,0.,0.));
#6903=DIRECTION('',(0.,0.,-1.));
#6904=DIRECTION('',(-1.,0.,0.));
#6905=DIRECTION('',(0.,0.,1.));
#6906=DIRECTION('',(1.,0.,0.));
#6907=DIRECTION('',(-1.73545743284804E-60,0.984807753012208,-0.17364817766693));
#6908=DIRECTION('',(3.06007969282159E-61,-0.17364817766693,-0.984807753012208));
#6909=DIRECTION('',(3.14769082945157E-44,-0.17364817766693,-0.984807753012208));
#6910=DIRECTION('',(-1.78514417748461E-43,0.984807753012208,-0.17364817766693));
#6911=DIRECTION('',(0.,0.,1.));
#6912=DIRECTION('',(1.,0.,0.));
#6913=DIRECTION('',(0.,0.,-1.));
#6914=DIRECTION('',(-1.,0.,0.));
#6915=DIRECTION('',(0.,0.,-1.));
#6916=DIRECTION('',(-1.,0.,0.));
#6917=DIRECTION('',(0.,0.,1.));
#6918=DIRECTION('',(1.,0.,0.));
#6919=DIRECTION('',(0.,-1.,0.));
#6920=DIRECTION('',(1.,0.,0.));
#6921=DIRECTION('',(0.,-1.,0.));
#6922=DIRECTION('',(1.,0.,0.));
#6923=DIRECTION('',(0.,0.,-1.));
#6924=DIRECTION('',(1.,0.,0.));
#6925=DIRECTION('',(0.,0.,-1.));
#6926=DIRECTION('',(-1.,0.,0.));
#6927=DIRECTION('',(0.,0.,1.));
#6928=DIRECTION('',(1.,0.,0.));
#6929=DIRECTION('',(0.,0.,-1.));
#6930=DIRECTION('',(-1.,0.,0.));
#6931=DIRECTION('',(0.,0.,-1.));
#6932=DIRECTION('',(-1.,0.,0.));
#6933=DIRECTION('',(0.,0.,-1.));
#6934=DIRECTION('',(-1.,0.,0.));
#6935=DIRECTION('',(0.,0.,1.));
#6936=DIRECTION('',(1.,0.,0.));
#6937=DIRECTION('',(0.,0.,-1.));
#6938=DIRECTION('',(-1.,0.,0.));
#6939=DIRECTION('',(0.,0.,-1.));
#6940=DIRECTION('',(-1.,0.,0.));
#6941=DIRECTION('',(0.,0.,1.));
#6942=DIRECTION('',(1.,0.,0.));
#6943=DIRECTION('',(0.,0.,-1.));
#6944=DIRECTION('',(-1.,0.,0.));
#6945=DIRECTION('',(0.,0.,-1.));
#6946=DIRECTION('',(-1.,0.,0.));
#6947=DIRECTION('',(0.,0.,1.));
#6948=DIRECTION('',(1.,0.,0.));
#6949=DIRECTION('',(0.,0.,1.));
#6950=DIRECTION('',(1.,0.,0.));
#6951=DIRECTION('',(0.,0.,1.));
#6952=DIRECTION('',(1.,0.,0.));
#6953=DIRECTION('',(0.,-1.,0.));
#6954=DIRECTION('',(0.,0.,-1.));
#6955=DIRECTION('',(0.,0.,-1.));
#6956=DIRECTION('',(0.,0.,-1.));
#6957=DIRECTION('',(-1.,0.,0.));
#6958=DIRECTION('',(0.,0.,1.));
#6959=DIRECTION('',(0.,0.,-1.));
#6960=DIRECTION('',(0.,0.,1.));
#6961=DIRECTION('',(0.,1.,0.));
#6962=DIRECTION('',(0.,-1.,0.));
#6963=DIRECTION('',(0.,0.,-1.));
#6964=DIRECTION('',(3.14769082945157E-44,1.,4.58921554491219E-18));
#6965=DIRECTION('',(-3.9002665549761E-60,4.58921554491219E-18,-1.));
#6966=DIRECTION('',(1.44454316850967E-61,-4.58921554491219E-18,1.));
#6967=DIRECTION('',(1.44454316850967E-61,-4.58921554491219E-18,1.));
#6968=DIRECTION('',(1.,3.14769082945157E-44,0.));
#6969=DIRECTION('',(3.14769082945157E-44,1.,1.28498035257541E-16));
#6970=DIRECTION('',(4.04472087182708E-60,-1.28498035257541E-16,1.));
#6971=DIRECTION('',(3.14769082945157E-44,1.,1.28498035257541E-16));
#6972=DIRECTION('',(-1.,-3.14769082945157E-44,0.));
#6973=DIRECTION('',(4.04472087182708E-60,-1.28498035257541E-16,1.));
#6974=DIRECTION('',(-1.,-3.14769082945157E-44,0.));
#6975=DIRECTION('',(-3.14769082945157E-44,-1.,-1.28498035257541E-16));
#6976=DIRECTION('',(0.,0.,-1.));
#6977=DIRECTION('',(-1.,0.,0.));
#6978=DIRECTION('',(0.,1.,0.));
#6979=DIRECTION('',(0.,0.,1.));
#6980=DIRECTION('',(1.,0.,0.));
#6981=DIRECTION('',(0.,0.,-1.));
#6982=DIRECTION('',(1.,-3.58908305374512E-16,0.));
#6983=DIRECTION('',(7.83477674480208E-17,0.210007410680332,-0.977699794138948));
#6984=DIRECTION('',(-1.73545743284804E-60,0.984807753012208,-0.17364817766693));
#6985=DIRECTION('',(-2.06823763039098E-60,0.17364817766693,0.984807753012208));
#6986=DIRECTION('',(-3.14769082945157E-44,0.17364817766693,0.984807753012208));
#6987=DIRECTION('',(-1.,-5.46590776393174E-45,-3.09987033292934E-44));
#6988=DIRECTION('',(-3.14769082945157E-44,0.17364817766693,0.984807753012208));
#6989=DIRECTION('',(-3.14769082945157E-44,0.17364817766693,0.984807753012208));
#6990=DIRECTION('',(1.73545743284804E-60,-0.984807753012208,0.17364817766693));
#6991=DIRECTION('',(-3.14769082945157E-44,0.17364817766693,0.984807753012208));
#6992=DIRECTION('',(3.14769082945157E-44,-0.17364817766693,-0.984807753012208));
#6993=DIRECTION('',(-1.73545743284804E-60,0.984807753012208,-0.17364817766693));
#6994=DIRECTION('',(3.14769082945157E-44,-0.17364817766693,-0.984807753012208));
#6995=DIRECTION('',(-1.73545743284804E-60,0.984807753012208,-0.17364817766693));
#6996=DIRECTION('',(-3.14769082945157E-44,0.17364817766693,0.984807753012208));
#6997=DIRECTION('',(1.73545743284804E-60,-0.984807753012208,0.17364817766693));
#6998=DIRECTION('',(3.14769082945157E-44,-0.17364817766693,-0.984807753012208));
#6999=DIRECTION('',(-1.73545743284804E-60,0.984807753012208,-0.17364817766693));
#7000=DIRECTION('',(3.14769082945157E-44,-0.17364817766693,-0.984807753012208));
#7001=DIRECTION('',(-1.73545743284804E-60,0.984807753012208,-0.17364817766693));
#7002=DIRECTION('',(-3.14769082945157E-44,0.17364817766693,0.984807753012208));
#7003=DIRECTION('',(3.14769082945157E-44,-0.17364817766693,-0.984807753012208));
#7004=DIRECTION('',(-1.,-5.46590776393174E-45,-3.09987033292934E-44));
#7005=DIRECTION('',(-1.,-5.46590776393174E-45,-3.09987033292934E-44));
#7006=DIRECTION('',(-1.73545743284804E-60,0.984807753012208,-0.17364817766693));
#7007=DIRECTION('',(-2.06823763039098E-60,0.17364817766693,0.984807753012208));
#7008=DIRECTION('',(3.14769082945157E-44,-0.17364817766693,-0.984807753012208));
#7009=DIRECTION('',(-1.,-5.46590776393174E-45,-3.09987033292934E-44));
#7010=DIRECTION('',(0.,0.,-1.));
#7011=DIRECTION('',(0.,-1.,0.));
#7012=DIRECTION('',(7.31950833745488E-17,-1.17206057959301E-32,-1.));
#7013=DIRECTION('',(-1.,0.,-7.31950833745488E-17));
#7014=DIRECTION('',(0.,0.,-1.));
#7015=DIRECTION('',(-1.,0.,0.));
#7016=DIRECTION('',(0.,0.,-1.));
#7017=DIRECTION('',(0.,-1.,0.));
#7018=DIRECTION('',(7.31950833745488E-17,-1.17206057959301E-32,-1.));
#7019=DIRECTION('',(-1.,0.,-7.31950833745488E-17));
#7020=DIRECTION('',(0.,0.,-1.));
#7021=DIRECTION('',(-1.,0.,0.));
#7022=DIRECTION('',(-0.707106781186548,1.13227821539695E-16,0.707106781186548));
#7023=DIRECTION('',(0.707106781186548,0.,0.707106781186548));
#7024=DIRECTION('',(0.,-1.,1.60128320859397E-16));
#7025=DIRECTION('',(-0.707106781186548,1.13227821539695E-16,-0.707106781186548));
#7026=DIRECTION('',(-1.60128320859397E-16,-1.,-1.23259516440783E-32));
#7027=DIRECTION('',(0.707106781186548,0.,0.707106781186548));
#7028=DIRECTION('',(0.707106781186548,0.,0.707106781186548));
#7029=DIRECTION('',(-0.707106781186548,1.13227821539695E-16,0.707106781186548));
#7030=DIRECTION('',(0.707106781186548,-1.13227821539695E-16,0.707106781186548));
#7031=DIRECTION('',(0.707106781186548,-1.13227821539695E-16,0.707106781186548));
#7032=DIRECTION('',(0.707106781186548,0.,-0.707106781186548));
#7033=DIRECTION('',(0.707106781186548,0.,-0.707106781186548));
#7034=DIRECTION('',(-1.60128320859397E-16,-1.,1.23259516440783E-32));
#7035=DIRECTION('',(-0.707106781186548,1.13227821539695E-16,0.707106781186548));
#7036=DIRECTION('',(0.,-1.,-1.60128320859397E-16));
#7037=DIRECTION('',(0.707106781186548,-1.13227821539695E-16,0.707106781186548));
#7038=DIRECTION('',(0.707106781186548,-1.13227821539695E-16,-0.707106781186548));
#7039=DIRECTION('',(0.707106781186548,0.,-0.707106781186548));
#7040=DIRECTION('',(0.,0.,1.));
#7041=DIRECTION('',(0.,1.,0.));
#7042=DIRECTION('',(0.,0.,1.));
#7043=DIRECTION('',(0.,0.,1.));
#7044=DIRECTION('',(0.,1.,0.));
#7045=DIRECTION('',(0.,0.,1.));
#7046=DIRECTION('',(-5.47671112508298E-17,-0.342020143325668,-0.939692620785908));
#7047=DIRECTION('',(-1.50471401490414E-16,-0.939692620785908,0.342020143325668));
#7048=DIRECTION('',(0.,0.,1.));
#7049=DIRECTION('',(0.,1.,0.));
#7050=DIRECTION('',(0.,0.,1.));
#7051=DIRECTION('',(0.,0.,1.));
#7052=DIRECTION('',(0.,1.,0.));
#7053=DIRECTION('',(0.,0.,1.));
#7054=DIRECTION('',(-5.47671112508298E-17,-0.342020143325668,-0.939692620785908));
#7055=DIRECTION('',(-1.50471401490414E-16,-0.939692620785908,0.342020143325668));
#7056=DIRECTION('',(0.,0.,1.));
#7057=DIRECTION('',(0.,1.,0.));
#7058=DIRECTION('',(0.,0.,1.));
#7059=DIRECTION('',(0.,0.,1.));
#7060=DIRECTION('',(0.,1.,0.));
#7061=DIRECTION('',(0.,0.,1.));
#7062=DIRECTION('',(0.,1.,0.));
#7063=DIRECTION('',(0.,0.,1.));
#7064=DIRECTION('',(7.31950833745488E-17,-1.17206057959301E-32,-1.));
#7065=DIRECTION('',(-1.,0.,-7.31950833745488E-17));
#7066=DIRECTION('',(0.,0.,1.));
#7067=DIRECTION('',(0.,1.,0.));
#7068=DIRECTION('',(0.,0.,1.));
#7069=DIRECTION('',(0.,0.,1.));
#7070=DIRECTION('',(0.,1.,0.));
#7071=DIRECTION('',(0.,0.,1.));
#7072=DIRECTION('',(0.,1.,0.));
#7073=DIRECTION('',(0.,0.,1.));
#7074=DIRECTION('',(7.31950833745488E-17,-1.17206057959301E-32,-1.));
#7075=DIRECTION('',(-1.,0.,-7.31950833745488E-17));
#7076=DIRECTION('',(-1.,1.60128320859397E-16,0.));
#7077=DIRECTION('',(-1.60128320859397E-16,-1.,0.));
#7078=DIRECTION('',(1.13227821539695E-16,0.707106781186548,0.707106781186547));
#7079=DIRECTION('',(-1.06752213906265E-16,1.70940527608334E-32,1.));
#7080=DIRECTION('',(0.,0.,1.));
#7081=DIRECTION('',(0.,-1.,0.));
#7082=DIRECTION('',(1.,0.,0.));
#7083=DIRECTION('',(0.,-1.,0.));
#7084=DIRECTION('',(0.,0.,-1.));
#7085=DIRECTION('',(0.,0.,-1.));
#7086=DIRECTION('',(-1.,1.60128320859397E-16,0.));
#7087=DIRECTION('',(-1.60128320859397E-16,-1.,0.));
#7088=DIRECTION('',(0.,0.,1.));
#7089=DIRECTION('',(-1.06752213906265E-16,1.70940527608334E-32,1.));
#7090=DIRECTION('',(1.13227821539695E-16,0.707106781186548,0.707106781186547));
#7091=DIRECTION('',(0.,-1.,0.));
#7092=DIRECTION('',(1.,0.,0.));
#7093=DIRECTION('',(0.,-1.,0.));
#7094=DIRECTION('',(0.,0.,-1.));
#7095=DIRECTION('',(0.,0.,-1.));
#7096=DIRECTION('',(-1.,0.,0.));
#7097=DIRECTION('',(0.,-1.,0.));
#7098=DIRECTION('',(0.,-1.,1.17206057959301E-32));
#7099=DIRECTION('',(0.,-1.,0.));
#7100=DIRECTION('',(-1.,0.,0.));
#7101=DIRECTION('',(0.,-1.,0.));
#7102=DIRECTION('',(0.,-1.,0.));
#7103=DIRECTION('',(0.,0.939692620785908,-0.342020143325668));
#7104=DIRECTION('',(0.,-1.,0.));
#7105=DIRECTION('',(1.,0.,0.));
#7106=DIRECTION('',(0.,0.,1.));
#7107=DIRECTION('',(-1.,0.,5.82819424558485E-17));
#7108=DIRECTION('',(0.,0.,1.));
#7109=DIRECTION('',(1.,0.,0.));
#7110=DIRECTION('',(-1.,0.,0.));
#7111=DIRECTION('',(0.,-1.,0.));
#7112=DIRECTION('',(0.,-1.,0.));
#7113=DIRECTION('',(0.,0.939692620785908,-0.342020143325668));
#7114=DIRECTION('',(-1.,0.,0.));
#7115=DIRECTION('',(0.,-1.,0.));
#7116=DIRECTION('',(0.,-1.,1.17206057959301E-32));
#7117=DIRECTION('',(0.,-1.,0.));
#7118=DIRECTION('',(-1.,0.,0.));
#7119=DIRECTION('',(0.,-1.,0.));
#7120=DIRECTION('',(0.,0.939692620785908,-0.342020143325668));
#7121=DIRECTION('',(0.,0.,1.));
#7122=DIRECTION('',(0.,-1.,0.));
#7123=DIRECTION('',(-1.,0.,0.));
#7124=DIRECTION('',(0.,-1.,0.));
#7125=DIRECTION('',(0.,0.939692620785908,-0.342020143325668));
#7126=DIRECTION('',(0.,-1.,0.));
#7127=DIRECTION('',(0.,-0.707106781186548,-0.707106781186547));
#7128=DIRECTION('',(0.,-0.707106781186547,0.707106781186548));
#7129=DIRECTION('',(0.,0.707106781186548,0.707106781186547));
#7130=DIRECTION('',(0.258819045102521,0.,0.965925826289068));
#7131=DIRECTION('',(0.242025086471593,-0.968100345886375,-0.0648504264681361));
#7132=DIRECTION('',(0.,-0.707106781186548,-0.707106781186547));
#7133=DIRECTION('',(0.,-0.707106781186548,-0.707106781186547));
#7134=DIRECTION('',(0.,-0.707106781186547,0.707106781186548));
#7135=DIRECTION('',(-0.258819045102521,0.,0.965925826289068));
#7136=DIRECTION('',(-0.242025086471593,-0.968100345886375,-0.0648504264681361));
#7137=DIRECTION('',(0.,-0.707106781186548,-0.707106781186547));
#7138=DIRECTION('',(0.,0.707106781186548,0.707106781186547));
#7139=DIRECTION('',(7.66646708341689E-17,0.707106781186548,-0.707106781186547));
#7140=DIRECTION('',(1.,-1.08420217248551E-16,0.));
#7141=DIRECTION('',(-0.333333333333334,-0.666666666666666,-0.666666666666667));
#7142=DIRECTION('',(-0.333333333333334,0.666666666666666,0.666666666666667));
#7143=DIRECTION('',(1.,-1.08420217248551E-16,0.));
#7144=DIRECTION('',(0.,0.,-1.));
#7145=DIRECTION('',(-1.,0.,0.));
#7146=DIRECTION('',(0.,1.,0.));
#7147=DIRECTION('',(0.,0.,-1.));
#7148=DIRECTION('',(0.,-1.,0.));
#7149=DIRECTION('',(-1.,0.,0.));
#7150=DIRECTION('',(0.,1.,0.));
#7151=DIRECTION('',(2.66880534765662E-16,1.,0.));
#7152=DIRECTION('',(-1.,1.60128320859397E-16,0.));
#7153=DIRECTION('',(0.,0.,-1.));
#7154=DIRECTION('',(-1.,0.,0.));
#7155=DIRECTION('',(0.,1.,0.));
#7156=DIRECTION('',(0.,1.,0.));
#7157=DIRECTION('',(-1.,0.,0.));
#7158=DIRECTION('',(0.,0.,-1.));
#7159=DIRECTION('',(0.,-1.,0.));
#7160=DIRECTION('',(0.,1.,0.));
#7161=DIRECTION('',(-1.,1.60128320859397E-16,0.));
#7162=DIRECTION('',(1.88713035899492E-16,0.707106781186547,-0.707106781186548));
#7163=DIRECTION('',(1.,-1.60128320859397E-16,1.06752213906265E-16));
#7164=DIRECTION('',(0.935113126531029,0.250562807085731,0.250562807085731));
#7165=DIRECTION('',(0.333333333333334,0.666666666666667,0.666666666666666));
#7166=DIRECTION('',(1.,0.,0.));
#7167=DIRECTION('',(0.,1.,0.));
#7168=DIRECTION('',(0.,1.,0.));
#7169=DIRECTION('',(0.,0.,-1.));
#7170=DIRECTION('',(0.,1.,0.));
#7171=DIRECTION('',(-0.894427190999916,0.,0.447213595499959));
#7172=DIRECTION('',(0.447213595499959,0.,0.894427190999916));
#7173=DIRECTION('',(0.,1.,0.));
#7174=DIRECTION('',(0.447213595499959,0.,0.894427190999916));
#7175=DIRECTION('',(0.,-1.,0.));
#7176=DIRECTION('',(-0.258819045102521,0.,0.965925826289068));
#7177=DIRECTION('',(0.965925826289068,0.,0.258819045102521));
#7178=DIRECTION('',(0.965925826289068,0.,0.258819045102521));
#7179=DIRECTION('',(0.,1.,0.));
#7180=DIRECTION('',(0.935113126531029,0.250562807085731,0.250562807085731));
#7181=DIRECTION('',(0.258819045102521,0.,0.965925826289068));
#7182=DIRECTION('',(0.965925826289068,0.,-0.258819045102521));
#7183=DIRECTION('',(0.935113126531029,-0.250562807085732,-0.250562807085731));
#7184=DIRECTION('',(0.,1.,0.));
#7185=DIRECTION('',(0.965925826289068,0.,-0.258819045102521));
#7186=DIRECTION('',(0.,-1.,0.));
#7187=DIRECTION('',(0.935113126531029,-0.250562807085732,-0.250562807085731));
#7188=DIRECTION('',(-0.894427190999916,0.,-0.447213595499959));
#7189=DIRECTION('',(-0.447213595499959,0.,0.894427190999916));
#7190=DIRECTION('',(0.,1.,0.));
#7191=DIRECTION('',(-0.333333333333334,0.666666666666667,0.666666666666666));
#7192=DIRECTION('',(-0.447213595499959,0.,0.894427190999916));
#7193=DIRECTION('',(0.,0.,-1.));
#7194=DIRECTION('',(0.,-1.,0.));
#7195=DIRECTION('',(-1.,0.,0.));
#7196=DIRECTION('',(0.,0.,-1.));
#7197=DIRECTION('',(0.,-1.,0.));
#7198=DIRECTION('',(-1.,0.,0.));
#7199=DIRECTION('',(0.,1.,0.));
#7200=DIRECTION('',(1.,0.,0.));
#7201=DIRECTION('',(0.,1.,0.));
#7202=DIRECTION('',(0.,1.,0.));
#7203=DIRECTION('',(0.,0.,-1.));
#7204=DIRECTION('',(0.,0.,-1.));
#7205=DIRECTION('',(0.,-1.,0.));
#7206=DIRECTION('',(-1.,0.,0.));
#7207=DIRECTION('',(2.66880534765662E-16,1.,0.));
#7208=DIRECTION('',(-1.,2.66880534765662E-16,0.));
#7209=DIRECTION('',(2.66880534765662E-16,1.,0.));
#7210=DIRECTION('',(1.60128320859397E-16,1.,0.));
#7211=DIRECTION('',(-1.,1.60128320859397E-16,0.));
#7212=DIRECTION('',(2.66880534765662E-16,1.,0.));
#7213=DIRECTION('',(2.66880534765662E-16,1.,0.));
#7214=DIRECTION('',(0.,-1.,0.));
#7215=DIRECTION('',(1.,0.,0.));
#7216=DIRECTION('',(0.,1.,0.));
#7217=DIRECTION('',(0.,1.,0.));
#7218=DIRECTION('',(1.60128320859397E-16,1.,0.));
#7219=DIRECTION('',(-1.,1.60128320859397E-16,0.));
#7220=DIRECTION('',(0.,1.,0.));
#7221=DIRECTION('',(-1.,0.,0.));
#7222=DIRECTION('',(0.,-1.,0.));
#7223=DIRECTION('',(0.,0.,-1.));
#7224=DIRECTION('',(-1.,2.66880534765662E-16,0.));
#7225=DIRECTION('',(-2.66880534765662E-16,-1.,0.));
#7226=DIRECTION('',(0.,0.,-1.));
#7227=DIRECTION('',(-1.,0.,0.));
#7228=DIRECTION('',(0.,-1.,0.));
#7229=DIRECTION('',(0.,0.,-1.));
#7230=DIRECTION('',(-1.,0.,0.));
#7231=DIRECTION('',(0.,-1.,0.));
#7232=DIRECTION('',(0.,0.,-1.));
#7233=DIRECTION('',(-1.,0.,0.));
#7234=DIRECTION('',(0.,-1.,0.));
#7235=DIRECTION('',(0.,0.,-1.));
#7236=DIRECTION('',(0.,0.,-1.));
#7237=DIRECTION('',(-1.,0.,0.));
#7238=DIRECTION('',(0.,-1.,0.));
#7239=DIRECTION('',(0.,0.,-1.));
#7240=DIRECTION('',(0.,0.,-1.));
#7241=DIRECTION('',(0.,-1.,0.));
#7242=DIRECTION('',(1.,0.,0.));
#7243=DIRECTION('',(0.,0.,-1.));
#7244=DIRECTION('',(-1.,0.,0.));
#7245=DIRECTION('',(0.,-1.,0.));
#7246=DIRECTION('',(0.,0.,-1.));
#7247=DIRECTION('',(0.,-1.,0.));
#7248=DIRECTION('',(0.,0.707106781186548,0.707106781186547));
#7249=DIRECTION('',(0.,0.,-1.));
#7250=DIRECTION('',(0.,1.,0.));
#7251=DIRECTION('',(-1.,0.,0.));
#7252=DIRECTION('',(0.,-1.,0.));
#7253=DIRECTION('',(0.,-0.707106781186548,-0.707106781186547));
#7254=DIRECTION('',(0.,-1.,0.));
#7255=DIRECTION('',(0.,0.,-1.));
#7256=DIRECTION('',(0.,1.,0.));
#7257=DIRECTION('',(0.,0.,-1.));
#7258=DIRECTION('',(0.,-1.,0.));
#7259=DIRECTION('',(1.,0.,0.));
#7260=DIRECTION('',(0.,0.,-1.));
#7261=DIRECTION('',(1.88713035899492E-16,0.707106781186547,-0.707106781186548));
#7262=DIRECTION('',(-1.,1.60128320859397E-16,-1.06752213906265E-16));
#7263=DIRECTION('',(1.88713035899492E-16,0.707106781186547,-0.707106781186548));
#7264=DIRECTION('',(1.,-1.60128320859397E-16,1.06752213906265E-16));
#7265=DIRECTION('',(1.88713035899492E-16,0.707106781186547,-0.707106781186548));
#7266=DIRECTION('',(-1.88713035899492E-16,0.707106781186548,0.707106781186547));
#7267=DIRECTION('',(1.,-1.60128320859397E-16,1.06752213906265E-16));
#7268=DIRECTION('',(-5.47671112508298E-17,-0.342020143325668,-0.939692620785908));
#7269=DIRECTION('',(0.,-0.939692620785908,0.342020143325668));
#7270=DIRECTION('',(0.,-0.939692620785908,0.342020143325668));
#7271=DIRECTION('',(1.,-1.60128320859397E-16,6.16297582203916E-33));
#7272=DIRECTION('',(0.,0.939692620785908,-0.342020143325668));
#7273=DIRECTION('',(-1.,0.,5.82819424558485E-17));
#7274=DIRECTION('',(0.,-1.,0.));
#7275=DIRECTION('',(1.,0.,0.));
#7276=DIRECTION('',(0.,0.,1.));
#7277=DIRECTION('',(1.,0.,0.));
#7278=DIRECTION('',(1.60128320859397E-16,1.,0.));
#7279=DIRECTION('',(-1.,1.60128320859397E-16,0.));
#7280=DIRECTION('',(1.,-1.60128320859397E-16,0.));
#7281=DIRECTION('',(1.60128320859397E-16,1.,0.));
#7282=DIRECTION('',(-1.,1.60128320859397E-16,0.));
#7283=DIRECTION('',(1.,-1.60128320859397E-16,1.06752213906265E-16));
#7284=DIRECTION('',(1.,-1.60128320859397E-16,0.));
#7285=DIRECTION('',(1.60128320859397E-16,1.,0.));
#7286=DIRECTION('',(-1.,1.60128320859397E-16,0.));
#7287=DIRECTION('',(0.,0.,-1.));
#7288=DIRECTION('',(1.,-1.60128320859397E-16,7.31950833745489E-17));
#7289=DIRECTION('',(0.,0.,-1.));
#7290=DIRECTION('',(1.88713035899492E-16,0.707106781186547,-0.707106781186548));
#7291=DIRECTION('',(-1.,1.60128320859397E-16,-1.06752213906265E-16));
#7292=DIRECTION('',(1.88713035899492E-16,0.707106781186547,-0.707106781186548));
#7293=DIRECTION('',(1.88713035899492E-16,-0.707106781186548,-0.707106781186547));
#7294=DIRECTION('',(-1.,0.,0.));
#7295=DIRECTION('',(0.,-1.,0.));
#7296=DIRECTION('',(0.,-1.,1.17206057959301E-32));
#7297=DIRECTION('',(0.,-1.,0.));
#7298=DIRECTION('',(-1.,0.,0.));
#7299=DIRECTION('',(0.,-1.,0.));
#7300=DIRECTION('',(0.,-1.,1.17206057959301E-32));
#7301=DIRECTION('',(0.,-1.,0.));
#7302=DIRECTION('',(0.,0.,-1.));
#7303=DIRECTION('',(-1.,0.,0.));
#7304=DIRECTION('',(0.,0.,-1.));
#7305=DIRECTION('',(-1.,0.,0.));
#7306=DIRECTION('',(0.,0.,-1.));
#7307=DIRECTION('',(-1.,0.,0.));
#7308=DIRECTION('',(0.,0.,1.));
#7309=DIRECTION('',(0.,1.,0.));
#7310=DIRECTION('',(0.,0.,-1.));
#7311=DIRECTION('',(0.,-1.,0.));
#7312=DIRECTION('',(7.31950833745488E-17,-1.17206057959301E-32,-1.));
#7313=DIRECTION('',(-1.,0.,-7.31950833745488E-17));
#7314=DIRECTION('',(-1.08420217248551E-16,-1.,0.));
#7315=DIRECTION('',(1.,-1.08420217248551E-16,7.31950833745488E-17));
#7316=DIRECTION('',(1.,-1.08420217248551E-16,7.31950833745488E-17));
#7317=DIRECTION('',(-1.08420217248551E-16,-1.,0.));
#7318=DIRECTION('',(0.,0.,-1.));
#7319=DIRECTION('',(-1.,0.,0.));
#7320=DIRECTION('',(-1.,0.,0.));
#7321=DIRECTION('',(0.,1.,0.));
#7322=DIRECTION('',(0.,1.,0.));
#7323=DIRECTION('',(-1.,0.,0.));
#7324=DIRECTION('',(0.,-1.,0.));
#7325=DIRECTION('',(1.,0.,0.));
#7326=DIRECTION('',(0.,-1.,0.));
#7327=DIRECTION('',(0.,0.,-1.));
#7328=DIRECTION('',(0.,-1.,0.));
#7329=DIRECTION('',(0.,0.,-1.));
#7330=DIRECTION('',(0.,-1.,0.));
#7331=DIRECTION('',(0.,0.,-1.));
#7332=DIRECTION('',(0.,-1.,0.));
#7333=DIRECTION('',(0.,0.,-1.));
#7334=DIRECTION('',(-1.,1.08420217248551E-16,0.));
#7335=DIRECTION('',(-1.08420217248551E-16,-1.,0.));
#7336=DIRECTION('',(-1.08420217248551E-16,-1.,0.));
#7337=DIRECTION('',(0.,0.,-1.));
#7338=DIRECTION('',(-1.,1.08420217248551E-16,-3.46944695195362E-16));
#7339=DIRECTION('',(-3.46944695195362E-16,0.,1.));
#7340=DIRECTION('',(3.46944695195362E-16,-3.76158192263133E-32,-1.));
#7341=DIRECTION('',(-1.08420217248551E-16,-1.,0.));
#7342=DIRECTION('',(-1.08420217248551E-16,-1.,0.));
#7343=DIRECTION('',(1.,-1.08420217248551E-16,0.));
#7344=DIRECTION('',(-1.08420217248551E-16,-1.,0.));
#7345=DIRECTION('',(1.,-1.08420217248551E-16,0.));
#7346=DIRECTION('',(0.,0.,-1.));
#7347=DIRECTION('',(-1.,0.,0.));
#7348=DIRECTION('',(0.,-1.,0.));
#7349=DIRECTION('',(0.,0.,-1.));
#7350=DIRECTION('',(0.,-1.,0.));
#7351=DIRECTION('',(0.,0.,-1.));
#7352=DIRECTION('',(0.,1.,0.));
#7353=DIRECTION('',(0.,0.,1.));
#7354=DIRECTION('',(0.,1.,0.));
#7355=DIRECTION('',(0.,0.,1.));
#7356=DIRECTION('',(0.,0.,1.));
#7357=DIRECTION('',(1.,0.,0.));
#7358=DIRECTION('',(0.,0.,1.));
#7359=DIRECTION('',(1.,0.,0.));
#7360=DIRECTION('',(0.,0.,-1.));
#7361=DIRECTION('',(-1.,0.,0.));
#7362=DIRECTION('',(1.,0.,0.));
#7363=DIRECTION('',(0.,0.,1.));
#7364=CARTESIAN_POINT('',(0.,0.,0.));
#7365=CARTESIAN_POINT('',(-0.000131118386317939,-0.0693446045547222,-0.0228314359759623));
#7366=CARTESIAN_POINT('',(-6.93889390390723E-18,0.,-0.0228314359759623));
#7367=CARTESIAN_POINT('',(0.00287943210960741,-0.031870187805003,-0.0228314359759623));
#7368=CARTESIAN_POINT('',(-0.00287954285497794,-0.0318701777991016,-0.0228314359759623));
#7369=CARTESIAN_POINT('',(-0.00350944285450436,-0.038841779192655,-0.0228314359759623));
#7370=CARTESIAN_POINT('',(-0.010387705332243,-0.0401415805793257,-0.0228314359759623));
#7371=CARTESIAN_POINT('',(-0.0104367865069738,-0.0453610327493152,-0.0228314359759623));
#7372=CARTESIAN_POINT('',(-0.0099761697069,-0.043643850936769,-0.0228314359759623));
#7373=CARTESIAN_POINT('',(-0.010063158201429,-0.0418597696200914,-0.0228314359759623));
#7374=CARTESIAN_POINT('',(-0.0103877340625675,-0.0401415860066675,-0.0228314359759623));
#7375=CARTESIAN_POINT('',(-0.0104367865069738,-0.0453610327493152,-0.0228314359759623));
#7376=CARTESIAN_POINT('',(-0.0104367865069737,-0.0453610327493146,-0.0228314359759623));
#7377=CARTESIAN_POINT('',(-0.0111966088346458,-0.0481936543159532,-0.0228314359759623));
#7378=CARTESIAN_POINT('',(-0.0124283518342464,-0.0539210824634761,-0.0228314359759623));
#7379=CARTESIAN_POINT('',(-0.0135142352718394,-0.0625643823623617,-0.0228314359759623));
#7380=CARTESIAN_POINT('',(-0.0137198587555476,-0.0713098849402784,-0.0228314359759623));
#7381=CARTESIAN_POINT('',(-0.0131126135350297,-0.0801098688747136,-0.0228314359759623));
#7382=CARTESIAN_POINT('',(-0.0120567193841218,-0.0872995104562836,-0.0228314359759623));
#7383=CARTESIAN_POINT('',(-0.0108936426219815,-0.0929960065208164,-0.0228314359759624));
#7384=CARTESIAN_POINT('',(-0.00984837450705171,-0.0972353078688514,-0.0228314359759622));
#7385=CARTESIAN_POINT('',(-0.00860154798412253,-0.101428794335234,-0.0228314359759623));
#7386=CARTESIAN_POINT('',(-0.00732297304339251,-0.104897355516585,-0.0228314359759623));
#7387=CARTESIAN_POINT('',(-0.00608398820166321,-0.107560464024478,-0.0228314359759623));
#7388=CARTESIAN_POINT('',(-0.0050023125239083,-0.109466594222465,-0.0228314359759623));
#7389=CARTESIAN_POINT('',(-0.00367493296662399,-0.111249126428797,-0.0228314359759623));
#7390=CARTESIAN_POINT('',(-0.00248866886157096,-0.112230118539238,-0.0228314359759623));
#7391=CARTESIAN_POINT('',(-0.00181981692891874,-0.112559196261955,-0.0228314359759623));
#7392=CARTESIAN_POINT('',(-0.00181981692891874,-0.112559196261955,-0.0228314359759623));
#7393=CARTESIAN_POINT('',(0.00181981692029259,-0.112559196261724,-0.0228314359759611));
#7394=CARTESIAN_POINT('',(0.00124908732866268,-0.1128399974114,-0.0228314359759611));
#7395=CARTESIAN_POINT('',(1.30702083617229E-6,-0.113248120566426,-0.0228314359759629));
#7396=CARTESIAN_POINT('',(-0.00124860091157889,-0.112840236738911,-0.0228314359759623));
#7397=CARTESIAN_POINT('',(-0.00181981692892043,-0.112559196261954,-0.0228314359759623));
#7398=CARTESIAN_POINT('',(0.00181981692028972,-0.112559196261718,-0.0228314359759623));
#7399=CARTESIAN_POINT('',(0.00181981692028972,-0.112559196261718,-0.0228314359759623));
#7400=CARTESIAN_POINT('',(0.00248920120944643,-0.1122298566222,-0.0228314359759623));
#7401=CARTESIAN_POINT('',(0.00365244867187811,-0.111270001744283,-0.0228314359759623));
#7402=CARTESIAN_POINT('',(0.00498833530394216,-0.109490250452848,-0.0228314359759623));
#7403=CARTESIAN_POINT('',(0.00607662345271083,-0.107575763830058,-0.0228314359759624));
#7404=CARTESIAN_POINT('',(0.00732737747267537,-0.104887667996026,-0.0228314359759618));
#7405=CARTESIAN_POINT('',(0.00859185015069882,-0.10145541331387,-0.0228314359759625));
#7406=CARTESIAN_POINT('',(0.0098433474617405,-0.0972556182013451,-0.0228314359759622));
#7407=CARTESIAN_POINT('',(0.0108927274421446,-0.0930010955906616,-0.0228314359759623));
#7408=CARTESIAN_POINT('',(0.0120653644470812,-0.0872579874553635,-0.0228314359759623));
#7409=CARTESIAN_POINT('',(0.0131233878315615,-0.0800033412986254,-0.0228314359759623));
#7410=CARTESIAN_POINT('',(0.0137153674596237,-0.0713280834339872,-0.0228314359759623));
#7411=CARTESIAN_POINT('',(0.0135202592182866,-0.0626480925494378,-0.0228314359759623));
#7412=CARTESIAN_POINT('',(0.0124386722407428,-0.0539678613473842,-0.0228314359759623));
#7413=CARTESIAN_POINT('',(0.0111964068136898,-0.0481929011787086,-0.0228314359759623));
#7414=CARTESIAN_POINT('',(0.010436786507636,-0.0453610327521958,-0.0228314359759623));
#7415=CARTESIAN_POINT('',(0.0104367865076345,-0.0453610327521905,-0.0228314359759623));
#7416=CARTESIAN_POINT('',(0.0103872734494315,-0.0401440252392462,-0.0228314359759623));
#7417=CARTESIAN_POINT('',(0.0100632724196251,-0.0418604686803272,-0.0228314359759623));
#7418=CARTESIAN_POINT('',(0.0099781489691058,-0.0436512296384222,-0.0228314359759623));
#7419=CARTESIAN_POINT('',(0.0104367865076345,-0.0453610327521905,-0.0228314359759623));
#7420=CARTESIAN_POINT('',(0.0103871870816762,-0.0401440089362088,-0.0228314359759623));
#7421=CARTESIAN_POINT('',(0.00350930788358404,-0.0388417913873474,-0.0228314359759623));
#7422=CARTESIAN_POINT('',(-0.000131118386317939,-0.0353181212729565,-0.0228314359759623));
#7423=CARTESIAN_POINT('',(0.00859997929901053,-0.0353181212729565,-0.0228314359759623));
#7424=CARTESIAN_POINT('',(-0.00860002070098947,-0.0353181212729565,-0.0228314359759623));
#7425=CARTESIAN_POINT('',(0.00859997929901053,-0.0693446045547222,-0.0228314359759623));
#7426=CARTESIAN_POINT('',(0.00859997929901053,-0.0622181212729565,-0.0228314359759623));
#7427=CARTESIAN_POINT('',(-0.000131118386317939,-0.0622181212729565,-0.0228314359759623));
#7428=CARTESIAN_POINT('',(-0.00860002070098947,-0.0622181212729565,-0.0228314359759623));
#7429=CARTESIAN_POINT('',(-0.00860002070098947,-0.0693446045547222,-0.0228314359759623));
#7430=CARTESIAN_POINT('',(-0.000131118386317939,-0.0693446045547222,-0.0248314359759623));
#7431=CARTESIAN_POINT('',(-0.000936887802110471,-0.110764638891171,-0.0248314359759623));
#7432=CARTESIAN_POINT('',(-0.00158228390817739,-0.110447101525326,-0.0248314359759623));
#7433=CARTESIAN_POINT('',(-0.00258438276667058,-0.109430134537959,-0.0248314359759623));
#7434=CARTESIAN_POINT('',(-0.00374988529399077,-0.107679462431573,-0.0248314359759623));
#7435=CARTESIAN_POINT('',(-0.00471686639275288,-0.105798562931623,-0.0248314359759623));
#7436=CARTESIAN_POINT('',(-0.00583046327714134,-0.103216875332707,-0.0248314359759623));
#7437=CARTESIAN_POINT('',(-0.00699152522909634,-0.0998920983203152,-0.0248314359759623));
#7438=CARTESIAN_POINT('',(-0.00814815706930763,-0.0958367764437942,-0.0248314359759623));
#7439=CARTESIAN_POINT('',(-0.00912467366112565,-0.0917291391633382,-0.0248314359759623));
#7440=CARTESIAN_POINT('',(-0.0102075792520811,-0.0862152238326974,-0.0248314359759623));
#7441=CARTESIAN_POINT('',(-0.0111863600187475,-0.0792430003954913,-0.0248314359759623));
#7442=CARTESIAN_POINT('',(-0.0117222713630301,-0.0708511051864687,-0.0248314359759623));
#7443=CARTESIAN_POINT('',(-0.0114884872625601,-0.0623946549269892,-0.0248314359759623));
#7444=CARTESIAN_POINT('',(-0.0104177283480775,-0.0540768488655845,-0.0248314359759623));
#7445=CARTESIAN_POINT('',(-0.00923436158948316,-0.0485979777638802,-0.0248314359759623));
#7446=CARTESIAN_POINT('',(-0.00850507535066625,-0.0458791948943975,-0.0248314359759623));
#7447=CARTESIAN_POINT('',(-0.000936887802110471,-0.110764638891171,-0.0248314359759623));
#7448=CARTESIAN_POINT('',(-0.00850507535066625,-0.0458791948943975,-0.0248314359759623));
#7449=CARTESIAN_POINT('',(-0.00850507535066608,-0.0458791948943975,-0.0248314359759623));
#7450=CARTESIAN_POINT('',(-0.00823564597993188,-0.0448747608070685,-0.0248314359759623));
#7451=CARTESIAN_POINT('',(-0.00800492129157696,-0.0428130542438954,-0.0248314359759623));
#7452=CARTESIAN_POINT('',(-0.00823067083391202,-0.0407852661259244,-0.0248314359759623));
#7453=CARTESIAN_POINT('',(-0.00842248856645974,-0.0397702089596471,-0.0248314359759623));
#7454=CARTESIAN_POINT('',(-0.00842248856645974,-0.0397702089596471,-0.0248314359759623));
#7455=CARTESIAN_POINT('',(-0.00350944285450436,-0.038841779192655,-0.0248314359759623));
#7456=CARTESIAN_POINT('',(-0.00305951428341406,-0.0338620639115454,-0.0248314359759623));
#7457=CARTESIAN_POINT('',(-6.93889390390723E-18,0.,-0.0248314359759623));
#7458=CARTESIAN_POINT('',(0.00305939661645788,-0.0338620745428157,-0.0248314359759623));
#7459=CARTESIAN_POINT('',(0.00350930788358404,-0.0388417913873474,-0.0248314359759623));
#7460=CARTESIAN_POINT('',(0.00842202895687451,-0.0397719374275195,-0.0248314359759623));
#7461=CARTESIAN_POINT('',(0.00842202895687451,-0.0397719374275195,-0.0248314359759623));
#7462=CARTESIAN_POINT('',(0.00803818494576139,-0.0417992734380055,-0.0248314359759623));
#7463=CARTESIAN_POINT('',(0.00796851476925368,-0.0438788942744825,-0.0248314359759623));
#7464=CARTESIAN_POINT('',(0.00850507535144076,-0.0458791948976977,-0.0248314359759623));
#7465=CARTESIAN_POINT('',(0.00850507535144075,-0.0458791948976977,-0.0248314359759623));
#7466=CARTESIAN_POINT('',(0.00850507535144075,-0.0458791948976977,-0.0248314359759623));
#7467=CARTESIAN_POINT('',(0.00923611958458249,-0.0486045315767188,-0.0248314359759623));
#7468=CARTESIAN_POINT('',(0.0104224421383123,-0.0540976564973318,-0.0248314359759623));
#7469=CARTESIAN_POINT('',(0.0114948725915719,-0.0624605418062501,-0.0248314359759623));
#7470=CARTESIAN_POINT('',(0.0117200661317074,-0.0709238033339174,-0.0248314359759623));
#7471=CARTESIAN_POINT('',(0.0111813885671259,-0.0792763374243789,-0.0248314359759623));
#7472=CARTESIAN_POINT('',(0.0102102281481421,-0.0861959004535775,-0.0248314359759623));
#7473=CARTESIAN_POINT('',(0.00913077867655328,-0.0917010190669094,-0.0248314359759623));
#7474=CARTESIAN_POINT('',(0.00815410053165896,-0.0958141837115701,-0.0248314359759623));
#7475=CARTESIAN_POINT('',(0.00700085422318871,-0.0998606207238448,-0.0248314359759623));
#7476=CARTESIAN_POINT('',(0.00584794596869705,-0.103171433980046,-0.0248314359759623));
#7477=CARTESIAN_POINT('',(0.00473883194062781,-0.105751733361796,-0.0248314359759623));
#7478=CARTESIAN_POINT('',(0.00376577858370891,-0.107652676436172,-0.0248314359759623));
#7479=CARTESIAN_POINT('',(0.00260068298152352,-0.109410013883291,-0.0248314359759623));
#7480=CARTESIAN_POINT('',(0.00158502636452561,-0.110445752226273,-0.0248314359759623));
#7481=CARTESIAN_POINT('',(0.000936887803505413,-0.110764638886003,-0.0248314359759623));
#7482=CARTESIAN_POINT('',(0.000936887803508321,-0.110764638886009,-0.0248314359759623));
#7483=CARTESIAN_POINT('',(0.000936887803508321,-0.110764638886009,-0.0248314359759623));
#7484=CARTESIAN_POINT('',(0.000640437015384284,-0.110910493811613,-0.0248314359759623));
#7485=CARTESIAN_POINT('',(-4.82445524711079E-6,-0.111178156537704,-0.0248314359759623));
#7486=CARTESIAN_POINT('',(-0.000642141871826923,-0.11090965502222,-0.0248314359759623));
#7487=CARTESIAN_POINT('',(-0.000936887802110484,-0.110764638891171,-0.0248314359759623));
#7488=CARTESIAN_POINT('',(-0.00875002070098947,-0.0487681212729565,-0.0108314359759623));
#7489=CARTESIAN_POINT('',(-0.00860002070098947,-0.0487681212729565,-0.0108314359759623));
#7490=CARTESIAN_POINT('',(-0.00860002070098947,-0.0353181212729565,-0.0108314359759623));
#7491=CARTESIAN_POINT('',(-0.00860002070098947,-0.0622181212729565,-0.0108314359759623));
#7492=CARTESIAN_POINT('',(-2.07009894712118E-8,-0.0622181212729565,-0.0108314359759623));
#7493=CARTESIAN_POINT('',(0.00859997929901053,-0.0622181212729565,-0.0108314359759623));
#7494=CARTESIAN_POINT('',(0.00859997929901053,-0.0487681212729565,-0.0108314359759623));
#7495=CARTESIAN_POINT('',(0.00859997929901053,-0.0353181212729565,-0.0108314359759623));
#7496=CARTESIAN_POINT('',(-2.07009894712118E-8,-0.0353181212729565,-0.0108314359759623));
#7497=CARTESIAN_POINT('',(-0.00860002070098947,-0.0487681212729565,-0.0108294359759623));
#7498=CARTESIAN_POINT('',(-0.00860002070098947,-0.0353181212729565,-0.0108294359759623));
#7499=CARTESIAN_POINT('',(-0.00860002070098947,-0.0622181212729565,-0.0108294359759623));
#7500=CARTESIAN_POINT('',(-2.07009894712118E-8,-0.0622181212729565,-0.0108294359759623));
#7501=CARTESIAN_POINT('',(0.00859997929901053,-0.0622181212729565,-0.0108294359759623));
#7502=CARTESIAN_POINT('',(0.00859997929901053,-0.0487681212729565,-0.0108294359759623));
#7503=CARTESIAN_POINT('',(0.00859997929901053,-0.0353181212729565,-0.0108294359759623));
#7504=CARTESIAN_POINT('',(-2.07009894712118E-8,-0.0353181212729565,-0.0108294359759623));
#7505=CARTESIAN_POINT('',(0.00850507535144077,-0.0458791948976977,-0.0248314359759623));
#7506=CARTESIAN_POINT('',(0.0104367865076345,-0.0453610327521905,-0.0248314359759623));
#7507=CARTESIAN_POINT('',(0.0104367865076345,-0.0453610327521905,-0.0228314359759623));
#7508=CARTESIAN_POINT('',(0.0082367950630967,-0.0448790445859575,-0.0248314359759623));
#7509=CARTESIAN_POINT('',(0.0102187699993449,-0.0445482660757947,-0.0248314359759089));
#7510=CARTESIAN_POINT('',(0.0102187699976631,-0.0445482660763577,-0.0228314359759623));
#7511=CARTESIAN_POINT('',(0.00800468150327526,-0.0428504643781428,-0.0248314359759623));
#7512=CARTESIAN_POINT('',(0.0100215786414264,-0.0428742142144372,-0.0248314359760042));
#7513=CARTESIAN_POINT('',(0.0100215786413872,-0.042874214213963,-0.0228314359759677));
#7514=CARTESIAN_POINT('',(0.0082301069487747,-0.0407856054322735,-0.0248314359759623));
#7515=CARTESIAN_POINT('',(0.010214328320167,-0.0410566100355761,-0.0248314359759319));
#7516=CARTESIAN_POINT('',(0.0102143283219273,-0.0410566100359616,-0.0228314359759516));
#7517=CARTESIAN_POINT('',(0.00842202895687451,-0.0397719374275195,-0.0248314359759623));
#7518=CARTESIAN_POINT('',(0.0103871173861907,-0.0401439958435883,-0.0248314359759623));
#7519=CARTESIAN_POINT('',(0.0103871173861907,-0.0401439958435883,-0.0228314359759623));
#7520=CARTESIAN_POINT('',(0.00842202895687456,-0.0397719374275192,-0.0228314359759623));
#7521=CARTESIAN_POINT('',(0.0104367865076345,-0.0453610327521905,-0.0228314359759623));
#7522=CARTESIAN_POINT('',(0.0104367865076345,-0.0453610327521905,-0.0233550347515606));
#7523=CARTESIAN_POINT('',(0.0100182114899723,-0.0454733113030039,-0.0243980637129093));
#7524=CARTESIAN_POINT('',(0.00901079614953707,-0.0457435403652232,-0.0248314359759623));
#7525=CARTESIAN_POINT('',(0.00850507535144077,-0.0458791948976977,-0.0248314359759623));
#7526=CARTESIAN_POINT('',(0.000936887803505446,-0.110764638886003,-0.0248314359759623));
#7527=CARTESIAN_POINT('',(0.00181981692028979,-0.112559196261718,-0.0248314359759623));
#7528=CARTESIAN_POINT('',(0.00181981692028979,-0.112559196261718,-0.0228314359759623));
#7529=CARTESIAN_POINT('',(0.00126095704465842,-0.110605195504834,-0.0248314359759623));
#7530=CARTESIAN_POINT('',(0.00238709374986975,-0.112280093670976,-0.0248314359759853));
#7531=CARTESIAN_POINT('',(0.00238709383437358,-0.112280093842647,-0.0228314359759673));
#7532=CARTESIAN_POINT('',(0.00182975712120008,-0.110177793188967,-0.0248314359759623));
#7533=CARTESIAN_POINT('',(0.00319847026333972,-0.111645735334638,-0.0248314359759519));
#7534=CARTESIAN_POINT('',(0.00319847022512559,-0.111645735257005,-0.02283143597596));
#7535=CARTESIAN_POINT('',(0.0028001658757571,-0.109122332592696,-0.0248314359759623));
#7536=CARTESIAN_POINT('',(0.00442208806029607,-0.110312623198472,-0.0248314359759683));
#7537=CARTESIAN_POINT('',(0.00442208808235899,-0.110312623243293,-0.0228314359759636));
#7538=CARTESIAN_POINT('',(0.00376399292675242,-0.107650924138664,-0.0248314359759623));
#7539=CARTESIAN_POINT('',(0.00550096787005922,-0.108645585078053,-0.0248314359759603));
#7540=CARTESIAN_POINT('',(0.0055009678625635,-0.108645585062825,-0.0228314359759619));
#7541=CARTESIAN_POINT('',(0.00473925708441796,-0.105752142151619,-0.0248314359759623));
#7542=CARTESIAN_POINT('',(0.00655498926920661,-0.106595337123858,-0.0248314359759628));
#7543=CARTESIAN_POINT('',(0.00655498927121485,-0.106595337127938,-0.0228314359759624));
#7544=CARTESIAN_POINT('',(0.00557075254347475,-0.1038166259637,-0.0248314359759623));
#7545=CARTESIAN_POINT('',(0.00742812440926886,-0.104559915774827,-0.0248314359759621));
#7546=CARTESIAN_POINT('',(0.00742812440873161,-0.104559915773736,-0.0228314359759623));
#7547=CARTESIAN_POINT('',(0.00630834379952255,-0.101846231334877,-0.0248314359759623));
#7548=CARTESIAN_POINT('',(0.00819601197508883,-0.102508583260383,-0.0248314359759623));
#7549=CARTESIAN_POINT('',(0.00819601197522958,-0.102508583260669,-0.0228314359759623));
#7550=CARTESIAN_POINT('',(0.00719350426670342,-0.0991867226996699,-0.0248314359759623));
#7551=CARTESIAN_POINT('',(0.00910730397698028,-0.0997696266172154,-0.0248314359759623));
#7552=CARTESIAN_POINT('',(0.00910730397689902,-0.0997696266170503,-0.0228314359759623));
#7553=CARTESIAN_POINT('',(0.00815394695758606,-0.0958139971241774,-0.0248314359759623));
#7554=CARTESIAN_POINT('',(0.0100903667257166,-0.0963169851490752,-0.0248314359759623));
#7555=CARTESIAN_POINT('',(0.0100903667257442,-0.0963169851491314,-0.0228314359759623));
#7556=CARTESIAN_POINT('',(0.00913083146750623,-0.0917011183255586,-0.0248314359759623));
#7557=CARTESIAN_POINT('',(0.0110863582608498,-0.0921228882109871,-0.0248314359759623));
#7558=CARTESIAN_POINT('',(0.0110863582608423,-0.092122888210972,-0.0228314359759623));
#7559=CARTESIAN_POINT('',(0.00994030819050558,-0.0875719696597082,-0.0248314359759623));
#7560=CARTESIAN_POINT('',(0.0119099263259389,-0.0879217078050153,-0.0248314359759622));
#7561=CARTESIAN_POINT('',(0.011909926325941,-0.0879217078050195,-0.0228314359759623));
#7562=CARTESIAN_POINT('',(0.0105988698837397,-0.0834288177720594,-0.0248314359759623));
#7563=CARTESIAN_POINT('',(0.0125799516928444,-0.0837066323092224,-0.0248314359759628));
#7564=CARTESIAN_POINT('',(0.0125799516928436,-0.0837066323092204,-0.0228314359759624));
#7565=CARTESIAN_POINT('',(0.0112710656408271,-0.0778838197032092,-0.0248314359759623));
#7566=CARTESIAN_POINT('',(0.0132640649912342,-0.0780628765773697,-0.0248314359759594));
#7567=CARTESIAN_POINT('',(0.0132640649912363,-0.0780628765773756,-0.0228314359759618));
#7568=CARTESIAN_POINT('',(0.0117201009752484,-0.0709239490379499,-0.0248314359759623));
#7569=CARTESIAN_POINT('',(0.0137225185278998,-0.0709707690017496,-0.0248314359759857));
#7570=CARTESIAN_POINT('',(0.0137225185278853,-0.0709707690017075,-0.0228314359759663));
#7571=CARTESIAN_POINT('',(0.0114948632105911,-0.0624605025782394,-0.0248314359759623));
#7572=CARTESIAN_POINT('',(0.0134918285338588,-0.0623000223435179,-0.0248314359758769));
#7573=CARTESIAN_POINT('',(0.0134918285339114,-0.0623000223436711,-0.0228314359759477));
#7574=CARTESIAN_POINT('',(0.0104224448186944,-0.054097667705343,-0.0248314359759623));
#7575=CARTESIAN_POINT('',(0.0123956683115977,-0.0537575618617503,-0.0248314359762804));
#7576=CARTESIAN_POINT('',(0.0123956683114016,-0.0537575618611797,-0.0228314359760168));
#7577=CARTESIAN_POINT('',(0.00923611958434471,-0.0486045315767004,-0.0248314359759623));
#7578=CARTESIAN_POINT('',(0.0111852290532505,-0.048151230430371,-0.024831435975277));
#7579=CARTESIAN_POINT('',(0.0111852290536729,-0.0481512304316002,-0.0228314359758449));
#7580=CARTESIAN_POINT('',(0.00850507535144076,-0.0458791948976978,-0.0248314359759623));
#7581=CARTESIAN_POINT('',(0.0104367865076345,-0.0453610327521905,-0.0248314359759623));
#7582=CARTESIAN_POINT('',(0.0104367865076345,-0.0453610327521905,-0.0228314359759623));
#7583=CARTESIAN_POINT('',(0.00181981692029,-0.112559196261718,-0.0228314359759623));
#7584=CARTESIAN_POINT('',(0.00181981692029,-0.112559196261718,-0.0233550347515606));
#7585=CARTESIAN_POINT('',(0.00162849842556187,-0.112170340566172,-0.0243980637129093));
#7586=CARTESIAN_POINT('',(0.00116803810574969,-0.111234452908336,-0.0248314359759623));
#7587=CARTESIAN_POINT('',(0.000936887803505446,-0.110764638886003,-0.0248314359759623));
#7588=CARTESIAN_POINT('',(0.00350930788358404,-0.0388417913873474,-0.0228314359759623));
#7589=CARTESIAN_POINT('',(0.00305939661645788,-0.0338620745428157,-0.0228314359759623));
#7590=CARTESIAN_POINT('',(-0.000936887802110483,-0.110764638891171,-0.0248314359759623));
#7591=CARTESIAN_POINT('',(-0.0018198169289204,-0.112559196261954,-0.0248314359759623));
#7592=CARTESIAN_POINT('',(-0.0018198169289204,-0.112559196261954,-0.0228314359759623));
#7593=CARTESIAN_POINT('',(-0.000863201322065531,-0.110800892931354,-0.0248314359759623));
#7594=CARTESIAN_POINT('',(-0.00171943038009714,-0.112608586848332,-0.0248314359759581));
#7595=CARTESIAN_POINT('',(-0.00171943037281854,-0.11260858683356,-0.0228314359759623));
#7596=CARTESIAN_POINT('',(-0.000714692560344231,-0.110869968459853,-0.0248314359759623));
#7597=CARTESIAN_POINT('',(-0.00150657535158523,-0.112708136829844,-0.0248314359759643));
#7598=CARTESIAN_POINT('',(-0.00150657535496401,-0.1127081368367,-0.0228314359759623));
#7599=CARTESIAN_POINT('',(-0.000486574916322038,-0.110958242790508,-0.0248314359759623));
#7600=CARTESIAN_POINT('',(-0.00113213213381213,-0.112853764158079,-0.0248314359759618));
#7601=CARTESIAN_POINT('',(-0.00113213213290431,-0.112853764156242,-0.0228314359759623));
#7602=CARTESIAN_POINT('',(-0.000251675056403103,-0.111024837724766,-0.0248314359759623));
#7603=CARTESIAN_POINT('',(-0.000672528557704536,-0.112988706135035,-0.0248314359759625));
#7604=CARTESIAN_POINT('',(-0.000672528557957025,-0.112988706135531,-0.0228314359759623));
#7605=CARTESIAN_POINT('',(-4.3528447843025E-5,-0.111048842469157,-0.0248314359759623));
#7606=CARTESIAN_POINT('',(-0.000126094840497412,-0.11305771369281,-0.0248314359759623));
#7607=CARTESIAN_POINT('',(-0.000126094840454375,-0.113057713692772,-0.0228314359759623));
#7608=CARTESIAN_POINT('',(0.000120170892192106,-0.111039462442495,-0.0248314359759623));
#7609=CARTESIAN_POINT('',(0.000338469277266182,-0.113030703056765,-0.0248314359759623));
#7610=CARTESIAN_POINT('',(0.000338469277239216,-0.113030703056733,-0.0228314359759623));
#7611=CARTESIAN_POINT('',(0.000283353503869975,-0.111014974037169,-0.0248314359759623));
#7612=CARTESIAN_POINT('',(0.000713727094622819,-0.11297256406979,-0.0248314359759623));
#7613=CARTESIAN_POINT('',(0.000713727094741591,-0.112972564070018,-0.0228314359759623));
#7614=CARTESIAN_POINT('',(0.000483518773430559,-0.110959622429478,-0.0248314359759623));
#7615=CARTESIAN_POINT('',(0.00113404829588227,-0.112854881122973,-0.0248314359759626));
#7616=CARTESIAN_POINT('',(0.00113404829494811,-0.112854881121078,-0.0228314359759624));
#7617=CARTESIAN_POINT('',(0.000713147562955903,-0.110870582800647,-0.0248314359759623));
#7618=CARTESIAN_POINT('',(0.00150223745080447,-0.11270940450512,-0.0248314359759613));
#7619=CARTESIAN_POINT('',(0.00150223745421173,-0.112709404512047,-0.0228314359759619));
#7620=CARTESIAN_POINT('',(0.000862775109253577,-0.110801102624785,-0.0248314359759623));
#7621=CARTESIAN_POINT('',(0.00171880434478192,-0.112608894855091,-0.0248314359759643));
#7622=CARTESIAN_POINT('',(0.00171880433745442,-0.112608894840191,-0.0228314359759632));
#7623=CARTESIAN_POINT('',(0.000936887803507375,-0.110764638886009,-0.0248314359759623));
#7624=CARTESIAN_POINT('',(0.00181981692029264,-0.112559196261724,-0.0248314359759623));
#7625=CARTESIAN_POINT('',(0.00181981692029264,-0.112559196261724,-0.0228314359759623));
#7626=CARTESIAN_POINT('',(-0.00181981692892032,-0.112559196261954,-0.0228314359759623));
#7627=CARTESIAN_POINT('',(-0.00181981692892032,-0.112559196261954,-0.0233550347515606));
#7628=CARTESIAN_POINT('',(-0.00162849843201984,-0.112170340567477,-0.0243980637129093));
#7629=CARTESIAN_POINT('',(-0.00116803810697934,-0.111234452912213,-0.0248314359759623));
#7630=CARTESIAN_POINT('',(-0.000936887802110483,-0.110764638891171,-0.0248314359759623));
#7631=CARTESIAN_POINT('',(-6.93889390390723E-18,0.,-0.0228314359759623));
#7632=CARTESIAN_POINT('',(-0.00305951428341406,-0.0338620639115454,-0.0228314359759623));
#7633=CARTESIAN_POINT('',(-0.00850507535066609,-0.0458791948943969,-0.0248314359759623));
#7634=CARTESIAN_POINT('',(-0.0104367865069738,-0.0453610327493145,-0.0248314359759623));
#7635=CARTESIAN_POINT('',(-0.0104367865069738,-0.0453610327493145,-0.0228314359759623));
#7636=CARTESIAN_POINT('',(-0.00923436158913796,-0.0485979777638453,-0.0248314359759623));
#7637=CARTESIAN_POINT('',(-0.0111835070427846,-0.048144810768372,-0.0248314359749333));
#7638=CARTESIAN_POINT('',(-0.0111835070434508,-0.0481448107706275,-0.0228314359759623));
#7639=CARTESIAN_POINT('',(-0.0104177449524445,-0.0540768359147865,-0.0248314359759623));
#7640=CARTESIAN_POINT('',(-0.0123908485308291,-0.0537362589957677,-0.0248314359764399));
#7641=CARTESIAN_POINT('',(-0.0123908485305199,-0.0537362589947208,-0.0228314359759623));
#7642=CARTESIAN_POINT('',(-0.0114884291477957,-0.062394700254847,-0.0248314359759623));
#7643=CARTESIAN_POINT('',(-0.0134852467065861,-0.0622326793877528,-0.0248314359758341));
#7644=CARTESIAN_POINT('',(-0.0134852467066691,-0.0622326793880338,-0.0228314359759623));
#7645=CARTESIAN_POINT('',(-0.011722487217722,-0.0708509368258493,-0.0248314359759623));
#7646=CARTESIAN_POINT('',(-0.013724966620061,-0.0708961233475883,-0.0248314359759974));
#7647=CARTESIAN_POINT('',(-0.0137249666200383,-0.0708961233475114,-0.0228314359759623));
#7648=CARTESIAN_POINT('',(-0.0112750434652405,-0.077844846562747,-0.0248314359759623));
#7649=CARTESIAN_POINT('',(-0.0132681046102266,-0.078023283210047,-0.024831435975958));
#7650=CARTESIAN_POINT('',(-0.0132681046102293,-0.0780232832100564,-0.0228314359759623));
#7651=CARTESIAN_POINT('',(-0.0106001915874059,-0.08342547646618,-0.0248314359759623));
#7652=CARTESIAN_POINT('',(-0.0125813311752955,-0.0837029551381495,-0.0248314359759631));
#7653=CARTESIAN_POINT('',(-0.0125813311752951,-0.083702955138148,-0.0228314359759623));
#7654=CARTESIAN_POINT('',(-0.00993654740802615,-0.0875939186329889,-0.0248314359759623));
#7655=CARTESIAN_POINT('',(-0.0119060343556309,-0.0879444016677601,-0.0248314359759621));
#7656=CARTESIAN_POINT('',(-0.0119060343556306,-0.0879444016677595,-0.0228314359759623));
#7657=CARTESIAN_POINT('',(-0.00912479541772856,-0.0917291332844656,-0.0248314359759623));
#7658=CARTESIAN_POINT('',(-0.0110802586886165,-0.0921512440549252,-0.0248314359759624));
#7659=CARTESIAN_POINT('',(-0.0110802586886184,-0.0921512440549288,-0.0228314359759623));
#7660=CARTESIAN_POINT('',(-0.00814797548920811,-0.0958365839916712,-0.0248314359759623));
#7661=CARTESIAN_POINT('',(-0.0100841519351893,-0.0963403645585909,-0.0248314359759623));
#7662=CARTESIAN_POINT('',(-0.0100841519351823,-0.0963403645585767,-0.0228314359759623));
#7663=CARTESIAN_POINT('',(-0.00718477074227361,-0.0992168256716938,-0.0248314359759623));
#7664=CARTESIAN_POINT('',(-0.00909869703070856,-0.0997996023257355,-0.0248314359759623));
#7665=CARTESIAN_POINT('',(-0.00909869703072921,-0.0997996023257774,-0.0228314359759623));
#7666=CARTESIAN_POINT('',(-0.00629407200228455,-0.101885897222747,-0.0248314359759623));
#7667=CARTESIAN_POINT('',(-0.00818065737282715,-0.102551169381084,-0.0248314359759623));
#7668=CARTESIAN_POINT('',(-0.00818065737279139,-0.102551169381011,-0.0228314359759623));
#7669=CARTESIAN_POINT('',(-0.00555224222386988,-0.103862607711325,-0.0248314359759623));
#7670=CARTESIAN_POINT('',(-0.00740958873769877,-0.104606394632396,-0.0248314359759623));
#7671=CARTESIAN_POINT('',(-0.00740958873783531,-0.104606394632673,-0.0228314359759623));
#7672=CARTESIAN_POINT('',(-0.00471696977708146,-0.105798388321091,-0.0248314359759623));
#7673=CARTESIAN_POINT('',(-0.0065306553889109,-0.106644697155742,-0.0248314359759623));
#7674=CARTESIAN_POINT('',(-0.00653065538840049,-0.106644697154705,-0.0228314359759623));
#7675=CARTESIAN_POINT('',(-0.00391057295354857,-0.10736627338254,-0.0248314359759623));
#7676=CARTESIAN_POINT('',(-0.0056603544943334,-0.108339876909498,-0.0248314359759623));
#7677=CARTESIAN_POINT('',(-0.00566035449583594,-0.108339876912552,-0.0228314359759622));
#7678=CARTESIAN_POINT('',(-0.00316796989588433,-0.108554303845156,-0.0248314359759623));
#7679=CARTESIAN_POINT('',(-0.0048312925214762,-0.109667761828068,-0.0248314359759623));
#7680=CARTESIAN_POINT('',(-0.00483129251887371,-0.109667761822779,-0.0228314359759624));
#7681=CARTESIAN_POINT('',(-0.00254531818218424,-0.109403961753444,-0.0248314359759623));
#7682=CARTESIAN_POINT('',(-0.0040997866484325,-0.110670409452948,-0.0248314359759624));
#7683=CARTESIAN_POINT('',(-0.00409978665836625,-0.110670409473136,-0.0228314359759621));
#7684=CARTESIAN_POINT('',(-0.00181940821496872,-0.110185434743501,-0.0248314359759623));
#7685=CARTESIAN_POINT('',(-0.00318327089932733,-0.111656603000345,-0.0248314359759619));
#7686=CARTESIAN_POINT('',(-0.00318327086219482,-0.11165660292488,-0.0228314359759632));
#7687=CARTESIAN_POINT('',(-0.00125958581556581,-0.110605870159802,-0.0248314359759623));
#7688=CARTESIAN_POINT('',(-0.00238733190149851,-0.112279976511255,-0.0248314359759632));
#7689=CARTESIAN_POINT('',(-0.00238733198151853,-0.112279976673882,-0.0228314359759604));
#7690=CARTESIAN_POINT('',(-0.000936887802107525,-0.110764638891173,-0.0248314359759623));
#7691=CARTESIAN_POINT('',(-0.00181981692891878,-0.112559196261955,-0.0248314359759623));
#7692=CARTESIAN_POINT('',(-0.00181981692891878,-0.112559196261955,-0.0228314359759623));
#7693=CARTESIAN_POINT('',(-0.0104367865069738,-0.0453610327493145,-0.0228314359759623));
#7694=CARTESIAN_POINT('',(-0.0104367865069738,-0.0453610327493145,-0.0233550347515606));
#7695=CARTESIAN_POINT('',(-0.010018211489287,-0.0454733113000359,-0.0243980637129093));
#7696=CARTESIAN_POINT('',(-0.00901079614879224,-0.0457435403620336,-0.0248314359759623));
#7697=CARTESIAN_POINT('',(-0.00850507535066609,-0.0458791948943969,-0.0248314359759623));
#7698=CARTESIAN_POINT('',(-0.00350944285450436,-0.038841779192655,-0.0228314359759623));
#7699=CARTESIAN_POINT('',(-0.00842248856645973,-0.0397702089596471,-0.0228314359759623));
#7700=CARTESIAN_POINT('',(-0.00842248856639101,-0.0397702089600108,-0.0248314359759623));
#7701=CARTESIAN_POINT('',(-0.0103877068511801,-0.0401415808667709,-0.0248314359759623));
#7702=CARTESIAN_POINT('',(-0.0103877068511801,-0.0401415808667709,-0.0228314359759623));
#7703=CARTESIAN_POINT('',(-0.00823067093851236,-0.0407852655626847,-0.0248314359759623));
#7704=CARTESIAN_POINT('',(-0.010215188033786,-0.0410545124211268,-0.0248314359760079));
#7705=CARTESIAN_POINT('',(-0.0102151880349457,-0.0410545124212651,-0.0228314359759587));
#7706=CARTESIAN_POINT('',(-0.0080049212385931,-0.0428130545256418,-0.0248314359759623));
#7707=CARTESIAN_POINT('',(-0.0100216307563696,-0.0428435338978918,-0.024831435975951));
#7708=CARTESIAN_POINT('',(-0.0100216307561473,-0.0428435338976799,-0.0228314359759587));
#7709=CARTESIAN_POINT('',(-0.00823564598129926,-0.0448747608068307,-0.0248314359759623));
#7710=CARTESIAN_POINT('',(-0.0102177098468313,-0.0445443138244961,-0.0248314359759393));
#7711=CARTESIAN_POINT('',(-0.010217709846116,-0.0445443138247816,-0.0228314359759731));
#7712=CARTESIAN_POINT('',(-0.00850507535066608,-0.0458791948943975,-0.0248314359759623));
#7713=CARTESIAN_POINT('',(-0.0104367865069738,-0.0453610327493152,-0.0248314359759623));
#7714=CARTESIAN_POINT('',(-0.0104367865069738,-0.0453610327493152,-0.0228314359759623));
#7715=CARTESIAN_POINT('',(-0.027321013633677,0.0590340988624419,0.0848721628152012));
#7716=CARTESIAN_POINT('',(0.007093836371045,0.0688100817368441,0.0455224080422581));
#7717=CARTESIAN_POINT('',(0.007093836371045,0.0547958768372097,0.053287076777571));
#7718=CARTESIAN_POINT('',(0.00806929514024536,0.0685719488694312,0.0450926095652047));
#7719=CARTESIAN_POINT('',(0.00806929514024536,0.0545577439697969,0.0528572783005177));
#7720=CARTESIAN_POINT('',(0.0100273765853127,0.0680692401126938,0.0441852864375974));
#7721=CARTESIAN_POINT('',(0.0100273765853127,0.0540550352130594,0.0519499551729103));
#7722=CARTESIAN_POINT('',(0.0131097879866115,0.0674980780844501,0.0431544141663446));
#7723=CARTESIAN_POINT('',(0.0131097879866115,0.0534838731848158,0.0509190829016576));
#7724=CARTESIAN_POINT('',(0.0163788139746533,0.067225553931509,0.0426625439462995));
#7725=CARTESIAN_POINT('',(0.0163788139746533,0.0532113490318747,0.0504272126816125));
#7726=CARTESIAN_POINT('',(0.0185436041713643,0.0670243345258918,0.0422993694083728));
#7727=CARTESIAN_POINT('',(0.0185436041713643,0.0530101296262575,0.0500640381436857));
#7728=CARTESIAN_POINT('',(0.019593836371045,0.066875231548271,0.0420302581621942));
#7729=CARTESIAN_POINT('',(0.019593836371045,0.0528610266486366,0.0497949268975071));
#7730=CARTESIAN_POINT('',(0.007093836371045,0.0687269935655024,0.0455684436276453));
#7731=CARTESIAN_POINT('',(0.0080772336480973,0.068486922718036,0.0451351473517176));
#7732=CARTESIAN_POINT('',(0.0100280018897266,0.0679571839158948,0.0442474586536443));
#7733=CARTESIAN_POINT('',(0.0131047683734955,0.0672913515442315,0.0432707467596675));
#7734=CARTESIAN_POINT('',(0.0163722125065654,0.0669560394497606,0.0428125448868304));
#7735=CARTESIAN_POINT('',(0.0185342568509929,0.0667058573152233,0.0424789543635367));
#7736=CARTESIAN_POINT('',(0.019593836371045,0.0665115058216007,0.0422317829578092));
#7737=CARTESIAN_POINT('',(0.007093836371045,0.0687269935655024,0.0455684436276453));
#7738=CARTESIAN_POINT('',(0.019593836371045,0.0665115058216007,0.0422317829578092));
#7739=CARTESIAN_POINT('',(0.007093836371045,0.0687269935655024,0.0455684436276453));
#7740=CARTESIAN_POINT('',(0.007093836371045,0.0556062960794657,0.0528380582996833));
#7741=CARTESIAN_POINT('',(0.007093836371045,0.0556062960794659,0.0528380582996838));
#7742=CARTESIAN_POINT('',(0.00807954664629705,0.0553656605736961,0.0524037428898521));
#7743=CARTESIAN_POINT('',(0.0100266289227263,0.0547933244500566,0.0515407313309103));
#7744=CARTESIAN_POINT('',(0.0131221889159075,0.0539765820950239,0.0506423503004341));
#7745=CARTESIAN_POINT('',(0.0163802172470404,0.0535438272187947,0.0502428530568239));
#7746=CARTESIAN_POINT('',(0.018540268317988,0.0532112456655517,0.049953725565809));
#7747=CARTESIAN_POINT('',(0.019593836371045,0.0529441148199784,0.0497488913121199));
#7748=CARTESIAN_POINT('',(0.019593836371045,0.0529441148199784,0.0497488913121199));
#7749=CARTESIAN_POINT('',(0.019593836371045,0.0667921433769293,0.0420762937475814));
#7750=CARTESIAN_POINT('',(0.019593836371045,0.066875231548271,0.0420302581621942));
#7751=CARTESIAN_POINT('',(0.019593836371045,0.0528610266486366,0.0497949268975071));
#7752=CARTESIAN_POINT('',(0.017381177000006,0.0669798077188773,0.0422190043833729));
#7753=CARTESIAN_POINT('',(0.017381177000006,0.0529656028192429,0.0499836731186858));
#7754=CARTESIAN_POINT('',(0.0129120683325996,0.0671578094414202,0.0425402740598059));
#7755=CARTESIAN_POINT('',(0.0129120683325996,0.0531436045417858,0.0503049427951189));
#7756=CARTESIAN_POINT('',(0.00875869805557911,0.0680752034027904,0.0441960493911938));
#7757=CARTESIAN_POINT('',(0.00875869805557911,0.0540609985031561,0.0519607181265068));
#7758=CARTESIAN_POINT('',(0.007093836371045,0.0688100817368441,0.0455224080422581));
#7759=CARTESIAN_POINT('',(0.007093836371045,0.0547958768372098,0.053287076777571));
#7760=CARTESIAN_POINT('',(0.019593836371045,0.0665115058216007,0.0422317829578092));
#7761=CARTESIAN_POINT('',(0.0173689768312863,0.0666473603476111,0.0424045593720396));
#7762=CARTESIAN_POINT('',(0.0139898205710682,0.066830444234781,0.0426277364578919));
#7763=CARTESIAN_POINT('',(0.00980306343054771,0.0677058991249072,0.0438600792088095));
#7764=CARTESIAN_POINT('',(0.00792654721091889,0.0683594308061215,0.0449050412341842));
#7765=CARTESIAN_POINT('',(0.007093836371045,0.0687269935655024,0.0455684436276453));
#7766=CARTESIAN_POINT('',(0.019593836371045,0.0529441148199784,0.0497488913121199));
#7767=CARTESIAN_POINT('',(0.0173694025277395,0.0531318726796233,0.0498928628589927));
#7768=CARTESIAN_POINT('',(0.0140005371644272,0.0533901626673259,0.0500712959680308));
#7769=CARTESIAN_POINT('',(0.00980209693994951,0.0545000188103384,0.0511769551208738));
#7770=CARTESIAN_POINT('',(0.0079271329011318,0.0552384747934744,0.0521741892997239));
#7771=CARTESIAN_POINT('',(0.007093836371045,0.0556062960794657,0.0528380582996833));
#7772=CARTESIAN_POINT('',(0.019593836371045,0.0721610564525261,0.055336811576465));
#7773=CARTESIAN_POINT('',(0.019593836371045,0.0561736602185571,0.0542922153883825));
#7774=CARTESIAN_POINT('',(0.017381177000006,0.0721469876141889,0.055552133148203));
#7775=CARTESIAN_POINT('',(0.017381177000006,0.0561595913802199,0.0545075369601205));
#7776=CARTESIAN_POINT('',(0.0129120683325996,0.0721230406916375,0.055918637395278));
#7777=CARTESIAN_POINT('',(0.0129120683325996,0.0561356444576685,0.0548740412071955));
#7778=CARTESIAN_POINT('',(0.00875869805557911,0.071999621873954,0.0578075448635867));
#7779=CARTESIAN_POINT('',(0.00875869805557911,0.056012225639985,0.0567629486755042));
#7780=CARTESIAN_POINT('',(0.007093836371045,0.0719007572433271,0.059320653987849));
#7781=CARTESIAN_POINT('',(0.007093836371045,0.0559133610093581,0.0582760577997665));
#7782=CARTESIAN_POINT('',(0.019593836371045,0.0717461183697442,0.0553097000485326));
#7783=CARTESIAN_POINT('',(0.0173689768312862,0.071766996487875,0.055528497319391));
#7784=CARTESIAN_POINT('',(0.0139898205710682,0.0718003578126285,0.0558152284537338));
#7785=CARTESIAN_POINT('',(0.00980306343054768,0.0718705825395401,0.0573252477940454));
#7786=CARTESIAN_POINT('',(0.00792654721091886,0.07185541925157,0.0585576516919311));
#7787=CARTESIAN_POINT('',(0.007093836371045,0.0718059703091336,0.0593144607298169));
#7788=CARTESIAN_POINT('',(0.019593836371045,0.0717461183697442,0.0553097000485326));
#7789=CARTESIAN_POINT('',(0.007093836371045,0.0718059703091336,0.0593144607298169));
#7790=CARTESIAN_POINT('',(0.019593836371045,0.0720662695183326,0.0553306183184329));
#7791=CARTESIAN_POINT('',(0.019593836371045,0.0562684471527506,0.0542984086464146));
#7792=CARTESIAN_POINT('',(0.019593836371045,0.0562684471527506,0.0542984086464146));
#7793=CARTESIAN_POINT('',(0.0173694025277395,0.056348562220702,0.0545210347815706));
#7794=CARTESIAN_POINT('',(0.0140005371644272,0.0564693813634204,0.0548107843750152));
#7795=CARTESIAN_POINT('',(0.00980209693994946,0.0568052872964436,0.0563409575758678));
#7796=CARTESIAN_POINT('',(0.00792713290113177,0.056887370499449,0.0575791237982631));
#7797=CARTESIAN_POINT('',(0.007093836371045,0.0568378867769182,0.058336465140552));
#7798=CARTESIAN_POINT('',(0.007093836371045,0.0568378867769182,0.058336465140552));
#7799=CARTESIAN_POINT('',(0.007093836371045,0.0718059703091336,0.0593144607298169));
#7800=CARTESIAN_POINT('',(0.007093836371045,0.0719007572433271,0.059320653987849));
#7801=CARTESIAN_POINT('',(0.007093836371045,0.055913361009358,0.0582760577997665));
#7802=CARTESIAN_POINT('',(0.00806929514024536,0.0719327937273081,0.0588303401525212));
#7803=CARTESIAN_POINT('',(0.00806929514024536,0.055945397493339,0.0577857439644387));
#7804=CARTESIAN_POINT('',(0.0100273765853127,0.0720004241271235,0.0577952664928175));
#7805=CARTESIAN_POINT('',(0.0100273765853127,0.0560130278931545,0.056750670304735));
#7806=CARTESIAN_POINT('',(0.0131097879866115,0.0720772636804669,0.0566192480468791));
#7807=CARTESIAN_POINT('',(0.0131097879866115,0.0560898674464979,0.0555746518587966));
#7808=CARTESIAN_POINT('',(0.0163788139746533,0.0721139268918707,0.0560581228057494));
#7809=CARTESIAN_POINT('',(0.0163788139746533,0.0561265306579016,0.0550135266176669));
#7810=CARTESIAN_POINT('',(0.0185436041713643,0.0721409973350848,0.0556438135187434));
#7811=CARTESIAN_POINT('',(0.0185436041713643,0.0561536011011158,0.0545992173306609));
#7812=CARTESIAN_POINT('',(0.019593836371045,0.0721610564525261,0.055336811576465));
#7813=CARTESIAN_POINT('',(0.019593836371045,0.056173660218557,0.0542922153883825));
#7814=CARTESIAN_POINT('',(0.007093836371045,0.0718059703091336,0.0593144607298169));
#7815=CARTESIAN_POINT('',(0.00807723364809727,0.0718382675133907,0.0588201566077086));
#7816=CARTESIAN_POINT('',(0.0100280018897265,0.0718725436179842,0.0577869869353726));
#7817=CARTESIAN_POINT('',(0.0131047683734955,0.0718404600998272,0.0566053484463019));
#7818=CARTESIAN_POINT('',(0.0163722125065654,0.071806100250843,0.0560386010971704));
#7819=CARTESIAN_POINT('',(0.0185342568509929,0.0717759862995211,0.0556227082172014));
#7820=CARTESIAN_POINT('',(0.019593836371045,0.0717461183697442,0.0553097000485325));
#7821=CARTESIAN_POINT('',(0.007093836371045,0.0568378867769182,0.058336465140552));
#7822=CARTESIAN_POINT('',(0.00807954664629703,0.0568702599457697,0.0578409983911198));
#7823=CARTESIAN_POINT('',(0.0100266289227263,0.0568553594344909,0.0568055585985428));
#7824=CARTESIAN_POINT('',(0.0131221889159075,0.0566539734976101,0.0556082281283504));
#7825=CARTESIAN_POINT('',(0.0163802172470404,0.056505901445489,0.0550381847107646));
#7826=CARTESIAN_POINT('',(0.018540268317988,0.0563824301619599,0.0546151480246937));
#7827=CARTESIAN_POINT('',(0.019593836371045,0.0562684471527506,0.0542984086464146));
#7828=CARTESIAN_POINT('',(0.019593836371045,0.0694137094117497,0.0693887293431911));
#7829=CARTESIAN_POINT('',(0.019593836371045,0.0565290071861874,0.0598665201406652));
#7830=CARTESIAN_POINT('',(0.017381177000006,0.0692854623212354,0.0695622631878511));
#7831=CARTESIAN_POINT('',(0.017381177000006,0.056400760095673,0.0600400539853252));
#7832=CARTESIAN_POINT('',(0.0129120683325996,0.0690671697322991,0.0698576394967169));
#7833=CARTESIAN_POINT('',(0.0129120683325996,0.0561824675067368,0.060335430294191));
#7834=CARTESIAN_POINT('',(0.00875869805557911,0.0679421227381406,0.0713799643271411));
#7835=CARTESIAN_POINT('',(0.00875869805557911,0.0550574205125782,0.0618577551246152));
#7836=CARTESIAN_POINT('',(0.007093836371045,0.0670409039645129,0.0725994224687661));
#7837=CARTESIAN_POINT('',(0.007093836371045,0.0541562017389506,0.0630772132662402));
#7838=CARTESIAN_POINT('',(0.019593836371045,0.0690792988823271,0.0691415892102688));
#7839=CARTESIAN_POINT('',(0.0173689768312862,0.0689785719375896,0.0693369407502054));
#7840=CARTESIAN_POINT('',(0.0139898205710682,0.0688516187150373,0.0695961908238302));
#7841=CARTESIAN_POINT('',(0.00980306343054771,0.068094317424124,0.0709044662822738));
#7842=CARTESIAN_POINT('',(0.00792654721091888,0.0674152734037614,0.0719330325228416));
#7843=CARTESIAN_POINT('',(0.007093836371045,0.0669645124493416,0.0725429666829804));
#7844=CARTESIAN_POINT('',(0.019593836371045,0.0690792988823271,0.0691415892102688));
#7845=CARTESIAN_POINT('',(0.007093836371045,0.0669645124493416,0.0725429666829804));
#7846=CARTESIAN_POINT('',(0.019593836371045,0.0693373178965784,0.0693322735574054));
#7847=CARTESIAN_POINT('',(0.019593836371045,0.0566053987013587,0.0599229759264509));
#7848=CARTESIAN_POINT('',(0.019593836371045,0.0566053987013587,0.0599229759264509));
#7849=CARTESIAN_POINT('',(0.0173694025277395,0.0565524350096081,0.0601535744249792));
#7850=CARTESIAN_POINT('',(0.0140005371644272,0.0564974240831962,0.0604626470541844));
#7851=CARTESIAN_POINT('',(0.00980209693994947,0.0559527320458934,0.0619315151234631));
#7852=CARTESIAN_POINT('',(0.00792713290113179,0.0553523816317861,0.0630175043622576));
#7853=CARTESIAN_POINT('',(0.007093836371045,0.0549013036330014,0.0636278675218174));
#7854=CARTESIAN_POINT('',(0.007093836371045,0.0549013036330014,0.0636278675218174));
#7855=CARTESIAN_POINT('',(0.007093836371045,0.0669645124493416,0.0725429666829804));
#7856=CARTESIAN_POINT('',(0.007093836371045,0.0670409039645129,0.0725994224687661));
#7857=CARTESIAN_POINT('',(0.007093836371045,0.0541562017389506,0.0630772132662402));
#7858=CARTESIAN_POINT('',(0.00806929514024536,0.0673329384425829,0.0722042644534886));
#7859=CARTESIAN_POINT('',(0.00806929514024536,0.0544482362170205,0.0626820552509627));
#7860=CARTESIAN_POINT('',(0.0100273765853127,0.0679494358248634,0.0713700688351634));
#7861=CARTESIAN_POINT('',(0.0100273765853127,0.0550647335993011,0.0618478596326375));
#7862=CARTESIAN_POINT('',(0.0131097879866115,0.0686498809445296,0.0704222817617756));
#7863=CARTESIAN_POINT('',(0.0131097879866115,0.0557651787189673,0.0609000725592497));
#7864=CARTESIAN_POINT('',(0.0163788139746533,0.0689840912097074,0.0699700547988982));
#7865=CARTESIAN_POINT('',(0.0163788139746533,0.056099388984145,0.0604478455963723));
#7866=CARTESIAN_POINT('',(0.0185436041713643,0.0692308568273029,0.0696361510340679));
#7867=CARTESIAN_POINT('',(0.0185436041713643,0.0563461546017406,0.060113941831542));
#7868=CARTESIAN_POINT('',(0.019593836371045,0.0694137094117497,0.0693887293431911));
#7869=CARTESIAN_POINT('',(0.019593836371045,0.0565290071861874,0.0598665201406652));
#7870=CARTESIAN_POINT('',(0.007093836371045,0.0669645124493416,0.0725429666829804));
#7871=CARTESIAN_POINT('',(0.00807723364809729,0.0672589235711717,0.0721445927808749));
#7872=CARTESIAN_POINT('',(0.0100280018897266,0.0678463321614749,0.0712939662052148));
#7873=CARTESIAN_POINT('',(0.0131047683734955,0.0684581837871478,0.0702825629922715));
#7874=CARTESIAN_POINT('',(0.0163722125065654,0.0687356851929276,0.0697872084457495));
#7875=CARTESIAN_POINT('',(0.0185342568509929,0.0689352003915908,0.0694210562599368));
#7876=CARTESIAN_POINT('',(0.019593836371045,0.0690792988823271,0.0691415892102688));
#7877=CARTESIAN_POINT('',(0.007093836371045,0.0549013036330012,0.0636278675218184));
#7878=CARTESIAN_POINT('',(0.00807954664629705,0.0551964072241016,0.0632285566249298));
#7879=CARTESIAN_POINT('',(0.0100266289227263,0.0557436731322323,0.0623494334167906));
#7880=CARTESIAN_POINT('',(0.0131221889159075,0.0562215822255382,0.061233297471236));
#7881=CARTESIAN_POINT('',(0.0163802172470404,0.0564052048278465,0.0606736926370236));
#7882=CARTESIAN_POINT('',(0.018540268317988,0.0565300450741456,0.0602510579146899));
#7883=CARTESIAN_POINT('',(0.019593836371045,0.0566053987013587,0.0599229759264509));
#7884=CARTESIAN_POINT('',(0.019593836371045,0.0595054536995617,0.0797246268575431));
#7885=CARTESIAN_POINT('',(0.019593836371045,0.0538142474000664,0.0647480387816605));
#7886=CARTESIAN_POINT('',(0.017381177000006,0.059303745901958,0.0798012772055772));
#7887=CARTESIAN_POINT('',(0.017381177000006,0.0536125396024627,0.0648246891296946));
#7888=CARTESIAN_POINT('',(0.0129120683325996,0.0589604140012424,0.0799317456851981));
#7889=CARTESIAN_POINT('',(0.0129120683325996,0.0532692077017471,0.0649551576093156));
#7890=CARTESIAN_POINT('',(0.00875869805557911,0.0571909333020518,0.0806041605003112));
#7891=CARTESIAN_POINT('',(0.00875869805557911,0.0514997270025565,0.0656275724244287));
#7892=CARTESIAN_POINT('',(0.007093836371045,0.0557734909783427,0.0811427983156128));
#7893=CARTESIAN_POINT('',(0.007093836371045,0.0500822846788474,0.0661662102397302));
#7894=CARTESIAN_POINT('',(0.019593836371045,0.0593577437037582,0.0793359233656251));
#7895=CARTESIAN_POINT('',(0.0173689768312862,0.0591673917894039,0.0794458064409981));
#7896=CARTESIAN_POINT('',(0.0139898205710682,0.0589204307706977,0.0795952653873023));
#7897=CARTESIAN_POINT('',(0.00980306343054767,0.0575760412709891,0.0802864287496548));
#7898=CARTESIAN_POINT('',(0.00792654721091887,0.0564487081968034,0.0807845948190262));
#7899=CARTESIAN_POINT('',(0.007093836371045,0.0557397486485038,0.0810540043151629));
#7900=CARTESIAN_POINT('',(0.019593836371045,0.0593577437037582,0.0793359233656251));
#7901=CARTESIAN_POINT('',(0.007093836371045,0.0557397486485038,0.0810540043151629));
#7902=CARTESIAN_POINT('',(0.019593836371045,0.0594717113697228,0.0796358328570932));
#7903=CARTESIAN_POINT('',(0.019593836371045,0.0538479897299053,0.0648368327821104));
#7904=CARTESIAN_POINT('',(0.019593836371045,0.0538479897299053,0.0648368327821106));
#7905=CARTESIAN_POINT('',(0.0173694025277395,0.05367876287636,0.0650021902500596));
#7906=CARTESIAN_POINT('',(0.0140005371644272,0.0534653874612652,0.0652324575390553));
#7907=CARTESIAN_POINT('',(0.00980209693994952,0.0522130333268698,0.0661736652432902));
#7908=CARTESIAN_POINT('',(0.00792713290113178,0.0511208563102555,0.0667626835883998));
#7909=CARTESIAN_POINT('',(0.007093836371045,0.0504113981126663,0.0670322825746903));
#7910=CARTESIAN_POINT('',(0.007093836371045,0.0504113981126663,0.0670322825746903));
#7911=CARTESIAN_POINT('',(0.007093836371045,0.0557397486485038,0.0810540043151629));
#7912=CARTESIAN_POINT('',(0.007093836371045,0.0557734909783427,0.0811427983156128));
#7913=CARTESIAN_POINT('',(0.007093836371045,0.0500822846788474,0.0661662102397302));
#7914=CARTESIAN_POINT('',(0.00806929514024536,0.0562328045671314,0.0809682559981829));
#7915=CARTESIAN_POINT('',(0.00806929514024536,0.0505415982676361,0.0659916679223003));
#7916=CARTESIAN_POINT('',(0.0100273765853127,0.0572024353689653,0.0805997896359099));
#7917=CARTESIAN_POINT('',(0.0100273765853127,0.05151122906947,0.0656232015600273));
#7918=CARTESIAN_POINT('',(0.0131097879866115,0.0583040996785691,0.0801811496341298));
#7919=CARTESIAN_POINT('',(0.0131097879866115,0.0526128933790738,0.0652045615582473));
#7920=CARTESIAN_POINT('',(0.0163788139746533,0.0588297475997438,0.0799813998149355));
#7921=CARTESIAN_POINT('',(0.0163788139746533,0.0531385413002485,0.0650048117390529));
#7922=CARTESIAN_POINT('',(0.0185436041713643,0.0592178620516967,0.0798339136583631));
#7923=CARTESIAN_POINT('',(0.0185436041713643,0.0535266557522014,0.0648573255824805));
#7924=CARTESIAN_POINT('',(0.019593836371045,0.0595054536995617,0.0797246268575431));
#7925=CARTESIAN_POINT('',(0.019593836371045,0.0538142474000664,0.0647480387816605));
#7926=CARTESIAN_POINT('',(0.007093836371045,0.0557397486485038,0.0810540043151629));
#7927=CARTESIAN_POINT('',(0.00807723364809728,0.0562028002369355,0.0808780415322032));
#7928=CARTESIAN_POINT('',(0.0100280018897265,0.0571568432359577,0.0804800259807508));
#7929=CARTESIAN_POINT('',(0.0131047683734955,0.0582183714374465,0.0799599714178109));
#7930=CARTESIAN_POINT('',(0.0163722125065654,0.0587196293623864,0.079693281242411));
#7931=CARTESIAN_POINT('',(0.0185342568509929,0.0590854290451663,0.0794931204826425));
#7932=CARTESIAN_POINT('',(0.019593836371045,0.0593577437037582,0.0793359233656251));
#7933=CARTESIAN_POINT('',(0.007093836371045,0.0504113981126656,0.067032282574691));
#7934=CARTESIAN_POINT('',(0.00807954664629703,0.0508755388209428,0.066855905918712));
#7935=CARTESIAN_POINT('',(0.0100266289227263,0.0518112180894484,0.0664122147020087));
#7936=CARTESIAN_POINT('',(0.0131221889159075,0.0528166894525603,0.0657316385575652));
#7937=CARTESIAN_POINT('',(0.0163802172470404,0.0532737078304805,0.0653601428876099));
#7938=CARTESIAN_POINT('',(0.018540268317988,0.0536072237104867,0.06507209366716));
#7939=CARTESIAN_POINT('',(0.019593836371045,0.0538479897299053,0.0648368327821104));
#7940=CARTESIAN_POINT('',(0.019593836371045,0.0455820904961922,0.0830629296886762));
#7941=CARTESIAN_POINT('',(0.019593836371045,0.0488912979107117,0.0673869236340151));
#7942=CARTESIAN_POINT('',(0.017381177000006,0.0453709627920392,0.083018360596169));
#7943=CARTESIAN_POINT('',(0.017381177000006,0.0486801702065586,0.0673423545415079));
#7944=CARTESIAN_POINT('',(0.0129120683325996,0.045011597032154,0.0829424984261119));
#7945=CARTESIAN_POINT('',(0.0129120683325996,0.0483208044466734,0.0672664923714507));
#7946=CARTESIAN_POINT('',(0.00875869805557911,0.0431594802473714,0.0825515162731715));
#7947=CARTESIAN_POINT('',(0.00875869805557911,0.0464686876618908,0.0668755102185104));
#7948=CARTESIAN_POINT('',(0.007093836371045,0.0416758422961895,0.0822383200616242));
#7949=CARTESIAN_POINT('',(0.007093836371045,0.0449850497107089,0.066562314006963));
#7950=CARTESIAN_POINT('',(0.019593836371045,0.0456679779140064,0.0826560734499989));
#7951=CARTESIAN_POINT('',(0.0173689768312862,0.0454484364178805,0.082645600960774));
#7952=CARTESIAN_POINT('',(0.0139898205710682,0.0451598759815164,0.0826378166203328));
#7953=CARTESIAN_POINT('',(0.00980306343054769,0.0436552324401678,0.082492428402574));
#7954=CARTESIAN_POINT('',(0.00792654721091887,0.0424375305978581,0.0823020300935968));
#7955=CARTESIAN_POINT('',(0.007093836371045,0.041695462102995,0.0821453793142644));
#7956=CARTESIAN_POINT('',(0.019593836371045,0.0456679779140064,0.0826560734499989));
#7957=CARTESIAN_POINT('',(0.007093836371045,0.0416954621029949,0.0821453793142645));
#7958=CARTESIAN_POINT('',(0.019593836371045,0.0456017103029977,0.0829699889413166));
#7959=CARTESIAN_POINT('',(0.019593836371045,0.0488716781039063,0.0674798643813748));
#7960=CARTESIAN_POINT('',(0.019593836371045,0.0488716781039062,0.0674798643813749));
#7961=CARTESIAN_POINT('',(0.0173694025277395,0.048639916418867,0.0675274809910308));
#7962=CARTESIAN_POINT('',(0.0140005371644272,0.048335921701743,0.0676058347025522));
#7963=CARTESIAN_POINT('',(0.00980209693994954,0.0467735190592143,0.0677205552459043));
#7964=CARTESIAN_POINT('',(0.00792713290113178,0.045536273925914,0.0676255935345616));
#7965=CARTESIAN_POINT('',(0.007093836371045,0.0447936834944628,0.067468832574331));
#7966=CARTESIAN_POINT('',(0.007093836371045,0.0447936834944627,0.067468832574331));
#7967=CARTESIAN_POINT('',(0.007093836371045,0.0416954621029949,0.0821453793142645));
#7968=CARTESIAN_POINT('',(0.007093836371045,0.0416758422961895,0.0822383200616242));
#7969=CARTESIAN_POINT('',(0.007093836371045,0.0449850497107089,0.066562314006963));
#7970=CARTESIAN_POINT('',(0.00806929514024536,0.0421566061766112,0.0823398093945689));
#7971=CARTESIAN_POINT('',(0.00806929514024536,0.0454658135911307,0.0666638033399077));
#7972=CARTESIAN_POINT('',(0.0100273765853127,0.0431715194695001,0.0825540577549108));
#7973=CARTESIAN_POINT('',(0.0100273765853127,0.0464807268840195,0.0668780517002497));
#7974=CARTESIAN_POINT('',(0.0131097879866115,0.0443246323347303,0.0827974800673347));
#7975=CARTESIAN_POINT('',(0.0131097879866115,0.0476338397492497,0.0671214740126736));
#7976=CARTESIAN_POINT('',(0.0163788139746533,0.0448748284109797,0.0829136265480528));
#7977=CARTESIAN_POINT('',(0.0163788139746533,0.0481840358254991,0.0672376204933917));
#7978=CARTESIAN_POINT('',(0.0185436041713643,0.0452810681010806,0.0829993838123627));
#7979=CARTESIAN_POINT('',(0.0185436041713643,0.0485902755156001,0.0673233777577016));
#7980=CARTESIAN_POINT('',(0.019593836371045,0.0455820904961922,0.0830629296886762));
#7981=CARTESIAN_POINT('',(0.019593836371045,0.0488912979107117,0.0673869236340151));
#7982=CARTESIAN_POINT('',(0.007093836371045,0.0416954621029949,0.0821453793142645));
#7983=CARTESIAN_POINT('',(0.00807723364809727,0.0421801385504673,0.0822476945907467));
#7984=CARTESIAN_POINT('',(0.0100280018897265,0.0431979140469649,0.0824286571888447));
#7985=CARTESIAN_POINT('',(0.0131047683734955,0.0443720911206965,0.0825650649251116));
#7986=CARTESIAN_POINT('',(0.0163722125065654,0.0449379597153474,0.0826117113671807));
#7987=CARTESIAN_POINT('',(0.0185342568509929,0.0453539050675783,0.0826410916604143));
#7988=CARTESIAN_POINT('',(0.019593836371045,0.0456679779140064,0.0826560734499989));
#7989=CARTESIAN_POINT('',(0.007093836371045,0.0447936834944627,0.067468832574331));
#7990=CARTESIAN_POINT('',(0.00807954664629704,0.0452794999245003,0.0675713885013171));
#7991=CARTESIAN_POINT('',(0.0100266289227263,0.0463065209968225,0.0677039981023806));
#7992=CARTESIAN_POINT('',(0.0131221889159075,0.0475203245762741,0.0676750598761878));
#7993=CARTESIAN_POINT('',(0.0163802172470404,0.048105638623954,0.0676096206208376));
#7994=CARTESIAN_POINT('',(0.018540268317988,0.0485419412022761,0.0675476104945057));
#7995=CARTESIAN_POINT('',(0.019593836371045,0.0488716781039063,0.0674798643813748));
#7996=CARTESIAN_POINT('',(0.019593836371045,0.0320641892409278,0.0783437502750266));
#7997=CARTESIAN_POINT('',(0.019593836371045,0.0433231603970943,0.0669453474025758));
#7998=CARTESIAN_POINT('',(0.017381177000006,0.0319106731845368,0.0781921121139389));
#7999=CARTESIAN_POINT('',(0.017381177000006,0.0431696443407033,0.0667937092414882));
#8000=CARTESIAN_POINT('',(0.0129120683325996,0.0316493696550885,0.0779340049971802));
#8001=CARTESIAN_POINT('',(0.0129120683325996,0.0429083408112551,0.0665356021247294));
#8002=CARTESIAN_POINT('',(0.00875869805557911,0.0303026507774505,0.076603759947197));
#8003=CARTESIAN_POINT('',(0.00875869805557911,0.041561621933617,0.0652053570747463));
#8004=CARTESIAN_POINT('',(0.007093836371045,0.0292238617654113,0.0755381672930284));
#8005=CARTESIAN_POINT('',(0.007093836371045,0.0404828329215778,0.0641397644205776));
#8006=CARTESIAN_POINT('',(0.019593836371045,0.0323564054240553,0.078047915270661));
#8007=CARTESIAN_POINT('',(0.0173689768312862,0.0321773772199715,0.0779204121581721));
#8008=CARTESIAN_POINT('',(0.0139898205710682,0.0319388332656244,0.0777578560040738));
#8009=CARTESIAN_POINT('',(0.00980306343054767,0.0307516493757109,0.0768220759380783));
#8010=CARTESIAN_POINT('',(0.00792654721091886,0.0298301904963403,0.0760035633685626));
#8011=CARTESIAN_POINT('',(0.007093836371045,0.0292906145588273,0.0754705878293577));
#8012=CARTESIAN_POINT('',(0.019593836371045,0.0323564054240553,0.078047915270661));
#8013=CARTESIAN_POINT('',(0.007093836371045,0.0292906145588273,0.0754705878293577));
#8014=CARTESIAN_POINT('',(0.019593836371045,0.0321309420343438,0.0782761708113559));
#8015=CARTESIAN_POINT('',(0.019593836371045,0.0432564076036783,0.0670129268662465));
#8016=CARTESIAN_POINT('',(0.019593836371045,0.0432564076036782,0.0670129268662465));
#8017=CARTESIAN_POINT('',(0.0173694025277395,0.0430356937845951,0.0669276846804865));
#8018=CARTESIAN_POINT('',(0.0140005371644272,0.0427375959402051,0.0668292480647463));
#8019=CARTESIAN_POINT('',(0.00980209693994952,0.0413611965891362,0.0660810584852779));
#8020=CARTESIAN_POINT('',(0.00792713290113178,0.0403716999270165,0.0653322663898668));
#8021=CARTESIAN_POINT('',(0.007093836371045,0.0398317444767957,0.0647989159803683));
#8022=CARTESIAN_POINT('',(0.007093836371045,0.0398317444767957,0.0647989159803683));
#8023=CARTESIAN_POINT('',(0.007093836371045,0.0292906145588273,0.0754705878293577));
#8024=CARTESIAN_POINT('',(0.007093836371045,0.0292238617654113,0.0755381672930284));
#8025=CARTESIAN_POINT('',(0.007093836371045,0.0404828329215778,0.0641397644205776));
#8026=CARTESIAN_POINT('',(0.00806929514024536,0.0295734368023475,0.0758834661302271));
#8027=CARTESIAN_POINT('',(0.00806929514024536,0.040832407958514,0.0644850632577764));
#8028=CARTESIAN_POINT('',(0.0100273765853127,0.0303114047868338,0.076612406872582));
#8029=CARTESIAN_POINT('',(0.0100273765853127,0.0415703759430003,0.0652140040001313));
#8030=CARTESIAN_POINT('',(0.0131097879866115,0.0311498610204859,0.0774406066349553));
#8031=CARTESIAN_POINT('',(0.0131097879866115,0.0424088321766525,0.0660422037625046));
#8032=CARTESIAN_POINT('',(0.0163788139746533,0.0315499218851006,0.0778357737286096));
#8033=CARTESIAN_POINT('',(0.0163788139746533,0.0428088930412671,0.0664373708561589));
#8034=CARTESIAN_POINT('',(0.0185436041713643,0.0318453085820949,0.0781275470883154));
#8035=CARTESIAN_POINT('',(0.0185436041713643,0.0431042797382614,0.0667291442158646));
#8036=CARTESIAN_POINT('',(0.019593836371045,0.0320641892409278,0.0783437502750266));
#8037=CARTESIAN_POINT('',(0.019593836371045,0.0433231603970943,0.0669453474025758));
#8038=CARTESIAN_POINT('',(0.007093836371045,0.0292906145588273,0.0754705878293577));
#8039=CARTESIAN_POINT('',(0.00807723364809727,0.029643034517828,0.0758186967879239));
#8040=CARTESIAN_POINT('',(0.0100280018897265,0.0304014059829209,0.0765211831892969));
#8041=CARTESIAN_POINT('',(0.0131047683734955,0.0313154390043245,0.0772707447323168));
#8042=CARTESIAN_POINT('',(0.0163722125065654,0.0317662589881212,0.077615917876086));
#8043=CARTESIAN_POINT('',(0.0185342568509929,0.0321002902993992,0.0778655111868113));
#8044=CARTESIAN_POINT('',(0.019593836371045,0.0323564054240553,0.078047915270661));
#8045=CARTESIAN_POINT('',(0.007093836371045,0.0398317444767954,0.0647989159803681));
#8046=CARTESIAN_POINT('',(0.00807954664629703,0.0401849933446712,0.0651478437081268));
#8047=CARTESIAN_POINT('',(0.0100266289227263,0.0409772842869334,0.0658146515155935));
#8048=CARTESIAN_POINT('',(0.0131221889159075,0.0420140460225745,0.0664465388900001));
#8049=CARTESIAN_POINT('',(0.0163802172470404,0.0425418226655073,0.0667079325504568));
#8050=CARTESIAN_POINT('',(0.018540268317988,0.0429423889562946,0.0668916492952108));
#8051=CARTESIAN_POINT('',(0.019593836371045,0.0432564076036783,0.0670129268662465));
#8052=CARTESIAN_POINT('',(0.019593836371045,0.0232435880693888,0.0670653947362993));
#8053=CARTESIAN_POINT('',(0.019593836371045,0.0388776791772083,0.0635635074207959));
#8054=CARTESIAN_POINT('',(0.017381177000006,0.0231964239239715,0.0668548315513526));
#8055=CARTESIAN_POINT('',(0.017381177000006,0.0388305150317909,0.0633529442358492));
#8056=CARTESIAN_POINT('',(0.0129120683325996,0.0231161446492774,0.0664964266737655));
#8057=CARTESIAN_POINT('',(0.0129120683325996,0.0387502357570968,0.0629945393582621));
#8058=CARTESIAN_POINT('',(0.00875869805557911,0.0227023974069732,0.0646492621310468));
#8059=CARTESIAN_POINT('',(0.00875869805557911,0.0383364885147926,0.0611473748155434));
#8060=CARTESIAN_POINT('',(0.007093836371045,0.0223709652230401,0.0631695911728375));
#8061=CARTESIAN_POINT('',(0.007093836371045,0.0380050563308596,0.0596677038573341));
#8062=CARTESIAN_POINT('',(0.019593836371045,0.0236493564443874,0.0669745064898615));
#8063=CARTESIAN_POINT('',(0.0173689768312862,0.0235676817221898,0.0667704540914299));
#8064=CARTESIAN_POINT('',(0.0139898205710682,0.0234548902698938,0.0665047365540338));
#8065=CARTESIAN_POINT('',(0.0098030634305477,0.0229620885282222,0.0650756681988491));
#8066=CARTESIAN_POINT('',(0.00792654721091888,0.0226294292952736,0.0638889133262827));
#8067=CARTESIAN_POINT('',(0.007093836371045,0.0224636574628098,0.0631488289950776));
#8068=CARTESIAN_POINT('',(0.019593836371045,0.0236493564443874,0.0669745064898615));
#8069=CARTESIAN_POINT('',(0.007093836371045,0.0224636574628098,0.0631488289950776));
#8070=CARTESIAN_POINT('',(0.019593836371045,0.0233362803091585,0.0670446325585394));
#8071=CARTESIAN_POINT('',(0.019593836371045,0.0387849869374386,0.0635842695985559));
#8072=CARTESIAN_POINT('',(0.019593836371045,0.0387849869374386,0.0635842695985559));
#8073=CARTESIAN_POINT('',(0.0173694025277395,0.0386453960623813,0.0633932324090663));
#8074=CARTESIAN_POINT('',(0.0140005371644272,0.0384478390500601,0.0631492583960419));
#8075=CARTESIAN_POINT('',(0.00980209693994947,0.0376944400592423,0.0617757035987795));
#8076=CARTESIAN_POINT('',(0.00792713290113179,0.0372668500670768,0.0606108173188808));
#8077=CARTESIAN_POINT('',(0.007093836371045,0.0371009616383887,0.0598702124466562));
#8078=CARTESIAN_POINT('',(0.007093836371045,0.0371009616383887,0.0598702124466562));
#8079=CARTESIAN_POINT('',(0.007093836371045,0.0224636574628098,0.0631488289950776));
#8080=CARTESIAN_POINT('',(0.007093836371045,0.0223709652230401,0.0631695911728375));
#8081=CARTESIAN_POINT('',(0.007093836371045,0.0380050563308596,0.0596677038573341));
#8082=CARTESIAN_POINT('',(0.00806929514024536,0.0224783638122426,0.0636490695732447));
#8083=CARTESIAN_POINT('',(0.00806929514024536,0.0381124549200621,0.0601471822577413));
#8084=CARTESIAN_POINT('',(0.0100273765853127,0.0227050868674846,0.0646612691623641));
#8085=CARTESIAN_POINT('',(0.0100273765853127,0.038339177975304,0.0611593818468607));
#8086=CARTESIAN_POINT('',(0.0131097879866115,0.0229626825396228,0.0658112988019129));
#8087=CARTESIAN_POINT('',(0.0131097879866115,0.0385967736474423,0.0623094114864095));
#8088=CARTESIAN_POINT('',(0.0163788139746533,0.0230855916947825,0.0663600237483855));
#8089=CARTESIAN_POINT('',(0.0163788139746533,0.038719682802602,0.0628581364328822));
#8090=CARTESIAN_POINT('',(0.0185436041713643,0.0231763422094773,0.0667651772233525));
#8091=CARTESIAN_POINT('',(0.0185436041713643,0.0388104333172967,0.0632632899078491));
#8092=CARTESIAN_POINT('',(0.019593836371045,0.0232435880693888,0.0670653947362993));
#8093=CARTESIAN_POINT('',(0.019593836371045,0.0388776791772083,0.0635635074207959));
#8094=CARTESIAN_POINT('',(0.007093836371045,0.0224636574628098,0.0631488289950776));
#8095=CARTESIAN_POINT('',(0.00807723364809728,0.0225719300864365,0.0636322095010034));
#8096=CARTESIAN_POINT('',(0.0100280018897265,0.0228301199383546,0.0646331852367471));
#8097=CARTESIAN_POINT('',(0.0131047683734955,0.0231938098813831,0.0657579200927601));
#8098=CARTESIAN_POINT('',(0.0163722125065654,0.0233864490948119,0.0662920299039593));
#8099=CARTESIAN_POINT('',(0.0185342568509929,0.0235325137839587,0.0666825921195633));
#8100=CARTESIAN_POINT('',(0.019593836371045,0.0236493564443874,0.0669745064898615));
#8101=CARTESIAN_POINT('',(0.007093836371045,0.0371009616383879,0.0598702124466554));
#8102=CARTESIAN_POINT('',(0.00807954664629704,0.0372094889244886,0.0603547298870288));
#8103=CARTESIAN_POINT('',(0.0100266289227263,0.0375155029605832,0.0613440291334676));
#8104=CARTESIAN_POINT('',(0.0131221889159074,0.0380460583267561,0.062436122331802));
#8105=CARTESIAN_POINT('',(0.0163802172470404,0.0383487322099022,0.0629413582677901));
#8106=CARTESIAN_POINT('',(0.018540268317988,0.0385863852460959,0.0633124731152511));
#8107=CARTESIAN_POINT('',(0.019593836371045,0.0387849869374386,0.0635842695985559));
#8108=CARTESIAN_POINT('',(0.019593836371045,0.0219207655301492,0.0528086612669883));
#8109=CARTESIAN_POINT('',(0.019593836371045,0.0369662631280979,0.0583151139879512));
#8110=CARTESIAN_POINT('',(0.017381177000006,0.0219949275786295,0.0526060253816346));
#8111=CARTESIAN_POINT('',(0.017381177000006,0.0370404251765783,0.0581124781025975));
#8112=CARTESIAN_POINT('',(0.0129120683325996,0.0221211606611788,0.0522611137594851));
#8113=CARTESIAN_POINT('',(0.0129120683325996,0.0371666582591275,0.057767566480448));
#8114=CARTESIAN_POINT('',(0.00875869805557911,0.0227717468802415,0.0504834914149032));
#8115=CARTESIAN_POINT('',(0.00875869805557911,0.0378172444781903,0.0559899441358661));
#8116=CARTESIAN_POINT('',(0.007093836371045,0.0232928989010256,0.0490595272270293));
#8117=CARTESIAN_POINT('',(0.007093836371045,0.0383383964989743,0.0545659799479922));
#8118=CARTESIAN_POINT('',(0.019593836371045,0.0223112575049791,0.0529515761545364));
#8119=CARTESIAN_POINT('',(0.0173689768312862,0.0223528674118792,0.0527357596648987));
#8120=CARTESIAN_POINT('',(0.0139898205710682,0.0224016389507922,0.0524512441848579));
#8121=CARTESIAN_POINT('',(0.00980306343054768,0.0227596804283726,0.0509826066459406));
#8122=CARTESIAN_POINT('',(0.00792654721091887,0.0231214377978494,0.0498043957571541));
#8123=CARTESIAN_POINT('',(0.007093836371045,0.0233821014559542,0.0490921741799204));
#8124=CARTESIAN_POINT('',(0.019593836371045,0.0223112575049791,0.0529515761545364));
#8125=CARTESIAN_POINT('',(0.007093836371045,0.0233821014559542,0.0490921741799204));
#8126=CARTESIAN_POINT('',(0.019593836371045,0.0220099680850778,0.0528413082198794));
#8127=CARTESIAN_POINT('',(0.019593836371045,0.0368770605731694,0.0582824670350601));
#8128=CARTESIAN_POINT('',(0.019593836371045,0.0368770605731693,0.05828246703506));
#8129=CARTESIAN_POINT('',(0.0173694025277395,0.0368629117586665,0.0580462877996994));
#8130=CARTESIAN_POINT('',(0.0140005371644272,0.0368286185339551,0.0577342364146884));
#8131=CARTESIAN_POINT('',(0.00980209693994952,0.0369374187597103,0.0561714103426882));
#8132=CARTESIAN_POINT('',(0.00792713290113178,0.037207492238805,0.0549602730414767));
#8133=CARTESIAN_POINT('',(0.007093836371045,0.0374683392356464,0.0542475505205934));
#8134=CARTESIAN_POINT('',(0.007093836371045,0.0374683392356464,0.0542475505205934));
#8135=CARTESIAN_POINT('',(0.007093836371045,0.0233821014559542,0.0490921741799204));
#8136=CARTESIAN_POINT('',(0.007093836371045,0.0232928989010256,0.0490595272270293));
#8137=CARTESIAN_POINT('',(0.007093836371045,0.0383383964989743,0.0545659799479922));
#8138=CARTESIAN_POINT('',(0.00806929514024536,0.0231240227492649,0.0495209541863481));
#8139=CARTESIAN_POINT('',(0.00806929514024536,0.0381695203472136,0.055027406907311));
#8140=CARTESIAN_POINT('',(0.0100273765853127,0.0227675179071716,0.0504950464045471));
#8141=CARTESIAN_POINT('',(0.0100273765853127,0.0378130155051204,0.05600149912551));
#8142=CARTESIAN_POINT('',(0.0131097879866115,0.0223624682119761,0.0516017796364361));
#8143=CARTESIAN_POINT('',(0.0131097879866115,0.0374079658099248,0.0571082323573989));
#8144=CARTESIAN_POINT('',(0.0163788139746533,0.0221692028693523,0.0521298461423271));
#8145=CARTESIAN_POINT('',(0.0163788139746533,0.037214700467301,0.05763629886329));
#8146=CARTESIAN_POINT('',(0.0185436041713643,0.0220265045545444,0.052519746366931));
#8147=CARTESIAN_POINT('',(0.0185436041713643,0.0370720021524931,0.0580261990878939));
#8148=CARTESIAN_POINT('',(0.019593836371045,0.0219207655301492,0.0528086612669883));
#8149=CARTESIAN_POINT('',(0.019593836371045,0.0369662631280979,0.0583151139879512));
#8150=CARTESIAN_POINT('',(0.007093836371045,0.0233821014559542,0.0490921741799204));
#8151=CARTESIAN_POINT('',(0.00807723364809726,0.0232118509512232,0.0495573563379778));
#8152=CARTESIAN_POINT('',(0.0100280018897265,0.0228878857362647,0.0505390186845502));
#8153=CARTESIAN_POINT('',(0.0131047683734955,0.0225857636137169,0.0516818314837688));
#8154=CARTESIAN_POINT('',(0.0163722125065654,0.0224590604676379,0.0522353018711823));
#8155=CARTESIAN_POINT('',(0.0185342568509929,0.0223707840278931,0.0526428322477911));
#8156=CARTESIAN_POINT('',(0.019593836371045,0.0223112575049791,0.0529515761545364));
#8157=CARTESIAN_POINT('',(0.007093836371045,0.0374683392356463,0.0542475505205926));
#8158=CARTESIAN_POINT('',(0.00807954664629702,0.0372976882934522,0.0547138268096988));
#8159=CARTESIAN_POINT('',(0.0100266289227263,0.0370202681291096,0.0557115219744192));
#8160=CARTESIAN_POINT('',(0.0131221889159075,0.0368761695457799,0.0569170891225724));
#8161=CARTESIAN_POINT('',(0.0163802172470404,0.0368576438498318,0.0575057584942421));
#8162=CARTESIAN_POINT('',(0.018540268317988,0.0368569304716165,0.0579464451025133));
#8163=CARTESIAN_POINT('',(0.019593836371045,0.0368770605731694,0.0582824670350601));
#8164=CARTESIAN_POINT('',(0.019593836371045,0.0285157084328,0.0400999620103346));
#8165=CARTESIAN_POINT('',(0.019593836371045,0.0381957733399354,0.0528664949355938));
#8166=CARTESIAN_POINT('',(0.017381177000006,0.0286876507487896,0.039969588886417));
#8167=CARTESIAN_POINT('',(0.017381177000006,0.0383677156559251,0.0527361218116762));
#8168=CARTESIAN_POINT('',(0.0129120683325996,0.0289803180767931,0.0397476775227086));
#8169=CARTESIAN_POINT('',(0.0129120683325996,0.0386603829839286,0.0525142104479678));
#8170=CARTESIAN_POINT('',(0.00875869805557911,0.030488681229493,0.0386039799105889));
#8171=CARTESIAN_POINT('',(0.00875869805557911,0.0401687461366285,0.0513705128358481));
#8172=CARTESIAN_POINT('',(0.007093836371045,0.0316969553706794,0.0376878210614502));
#8173=CARTESIAN_POINT('',(0.007093836371045,0.0413770202778148,0.0504543539867094));
#8174=CARTESIAN_POINT('',(0.019593836371045,0.0287669455645373,0.0404313055648606));
#8175=CARTESIAN_POINT('',(0.0173689768312862,0.0289186292490959,0.0402722451945903));
#8176=CARTESIAN_POINT('',(0.0139898205710682,0.0291134791602161,0.0400592634265274));
#8177=CARTESIAN_POINT('',(0.00980306343054767,0.0302086882177169,0.0390173387455867));
#8178=CARTESIAN_POINT('',(0.00792654721091887,0.0311500067808657,0.0382217454729294));
#8179=CARTESIAN_POINT('',(0.007093836371045,0.0317543470598521,0.0377635119681217));
#8180=CARTESIAN_POINT('',(0.019593836371045,0.0287669455645373,0.0404313055648606));
#8181=CARTESIAN_POINT('',(0.007093836371045,0.0317543470598521,0.0377635119681217));
#8182=CARTESIAN_POINT('',(0.019593836371045,0.0285731001219727,0.0401756529170061));
#8183=CARTESIAN_POINT('',(0.019593836371045,0.0381383816507627,0.0527908040289223));
#8184=CARTESIAN_POINT('',(0.019593836371045,0.0381383816507627,0.0527908040289223));
#8185=CARTESIAN_POINT('',(0.0173694025277395,0.0382541670454482,0.052584467986155));
#8186=CARTESIAN_POINT('',(0.0140005371644272,0.0383940254648881,0.0523034133390483));
#8187=CARTESIAN_POINT('',(0.00980209693994949,0.0393304816042845,0.0510475022277691));
#8188=CARTESIAN_POINT('',(0.00792713290113178,0.040212472133275,0.0501746414408922));
#8189=CARTESIAN_POINT('',(0.007093836371045,0.0408172374772056,0.0497160856358739));
#8190=CARTESIAN_POINT('',(0.007093836371045,0.0408172374772056,0.0497160856358739));
#8191=CARTESIAN_POINT('',(0.007093836371045,0.0317543470598521,0.0377635119681217));
#8192=CARTESIAN_POINT('',(0.007093836371045,0.0316969553706794,0.0376878210614502));
#8193=CARTESIAN_POINT('',(0.007093836371045,0.0413770202778148,0.0504543539867094));
#8194=CARTESIAN_POINT('',(0.00806929514024536,0.0313054214629175,0.037984696780384));
#8195=CARTESIAN_POINT('',(0.00806929514024536,0.040985486370053,0.0507512297056432));
#8196=CARTESIAN_POINT('',(0.0100273765853127,0.030478876491911,0.0386114142309911));
#8197=CARTESIAN_POINT('',(0.0100273765853127,0.0401589413990465,0.0513779471562503));
#8198=CARTESIAN_POINT('',(0.0131097879866115,0.0295397818456618,0.0393234710738987));
#8199=CARTESIAN_POINT('',(0.0131097879866115,0.0392198467527973,0.0520900039991579));
#8200=CARTESIAN_POINT('',(0.0163788139746533,0.0290917023859899,0.0396632217547274));
#8201=CARTESIAN_POINT('',(0.0163788139746533,0.0387717672931254,0.0524297546799866));
#8202=CARTESIAN_POINT('',(0.0185436041713643,0.0287608609483727,0.0399140781625598));
#8203=CARTESIAN_POINT('',(0.0185436041713643,0.0384409258555082,0.052680611087819));
#8204=CARTESIAN_POINT('',(0.019593836371045,0.0285157084328,0.0400999620103346));
#8205=CARTESIAN_POINT('',(0.019593836371045,0.0381957733399354,0.0528664949355938));
#8206=CARTESIAN_POINT('',(0.007093836371045,0.0317543470598521,0.0377635119681217));
#8207=CARTESIAN_POINT('',(0.00807723364809728,0.031359626759083,0.0380628037299476));
#8208=CARTESIAN_POINT('',(0.0100280018897266,0.0305563631439685,0.0387134818284066));
#8209=CARTESIAN_POINT('',(0.0131047683734955,0.0296843505950605,0.0395115375818082));
#8210=CARTESIAN_POINT('',(0.0163722125065654,0.029278532443112,0.0399086456080668));
#8211=CARTESIAN_POINT('',(0.0185342568509929,0.0289839420203631,0.0402037561305795));
#8212=CARTESIAN_POINT('',(0.019593836371045,0.0287669455645373,0.0404313055648606));
#8213=CARTESIAN_POINT('',(0.007093836371045,0.0408172374772056,0.0497160856358739));
#8214=CARTESIAN_POINT('',(0.00807954664629704,0.0404215887751013,0.0500160813464725));
#8215=CARTESIAN_POINT('',(0.0100266289227263,0.039648813352344,0.0507054112640522));
#8216=CARTESIAN_POINT('',(0.0131221889159075,0.0388758111015667,0.0516416933106161));
#8217=CARTESIAN_POINT('',(0.0163802172470404,0.0385419676040915,0.0521268977518013));
#8218=CARTESIAN_POINT('',(0.018540268317988,0.0383031143040103,0.0524972412364995));
#8219=CARTESIAN_POINT('',(0.019593836371045,0.0381383816507627,0.0527908040289223));
#8220=CARTESIAN_POINT('',(0.019593836371045,0.0409345690033895,0.0329742191849478));
#8221=CARTESIAN_POINT('',(0.019593836371045,0.0421758490077664,0.0489475483147448));
#8222=CARTESIAN_POINT('',(0.017381177000006,0.0411497011164479,0.0329575013681377));
#8223=CARTESIAN_POINT('',(0.017381177000006,0.0423909811208249,0.0489308304979346));
#8224=CARTESIAN_POINT('',(0.0129120683325996,0.0415158828811532,0.0329290455528971));
#8225=CARTESIAN_POINT('',(0.0129120683325996,0.0427571628855301,0.048902374682694));
#8226=CARTESIAN_POINT('',(0.00875869805557911,0.0434031283240929,0.0327823885841064));
#8227=CARTESIAN_POINT('',(0.00875869805557911,0.0446444083284698,0.0487557177139033));
#8228=CARTESIAN_POINT('',(0.007093836371045,0.0449149060831119,0.0326649090350353));
#8229=CARTESIAN_POINT('',(0.007093836371045,0.0461561860874888,0.0486382381648322));
#8230=CARTESIAN_POINT('',(0.019593836371045,0.0409667852778643,0.0333887921690513));
#8231=CARTESIAN_POINT('',(0.0173689768312862,0.0411803842419798,0.0333369884618425));
#8232=CARTESIAN_POINT('',(0.0139898205710682,0.0414594490552703,0.03326316061226));
#8233=CARTESIAN_POINT('',(0.00980306343054771,0.0429441045553124,0.0329787525136068));
#8234=CARTESIAN_POINT('',(0.00792654721091888,0.0441661223193725,0.032818372099754));
#8235=CARTESIAN_POINT('',(0.007093836371045,0.0449222654507268,0.0327596125674254));
#8236=CARTESIAN_POINT('',(0.019593836371045,0.0409667852778643,0.0333887921690513));
#8237=CARTESIAN_POINT('',(0.007093836371045,0.0449222654507268,0.0327596125674254));
#8238=CARTESIAN_POINT('',(0.019593836371045,0.0409419283710044,0.033068922717338));
#8239=CARTESIAN_POINT('',(0.019593836371045,0.0421684896401515,0.0488528447823546));
#8240=CARTESIAN_POINT('',(0.019593836371045,0.0421684896401516,0.0488528447823545));
#8241=CARTESIAN_POINT('',(0.0173694025277395,0.0423774481993133,0.0487418621678583));
#8242=CARTESIAN_POINT('',(0.0140005371644272,0.0426470542029247,0.0485810371232753));
#8243=CARTESIAN_POINT('',(0.00980209693994952,0.044113848048387,0.0480307838767043));
#8244=CARTESIAN_POINT('',(0.00792713290113179,0.0453277298661659,0.0477733267366558));
#8245=CARTESIAN_POINT('',(0.007093836371045,0.0460844048335554,0.0477145258755954));
#8246=CARTESIAN_POINT('',(0.007093836371045,0.0460844048335554,0.0477145258755954));
#8247=CARTESIAN_POINT('',(0.007093836371045,0.0449222654507268,0.0327596125674254));
#8248=CARTESIAN_POINT('',(0.007093836371045,0.0449149060831119,0.0326649090350353));
#8249=CARTESIAN_POINT('',(0.007093836371045,0.0461561860874888,0.0486382381648322));
#8250=CARTESIAN_POINT('',(0.00806929514024536,0.0444250236686169,0.0327029775704462));
#8251=CARTESIAN_POINT('',(0.00806929514024536,0.0456663036729938,0.0486763067002431));
#8252=CARTESIAN_POINT('',(0.0100273765853127,0.0433908607569039,0.0327833418910676));
#8253=CARTESIAN_POINT('',(0.0100273765853127,0.0446321407612808,0.0487566710208645));
#8254=CARTESIAN_POINT('',(0.0131097879866115,0.0422158770744596,0.0328746493285239));
#8255=CARTESIAN_POINT('',(0.0131097879866115,0.0434571570788365,0.0488479784583208));
#8256=CARTESIAN_POINT('',(0.0163788139746533,0.0416552455602072,0.0329182157436907));
#8257=CARTESIAN_POINT('',(0.0163788139746533,0.0428965255645841,0.0488915448734876));
#8258=CARTESIAN_POINT('',(0.0185436041713643,0.0412413008186103,0.0329503831977315));
#8259=CARTESIAN_POINT('',(0.0185436041713643,0.0424825808229872,0.0489237123275284));
#8260=CARTESIAN_POINT('',(0.019593836371045,0.0409345690033895,0.0329742191849479));
#8261=CARTESIAN_POINT('',(0.019593836371045,0.0421758490077664,0.0489475483147448));
#8262=CARTESIAN_POINT('',(0.007093836371045,0.0449222654507268,0.0327596125674254));
#8263=CARTESIAN_POINT('',(0.00807723364809727,0.0444283962604533,0.0327979909133346));
#8264=CARTESIAN_POINT('',(0.0100280018897265,0.0434008647673921,0.0329110990648912));
#8265=CARTESIAN_POINT('',(0.0131047683734955,0.0422358196150559,0.0331110207095635));
#8266=CARTESIAN_POINT('',(0.0163722125065654,0.0416797308531076,0.0332256873821614));
#8267=CARTESIAN_POINT('',(0.0185342568509929,0.041272356825101,0.0333146825448312));
#8268=CARTESIAN_POINT('',(0.019593836371045,0.0409667852778643,0.0333887921690513));
#8269=CARTESIAN_POINT('',(0.007093836371045,0.0460844048335556,0.0477145258755953));
#8270=CARTESIAN_POINT('',(0.00807954664629703,0.0455893740389391,0.0477529944892396));
#8271=CARTESIAN_POINT('',(0.0100266289227263,0.0445665940943222,0.0479151017814209));
#8272=CARTESIAN_POINT('',(0.0131221889159075,0.0434101109289462,0.0482848357920638));
#8273=CARTESIAN_POINT('',(0.0163802172470404,0.0428669425815671,0.0485125263209791));
#8274=CARTESIAN_POINT('',(0.018540268317988,0.0424657835947387,0.0486949452424345));
#8275=CARTESIAN_POINT('',(0.019593836371045,0.0421684896401515,0.0488528447823546));
#8276=CARTESIAN_POINT('',(0.019593836371045,0.0552344467582313,0.0336938057897954));
#8277=CARTESIAN_POINT('',(0.019593836371045,0.0476428442289254,0.0478025119875698));
#8278=CARTESIAN_POINT('',(0.017381177000006,0.0554244657425133,0.0337960510688075));
#8279=CARTESIAN_POINT('',(0.017381177000006,0.0478328632132075,0.0479047572665819));
#8280=CARTESIAN_POINT('',(0.0129120683325996,0.0557479018209431,0.0339700853223143));
#8281=CARTESIAN_POINT('',(0.0129120683325996,0.0481562992916372,0.0480787915200887));
#8282=CARTESIAN_POINT('',(0.00875869805557911,0.0574148424606281,0.0348670315482151));
#8283=CARTESIAN_POINT('',(0.00875869805557911,0.0498232399313222,0.0489757377459894));
#8284=CARTESIAN_POINT('',(0.007093836371045,0.0587501450807027,0.0355855302259709));
#8285=CARTESIAN_POINT('',(0.007093836371045,0.0511585425513968,0.0496942364237452));
#8286=CARTESIAN_POINT('',(0.019593836371045,0.0550374137359272,0.0340599842102563));
#8287=CARTESIAN_POINT('',(0.0173689768312862,0.055245111817711,0.0341318844771201));
#8288=CARTESIAN_POINT('',(0.0139898205710682,0.0555197904267297,0.034220650366618));
#8289=CARTESIAN_POINT('',(0.00980306343054765,0.0569225247381243,0.0347840564120429));
#8290=CARTESIAN_POINT('',(0.00792654721091886,0.0580372596973715,0.035309808505199));
#8291=CARTESIAN_POINT('',(0.007093836371045,0.0587051355795408,0.0356691786816889));
#8292=CARTESIAN_POINT('',(0.019593836371045,0.0550374137359272,0.0340599842102563));
#8293=CARTESIAN_POINT('',(0.007093836371045,0.0587051355795408,0.0356691786816889));
#8294=CARTESIAN_POINT('',(0.019593836371045,0.0551894372570694,0.0337774542455134));
#8295=CARTESIAN_POINT('',(0.019593836371045,0.0476878537300873,0.0477188635318518));
#8296=CARTESIAN_POINT('',(0.019593836371045,0.0476878537300873,0.0477188635318518));
#8297=CARTESIAN_POINT('',(0.0173694025277395,0.0479236425876219,0.0477384705415636));
#8298=CARTESIAN_POINT('',(0.0140005371644272,0.0482373981742033,0.0477489359148237));
#8299=CARTESIAN_POINT('',(0.00980209693994949,0.0497688330436671,0.0480790420508436));
#8300=CARTESIAN_POINT('',(0.00792713290113177,0.0509292072499689,0.0485187293804837));
#8301=CARTESIAN_POINT('',(0.007093836371045,0.0515975528850811,0.0488783523213008));
#8302=CARTESIAN_POINT('',(0.007093836371045,0.051597552885081,0.0488783523213008));
#8303=CARTESIAN_POINT('',(0.007093836371045,0.0587051355795408,0.0356691786816889));
#8304=CARTESIAN_POINT('',(0.007093836371045,0.0587501450807027,0.0355855302259708));
#8305=CARTESIAN_POINT('',(0.007093836371045,0.0511585425513968,0.0496942364237453));
#8306=CARTESIAN_POINT('',(0.00806929514024536,0.0583174483647331,0.0353527050868454));
#8307=CARTESIAN_POINT('',(0.00806929514024536,0.0507258458354272,0.0494614112846198));
#8308=CARTESIAN_POINT('',(0.0100273765853127,0.0574040069297365,0.0348612011735109));
#8309=CARTESIAN_POINT('',(0.0100273765853127,0.0498124044004306,0.0489699073712853));
#8310=CARTESIAN_POINT('',(0.0131097879866115,0.0563661832282351,0.0343027697392711));
#8311=CARTESIAN_POINT('',(0.0131097879866115,0.0487745806989292,0.0484114759370455));
#8312=CARTESIAN_POINT('',(0.0163788139746533,0.0558709962039444,0.0340363198597861));
#8313=CARTESIAN_POINT('',(0.0163788139746533,0.0482793936746385,0.0481450260575606));
#8314=CARTESIAN_POINT('',(0.0185436041713643,0.055505372689031,0.0338395854206617));
#8315=CARTESIAN_POINT('',(0.0185436041713643,0.0479137701597251,0.0479482916184362));
#8316=CARTESIAN_POINT('',(0.019593836371045,0.0552344467582313,0.0336938057897954));
#8317=CARTESIAN_POINT('',(0.019593836371045,0.0476428442289254,0.0478025119875698));
#8318=CARTESIAN_POINT('',(0.007093836371045,0.0587051355795408,0.0356691786816889));
#8319=CARTESIAN_POINT('',(0.00807723364809728,0.0582689174781619,0.0354344587580236));
#8320=CARTESIAN_POINT('',(0.0100280018897265,0.0573433520960104,0.0349740859237427));
#8321=CARTESIAN_POINT('',(0.0131047683734955,0.0562551679442971,0.034512399750081));
#8322=CARTESIAN_POINT('',(0.0163722125065654,0.0557253628251321,0.0343082192106643));
#8323=CARTESIAN_POINT('',(0.0185342568509929,0.0553345435673924,0.0341628436781535));
#8324=CARTESIAN_POINT('',(0.019593836371045,0.0550374137359272,0.0340599842102563));
#8325=CARTESIAN_POINT('',(0.007093836371045,0.051597552885081,0.0488783523213008));
#8326=CARTESIAN_POINT('',(0.00807954664629704,0.0511603087775226,0.0486430803249651));
#8327=CARTESIAN_POINT('',(0.0100266289227263,0.0502122497168448,0.0482264970718754));
#8328=CARTESIAN_POINT('',(0.0131221889159075,0.0490394608705571,0.047912295110634));
#8329=CARTESIAN_POINT('',(0.0163802172470404,0.0484594197857227,0.0478101815931332));
#8330=CARTESIAN_POINT('',(0.018540268317988,0.0480233202560113,0.0477467592326942));
#8331=CARTESIAN_POINT('',(0.019593836371045,0.0476878537300873,0.0477188635318518));
#8332=CARTESIAN_POINT('',(0.007093836371045,0.0468591644221079,0.057684468081042));
#8333=CARTESIAN_POINT('',(0.019593836371045,0.0468591644221079,0.057684468081042));
#8334=CARTESIAN_POINT('',(0.007093836371045,0.0468591644221079,0.057684468081042));
#8335=CARTESIAN_POINT('',(0.007093836371045,0.0468591644221079,0.057684468081042));
#8336=CARTESIAN_POINT('',(0.007093836371045,0.0468591644221079,0.057684468081042));
#8337=CARTESIAN_POINT('',(0.019593836371045,0.0468591644221079,0.057684468081042));
#8338=CARTESIAN_POINT('',(0.007093836371045,0.0468591644221079,0.057684468081042));
#8339=CARTESIAN_POINT('',(0.019593836371045,0.0468591644221079,0.057684468081042));
#8340=CARTESIAN_POINT('',(0.007093836371045,0.0468591644221079,0.057684468081042));
#8341=CARTESIAN_POINT('',(0.007093836371045,0.0468591644221079,0.057684468081042));
#8342=CARTESIAN_POINT('',(0.019593836371045,0.0468591644221079,0.057684468081042));
#8343=CARTESIAN_POINT('',(0.007093836371045,0.0468591644221079,0.057684468081042));
#8344=CARTESIAN_POINT('',(0.007093836371045,0.0468591644221079,0.057684468081042));
#8345=CARTESIAN_POINT('',(0.019593836371045,0.0468591644221079,0.057684468081042));
#8346=CARTESIAN_POINT('',(0.007093836371045,0.0468591644221079,0.057684468081042));
#8347=CARTESIAN_POINT('',(0.007093836371045,0.0468591644221079,0.057684468081042));
#8348=CARTESIAN_POINT('',(0.019593836371045,0.0468591644221079,0.057684468081042));
#8349=CARTESIAN_POINT('',(0.007093836371045,0.0468591644221079,0.057684468081042));
#8350=CARTESIAN_POINT('',(0.007093836371045,0.0468591644221079,0.057684468081042));
#8351=CARTESIAN_POINT('',(0.019593836371045,0.0468591644221079,0.057684468081042));
#8352=CARTESIAN_POINT('',(0.007093836371045,0.0468591644221079,0.057684468081042));
#8353=CARTESIAN_POINT('',(0.007093836371045,0.0468591644221079,0.057684468081042));
#8354=CARTESIAN_POINT('',(0.019593836371045,0.0468591644221079,0.057684468081042));
#8355=CARTESIAN_POINT('',(0.007093836371045,0.0468591644221079,0.057684468081042));
#8356=CARTESIAN_POINT('',(0.007093836371045,0.0468591644221079,0.057684468081042));
#8357=CARTESIAN_POINT('',(0.019593836371045,0.0468591644221079,0.057684468081042));
#8358=CARTESIAN_POINT('',(0.007093836371045,0.0468591644221079,0.057684468081042));
#8359=CARTESIAN_POINT('',(0.007093836371045,0.0468591644221079,0.057684468081042));
#8360=CARTESIAN_POINT('',(0.019593836371045,0.0468591644221079,0.057684468081042));
#8361=CARTESIAN_POINT('',(0.007093836371045,0.0468591644221079,0.057684468081042));
#8362=CARTESIAN_POINT('',(0.007093836371045,0.0468591644221079,0.057684468081042));
#8363=CARTESIAN_POINT('',(0.019593836371045,0.0468591644221079,0.057684468081042));
#8364=CARTESIAN_POINT('',(0.007093836371045,0.0468591644221079,0.057684468081042));
#8365=CARTESIAN_POINT('',(0.019593836371045,0.0468591644221079,0.057684468081042));
#8366=CARTESIAN_POINT('',(0.019593836371045,0.0468591644221079,0.057684468081042));
#8367=CARTESIAN_POINT('',(0.019593836371045,0.0475790868370141,0.0572855900064807));
#8368=CARTESIAN_POINT('',(0.007093836371045,0.0468591644221079,0.057684468081042));
#8369=CARTESIAN_POINT('',(-0.005406163628955,0.0468591644221079,0.057684468081042));
#8370=CARTESIAN_POINT('',(-0.005406163628955,0.0479502866742223,0.0570799241273841));
#8371=CARTESIAN_POINT('',(-0.005406163628955,0.0468591644221079,0.057684468081042));
#8372=CARTESIAN_POINT('',(-0.005406163628955,0.0468591644221079,0.057684468081042));
#8373=CARTESIAN_POINT('',(-0.005406163628955,0.0475790868370141,0.0572855900064807));
#8374=CARTESIAN_POINT('',(0.025593836371045,0.0468591644221079,0.057684468081042));
#8375=CARTESIAN_POINT('',(0.025593836371045,0.0468591644221079,0.057684468081042));
#8376=CARTESIAN_POINT('',(0.025593836371045,0.0468591644221079,0.057684468081042));
#8377=CARTESIAN_POINT('',(0.025593836371045,0.0468591644221079,0.057684468081042));
#8378=CARTESIAN_POINT('',(0.025593836371045,0.0468591644221079,0.057684468081042));
#8379=CARTESIAN_POINT('',(0.025593836371045,0.0468591644221079,0.057684468081042));
#8380=CARTESIAN_POINT('',(0.025593836371045,0.0468591644221079,0.057684468081042));
#8381=CARTESIAN_POINT('',(0.025593836371045,0.0468591644221079,0.057684468081042));
#8382=CARTESIAN_POINT('',(0.025593836371045,0.0468591644221079,0.057684468081042));
#8383=CARTESIAN_POINT('',(0.025593836371045,0.0468591644221079,0.057684468081042));
#8384=CARTESIAN_POINT('',(0.025593836371045,0.0468591644221079,0.057684468081042));
#8385=CARTESIAN_POINT('',(0.025593836371045,0.0468591644221079,0.057684468081042));
#8386=CARTESIAN_POINT('',(-0.0494568240836308,0.012174934440334,0.0271876947341592));
#8387=CARTESIAN_POINT('',(0.0578813215186279,0.0468591644221079,0.057684468081042));
#8388=CARTESIAN_POINT('',(0.0578813215186279,0.0468591644221079,0.057684468081042));
#8389=CARTESIAN_POINT('',(0.0578813215186279,0.0469616956688575,0.0704840574238076));
#8390=CARTESIAN_POINT('',(0.0557384945512671,0.0458010198189601,0.0682893450561357));
#8391=CARTESIAN_POINT('',(0.0553484152482526,0.0460957408484897,0.0679251879070245));
#8392=CARTESIAN_POINT('',(0.0550682682737581,0.0465935217700822,0.0676737557381411));
#8393=CARTESIAN_POINT('',(0.05505291297257,0.0472276611717847,0.0676554195995838));
#8394=CARTESIAN_POINT('',(0.0553167148456206,0.0477505577502557,0.0678833946788446));
#8395=CARTESIAN_POINT('',(0.0558307813270163,0.0481725576180547,0.0683544728423146));
#8396=CARTESIAN_POINT('',(0.0564152627700462,0.048259464692473,0.0689319025331841));
#8397=CARTESIAN_POINT('',(0.0569555558193017,0.0480754709886101,0.0694971400774785));
#8398=CARTESIAN_POINT('',(0.0573179048507927,0.0477879065845533,0.0698878427334772));
#8399=CARTESIAN_POINT('',(0.0575895683801347,0.0473088579806778,0.0701894140373514));
#8400=CARTESIAN_POINT('',(0.0576048646163859,0.0466659952445966,0.0702114732649512));
#8401=CARTESIAN_POINT('',(0.0573484037572994,0.0461617606064848,0.0699340491949228));
#8402=CARTESIAN_POINT('',(0.0568719340150496,0.0457504031183326,0.0694252278707728));
#8403=CARTESIAN_POINT('',(0.0563023152684584,0.0456338543867551,0.0688381127504696));
#8404=CARTESIAN_POINT('',(0.0557384945512671,0.0458010198189601,0.0682893450561357));
#8405=CARTESIAN_POINT('',(0.0553484152482526,0.0460957408484897,0.0679251879070245));
#8406=CARTESIAN_POINT('',(0.0550682682737581,0.0465935217700822,0.0676737557381411));
#8407=CARTESIAN_POINT('',(0.0553667373030059,0.0461295841638335,0.0679439754037291));
#8408=CARTESIAN_POINT('',(0.0571907728149819,0.045805146844893,0.0456194523235288));
#8409=CARTESIAN_POINT('',(0.0575084216019978,0.0462078582859919,0.0452706576888565));
#8410=CARTESIAN_POINT('',(0.0576392841706233,0.046813935577366,0.0451212322556757));
#8411=CARTESIAN_POINT('',(0.0574613585003361,0.0473969803767726,0.0453128116345277));
#8412=CARTESIAN_POINT('',(0.0571304532733512,0.0477695948185434,0.0456684874124609));
#8413=CARTESIAN_POINT('',(0.0566117941409506,0.0480514714977409,0.0462146903524698));
#8414=CARTESIAN_POINT('',(0.0560326241720506,0.0480577567031128,0.0467987110754621));
#8415=CARTESIAN_POINT('',(0.0554884023406542,0.047755881802805,0.0473149350458549));
#8416=CARTESIAN_POINT('',(0.0551517184766852,0.0473370141255814,0.0476209672877575));
#8417=CARTESIAN_POINT('',(0.0550196176706229,0.0467284013604747,0.0477401857565863));
#8418=CARTESIAN_POINT('',(0.0551965046352474,0.0461377843787672,0.0475912357668185));
#8419=CARTESIAN_POINT('',(0.0555510108219665,0.0457473679511653,0.0472731050093782));
#8420=CARTESIAN_POINT('',(0.0561028298411762,0.0454725459221402,0.0467504692232125));
#8421=CARTESIAN_POINT('',(0.0566838156112313,0.0454999462920141,0.0461604539560869));
#8422=CARTESIAN_POINT('',(0.0571907728149819,0.045805146844893,0.0456194523235288));
#8423=CARTESIAN_POINT('',(0.0575084216019978,0.0462078582859919,0.0452706576888565));
#8424=CARTESIAN_POINT('',(0.0576392841706233,0.046813935577366,0.0451212322556757));
#8425=CARTESIAN_POINT('',(0.0574772905655994,0.0462417525943711,0.0453038858891051));
#8426=CARTESIAN_POINT('',(0.0556670201242708,0.0386870107116325,0.0644138092694147));
#8427=CARTESIAN_POINT('',(0.0552867187248199,0.0391692950330484,0.0643978864072009));
#8428=CARTESIAN_POINT('',(0.0550418932445931,0.0397013045626998,0.0646202510180157));
#8429=CARTESIAN_POINT('',(0.0550837351029439,0.0401272381554881,0.0650899913085253));
#8430=CARTESIAN_POINT('',(0.0553804812960617,0.0402877224095208,0.0656171154544293));
#8431=CARTESIAN_POINT('',(0.0559084176063352,0.0402091826826696,0.0662295710435394));
#8432=CARTESIAN_POINT('',(0.056490750478151,0.0398376697970987,0.0666782207051289));
#8433=CARTESIAN_POINT('',(0.0570254344086817,0.0392851262760095,0.0669213831022299));
#8434=CARTESIAN_POINT('',(0.0573767554398683,0.03879118246344,0.0669660142210918));
#8435=CARTESIAN_POINT('',(0.0576172100889803,0.0382340410598694,0.0667885210962624));
#8436=CARTESIAN_POINT('',(0.0575727690498491,0.0378131166435441,0.0663053180685621));
#8437=CARTESIAN_POINT('',(0.0572891472013417,0.0377015842129719,0.0657601966127154));
#8438=CARTESIAN_POINT('',(0.0567990445096736,0.0378066227998139,0.0651278166915355));
#8439=CARTESIAN_POINT('',(0.0562273411147539,0.038160642945192,0.0646533547360585));
#8440=CARTESIAN_POINT('',(0.0556670201242708,0.0386870107116325,0.0644138092694147));
#8441=CARTESIAN_POINT('',(0.0552867187248199,0.0391692950330484,0.0643978864072009));
#8442=CARTESIAN_POINT('',(0.0550418932445931,0.0397013045626998,0.0646202510180157));
#8443=CARTESIAN_POINT('',(0.0553092980446906,0.0391775825677543,0.064437600986039));
#8444=CARTESIAN_POINT('',(0.0576289378382085,0.0343064914748238,0.0576154450299103));
#8445=CARTESIAN_POINT('',(0.0574092880187282,0.034543862883138,0.0570672534984291));
#8446=CARTESIAN_POINT('',(0.0570672369368955,0.0349103908240383,0.0567275199354604));
#8447=CARTESIAN_POINT('',(0.0565386333410334,0.0354647297041636,0.0564780676394635));
#8448=CARTESIAN_POINT('',(0.0559555107057375,0.0360488059530024,0.0565032715840251));
#8449=CARTESIAN_POINT('',(0.0554203135636624,0.0365525469989745,0.0568475375370442));
#8450=CARTESIAN_POINT('',(0.0551079164226374,0.0368346328408728,0.0573039934077618));
#8451=CARTESIAN_POINT('',(0.0550296682790379,0.0369071920889216,0.0579295213935172));
#8452=CARTESIAN_POINT('',(0.0552515597294129,0.0367178413053386,0.0584906247180124));
#8453=CARTESIAN_POINT('',(0.0556215475009548,0.0363824071069589,0.0588451366509687));
#8454=CARTESIAN_POINT('',(0.0561812390333626,0.0358475868955958,0.0590812982028515));
#8455=CARTESIAN_POINT('',(0.0567535096136383,0.0352623336647412,0.0590242364405455));
#8456=CARTESIAN_POINT('',(0.0572528705176584,0.0347267535506725,0.0586816823138251));
#8457=CARTESIAN_POINT('',(0.0575501473322569,0.0343986413764013,0.0582443632658151));
#8458=CARTESIAN_POINT('',(0.0576289378382085,0.0343064914748238,0.0576154450299103));
#8459=CARTESIAN_POINT('',(0.0574092880187282,0.034543862883138,0.0570672534984291));
#8460=CARTESIAN_POINT('',(0.0570672369368955,0.0349103908240383,0.0567275199354604));
#8461=CARTESIAN_POINT('',(0.0573888878083361,0.0345653889719024,0.0571019964931812));
#8462=CARTESIAN_POINT('',(0.0573363588709023,0.0375735154939909,0.0496833211856545));
#8463=CARTESIAN_POINT('',(0.0575994692902154,0.0377157616981636,0.0491273385077051));
#8464=CARTESIAN_POINT('',(0.0575957316676043,0.0381685517692447,0.0486731131085935));
#8465=CARTESIAN_POINT('',(0.057330739526998,0.038718707207962,0.0485283618004599));
#8466=CARTESIAN_POINT('',(0.0569709983951812,0.0392022233890603,0.0485873464414061));
#8467=CARTESIAN_POINT('',(0.0564303210773558,0.0397420883093017,0.0488438953980782));
#8468=CARTESIAN_POINT('',(0.0558510009936643,0.0400995556951431,0.0492990531334092));
#8469=CARTESIAN_POINT('',(0.0553313500017193,0.0401555954330886,0.0499274423118021));
#8470=CARTESIAN_POINT('',(0.0550601037525402,0.0399681054924724,0.0504588322588115));
#8471=CARTESIAN_POINT('',(0.0550605056669997,0.0395215877427577,0.0509120896559151));
#8472=CARTESIAN_POINT('',(0.0553349568782081,0.0389907250086577,0.0511065149220937));
#8473=CARTESIAN_POINT('',(0.0557231539452472,0.038520882032292,0.0510716107064717));
#8474=CARTESIAN_POINT('',(0.0562883090002817,0.0380046176217282,0.0508150858716371));
#8475=CARTESIAN_POINT('',(0.0568561353781497,0.0376613489936705,0.0503291802874118));
#8476=CARTESIAN_POINT('',(0.0573363588709023,0.0375735154939909,0.0496833211856545));
#8477=CARTESIAN_POINT('',(0.0575994692902154,0.0377157616981636,0.0491273385077051));
#8478=CARTESIAN_POINT('',(0.0575957316676043,0.0381685517692447,0.0486731131085935));
#8479=CARTESIAN_POINT('',(0.0575549946165614,0.037767519009315,0.0491442980541781));
#8480=CARTESIAN_POINT('',(0.055040613893546,0.0536811060283676,0.0504196858873903));
#8481=CARTESIAN_POINT('',(0.0552873855450527,0.0534481031450304,0.049886771978348));
#8482=CARTESIAN_POINT('',(0.0556656321943868,0.0534567123044475,0.0494073472822721));
#8483=CARTESIAN_POINT('',(0.0562256959062882,0.0536864936863173,0.0488764613913746));
#8484=CARTESIAN_POINT('',(0.056798471678412,0.0541560576635896,0.0485142116469604));
#8485=CARTESIAN_POINT('',(0.0572879378082953,0.054785398027501,0.048398795691714));
#8486=CARTESIAN_POINT('',(0.0575720737382229,0.0553319882203083,0.0485005839416197));
#8487=CARTESIAN_POINT('',(0.0576176551232871,0.0558227400694466,0.0489127969482429));
#8488=CARTESIAN_POINT('',(0.0573777048857121,0.0560101190944453,0.0494672295270381));
#8489=CARTESIAN_POINT('',(0.0570267159407801,0.0559739209723605,0.049961870372885));
#8490=CARTESIAN_POINT('',(0.0564925210311368,0.0557403034776791,0.0505182404430287));
#8491=CARTESIAN_POINT('',(0.0559106978493901,0.0552989717450285,0.0508976925412941));
#8492=CARTESIAN_POINT('',(0.0553811750924228,0.0546863756307121,0.0509867478296289));
#8493=CARTESIAN_POINT('',(0.0550852882673723,0.0541593518891317,0.0508362614926074));
#8494=CARTESIAN_POINT('',(0.055040613893546,0.0536811060283676,0.0504196858873903));
#8495=CARTESIAN_POINT('',(0.0552873855450527,0.0534481031450304,0.049886771978348));
#8496=CARTESIAN_POINT('',(0.0556656321943868,0.0534567123044475,0.0494073472822721));
#8497=CARTESIAN_POINT('',(0.0553092980446906,0.0534883718188228,0.0498956868471757));
#8498=CARTESIAN_POINT('',(0.0552779708594788,0.053574840447571,0.0653609573850828));
#8499=CARTESIAN_POINT('',(0.0550386602578224,0.0538049359970171,0.0648281968093271));
#8500=CARTESIAN_POINT('',(0.0550891263947562,0.0542790025488907,0.0644085124370465));
#8501=CARTESIAN_POINT('',(0.0553903352333653,0.0548049393187101,0.0642553012512324));
#8502=CARTESIAN_POINT('',(0.0557865466537909,0.0552620633198375,0.0643176439772836));
#8503=CARTESIAN_POINT('',(0.0563549263644386,0.0557611593610239,0.064601310270915));
#8504=CARTESIAN_POINT('',(0.0569154689039857,0.0560832923562534,0.0651023296697952));
#8505=CARTESIAN_POINT('',(0.0573836028455734,0.0561401131083019,0.06576372197155));
#8506=CARTESIAN_POINT('',(0.0576199122802377,0.0559556958647646,0.0663214916208654));
#8507=CARTESIAN_POINT('',(0.0575682196711296,0.0554672125969147,0.0667363772787197));
#8508=CARTESIAN_POINT('',(0.0572811340535,0.0549227541879845,0.0668419478024278));
#8509=CARTESIAN_POINT('',(0.0569113409692824,0.0544489237671476,0.0667599366691287));
#8510=CARTESIAN_POINT('',(0.0563674923086096,0.0539286582254993,0.0664823951033011));
#8511=CARTESIAN_POINT('',(0.055781738825658,0.05358998056127,0.0660046105151998));
#8512=CARTESIAN_POINT('',(0.0552779708594788,0.053574840447571,0.0653609573850828));
#8513=CARTESIAN_POINT('',(0.0550386602578224,0.0538049359970171,0.0648281968093271));
#8514=CARTESIAN_POINT('',(0.0550891263947562,0.0542790025488907,0.0644085124370465));
#8515=CARTESIAN_POINT('',(0.0550869563809208,0.053845597830755,0.0648470428432396));
#8516=CARTESIAN_POINT('',(0.0556218067567235,0.0573327862239852,0.0564935434303648));
#8517=CARTESIAN_POINT('',(0.055239571348677,0.0569862685239421,0.0568514532047658));
#8518=CARTESIAN_POINT('',(0.055007726350914,0.056788716933033,0.0574142696320047));
#8519=CARTESIAN_POINT('',(0.055076056785995,0.0568525665197915,0.058055369672964));
#8520=CARTESIAN_POINT('',(0.0553918407040562,0.0571366621243724,0.0585298797746347));
#8521=CARTESIAN_POINT('',(0.0559359970663599,0.0576475694715873,0.0588871509210568));
#8522=CARTESIAN_POINT('',(0.056528757036639,0.0582406994946338,0.0589183441085629));
#8523=CARTESIAN_POINT('',(0.0570700949652666,0.0588084894968709,0.0586703684874371));
#8524=CARTESIAN_POINT('',(0.0574224832495649,0.059186424706549,0.0583267808910626));
#8525=CARTESIAN_POINT('',(0.0576516594998552,0.0594345847615748,0.0577754119108721));
#8526=CARTESIAN_POINT('',(0.0575801829053138,0.0593502410908039,0.0571298633236179));
#8527=CARTESIAN_POINT('',(0.0572804905804219,0.0590187273686031,0.0566791785099315));
#8528=CARTESIAN_POINT('',(0.0567753530002963,0.0584757859584959,0.0563245173392666));
#8529=CARTESIAN_POINT('',(0.0561907026222183,0.0578768651584507,0.0562613199523406));
#8530=CARTESIAN_POINT('',(0.0556218067567235,0.0573327862239852,0.0564935434303648));
#8531=CARTESIAN_POINT('',(0.055239571348677,0.0569862685239421,0.0568514532047658));
#8532=CARTESIAN_POINT('',(0.055007726350914,0.056788716933033,0.0574142696320047));
#8533=CARTESIAN_POINT('',(0.0552646364170576,0.0570110962087978,0.0568856043135721));
#8534=CARTESIAN_POINT('',(0.0548813215186279,0.0559915891533401,0.0612395796866571));
#8535=CARTESIAN_POINT('',(0.0550906816549848,0.0561557959517974,0.061394883702474));
#8536=CARTESIAN_POINT('',(0.0555411977958848,0.0565831343007743,0.0615394200061973));
#8537=CARTESIAN_POINT('',(0.0561517270647218,0.0572769165633281,0.0614382870410835));
#8538=CARTESIAN_POINT('',(0.0565915181136289,0.057844847138558,0.0611332497699835));
#8539=CARTESIAN_POINT('',(0.0568539828658756,0.0582353168171875,0.0607233716299466));
#8540=CARTESIAN_POINT('',(0.0569690682668537,0.0584544731483709,0.0603193704159505));
#8541=CARTESIAN_POINT('',(0.0569353325405645,0.0585178721723107,0.059843329186543));
#8542=CARTESIAN_POINT('',(0.0566659641378084,0.0583359237714425,0.059287798172772));
#8543=CARTESIAN_POINT('',(0.0561390984257968,0.0578469385757221,0.0589250350999532));
#8544=CARTESIAN_POINT('',(0.0554796142583441,0.0571911876360796,0.0588585793997877));
#8545=CARTESIAN_POINT('',(0.0550628896240585,0.0567516373414782,0.059025547412411));
#8546=CARTESIAN_POINT('',(0.0548813215186279,0.0565469865724734,0.0591630153352373));
#8547=CARTESIAN_POINT('',(0.0548813215186279,0.0559915891533401,0.0612395796866571));
#8548=CARTESIAN_POINT('',(0.0548813215186279,0.0565469865724734,0.0591630153352373));
#8549=CARTESIAN_POINT('',(0.0548813215186279,0.0468591644221079,0.057684468081042));
#8550=CARTESIAN_POINT('',(0.0548813215186279,0.0559707430805663,0.0540762643242227));
#8551=CARTESIAN_POINT('',(0.0548813215186279,0.0564923591266548,0.0558840348597617));
#8552=CARTESIAN_POINT('',(0.0550467933009692,0.0566868625448601,0.0560240377370398));
#8553=CARTESIAN_POINT('',(0.055435723163702,0.0571066198161386,0.0561972685106692));
#8554=CARTESIAN_POINT('',(0.0560597674112422,0.057729511979323,0.0561499177267367));
#8555=CARTESIAN_POINT('',(0.0565658122723572,0.0581937663941225,0.0558166601921749));
#8556=CARTESIAN_POINT('',(0.0568306804565456,0.0583660375896364,0.0552970736042496));
#8557=CARTESIAN_POINT('',(0.0568682929234828,0.0583021045370712,0.0548453969082597));
#8558=CARTESIAN_POINT('',(0.0567588724493844,0.0580864714950339,0.0544653100171737));
#8559=CARTESIAN_POINT('',(0.0565092098168472,0.0577099842371975,0.0540872825817015));
#8560=CARTESIAN_POINT('',(0.0560879260517453,0.0571650498996329,0.053812613846866));
#8561=CARTESIAN_POINT('',(0.0555022690718687,0.0565066568130533,0.0537445011632435));
#8562=CARTESIAN_POINT('',(0.0550764053212921,0.0561140214837006,0.0539082225874591));
#8563=CARTESIAN_POINT('',(0.0548813215186279,0.0559707430805663,0.0540762643242227));
#8564=CARTESIAN_POINT('',(0.0548813215186279,0.0564923591266548,0.0558840348597618));
#8565=CARTESIAN_POINT('',(0.0548813215186279,0.0468591644221079,0.057684468081042));
#8566=CARTESIAN_POINT('',(0.0498813215186279,0.0468591644221079,0.057684468081042));
#8567=CARTESIAN_POINT('',(0.0498813215186279,0.0468591644221079,0.057684468081042));
#8568=CARTESIAN_POINT('',(0.0498813215186279,0.046939266958631,0.0676841472550777));
#8569=CARTESIAN_POINT('',(0.0548813215186279,0.0567494977044709,0.0591613931176576));
#8570=CARTESIAN_POINT('',(0.0545511341991285,0.0567125677061391,0.0594086974713412));
#8571=CARTESIAN_POINT('',(0.0541685410614238,0.0565640233795907,0.0602198612052697));
#8572=CARTESIAN_POINT('',(0.0545620461174536,0.056297613588404,0.0609982828029317));
#8573=CARTESIAN_POINT('',(0.0548813215186279,0.05620653952594,0.0612378578244081));
#8574=CARTESIAN_POINT('',(0.0548813215186279,0.0567494977044709,0.0591613931176576));
#8575=CARTESIAN_POINT('',(0.0548813215186279,0.05620653952594,0.0612378578244081));
#8576=CARTESIAN_POINT('',(0.0548813215186279,0.0468591644221079,0.057684468081042));
#8577=CARTESIAN_POINT('',(0.0548813215186279,0.0566954533240113,0.0558824079715308));
#8578=CARTESIAN_POINT('',(0.0548813215186279,0.0561848539717285,0.0540745491866487));
#8579=CARTESIAN_POINT('',(0.054618014658936,0.0562717807530204,0.054299111621316));
#8580=CARTESIAN_POINT('',(0.0543134012151278,0.0565038670208957,0.0549607984099368));
#8581=CARTESIAN_POINT('',(0.0546118129046666,0.0566532746153843,0.0556521814872005));
#8582=CARTESIAN_POINT('',(0.0548813215186279,0.0566954533240113,0.0558824079715308));
#8583=CARTESIAN_POINT('',(0.0548813215186279,0.0561848539717285,0.0540745491866487));
#8584=CARTESIAN_POINT('',(0.0548813215186279,0.0468591644221079,0.057684468081042));
#8585=CARTESIAN_POINT('',(0.0548813215186279,0.0468591644221079,0.057684468081042));
#8586=CARTESIAN_POINT('',(0.0548813215186279,0.082870474218213,0.0589521507570983));
#8587=CARTESIAN_POINT('',(0.0548813215186279,0.0828442060904234,0.0556729431090037));
#8588=CARTESIAN_POINT('',(0.0548813215186279,0.0468591644221079,0.057684468081042));
#8589=CARTESIAN_POINT('',(0.0548813215186279,0.0828870718551266,0.0610241331360297));
#8590=CARTESIAN_POINT('',(0.0548813215186279,0.0828296923854097,0.0538611104247606));
#8591=CARTESIAN_POINT('',(0.0563295336977206,0.0467566331753583,0.0448848787382763));
#8592=CARTESIAN_POINT('',(0.0550702102076043,0.0468706885753254,0.0591230971173938));
#8593=CARTESIAN_POINT('',(0.0550702102076043,0.0470715864127039,0.0591214878231279));
#8594=CARTESIAN_POINT('',(0.0551185236532359,0.0472673798645982,0.0590928263416415));
#8595=CARTESIAN_POINT('',(0.0552071552056158,0.0474412965099464,0.0590586212249764));
#8596=CARTESIAN_POINT('',(0.0550702102076043,0.0468706885753254,0.0591230971173938));
#8597=CARTESIAN_POINT('',(0.0552071552056158,0.0474412965099464,0.0590586212249764));
#8598=CARTESIAN_POINT('',(0.0550702102076043,0.0467566331753583,0.0448848787382763));
#8599=CARTESIAN_POINT('',(0.0550702102076043,0.0468891674449574,0.0614299250387006));
#8600=CARTESIAN_POINT('',(0.0569489937864705,0.0479767653551677,0.0603226233518338));
#8601=CARTESIAN_POINT('',(0.0569372879867136,0.0479855865909813,0.0605981997453284));
#8602=CARTESIAN_POINT('',(0.0567446489440427,0.0481192645707645,0.0611243250238081));
#8603=CARTESIAN_POINT('',(0.0559959546381657,0.0482001657582288,0.0616072524977594));
#8604=CARTESIAN_POINT('',(0.0552476405520715,0.0477055506407786,0.0615377648787121));
#8605=CARTESIAN_POINT('',(0.0550702102076043,0.0471670490404336,0.0614276990652205));
#8606=CARTESIAN_POINT('',(0.0550702102076043,0.0468891674449574,0.0614299250387006));
#8607=CARTESIAN_POINT('',(0.0569489937864705,0.0479767653551677,0.0603226233518338));
#8608=CARTESIAN_POINT('',(0.0563295336977206,0.0468591644221079,0.057684468081042));
#8609=CARTESIAN_POINT('',(0.0575836707033365,0.0469755441444661,0.0579591884833519));
#8610=CARTESIAN_POINT('',(0.0575888571878369,0.046861174077919,0.0579353454468964));
#8611=CARTESIAN_POINT('',(0.0575888571878369,0.0469009885905041,0.0579350265123193));
#8612=CARTESIAN_POINT('',(0.057586976336121,0.0469391147700964,0.0579444396977006));
#8613=CARTESIAN_POINT('',(0.0575836707033369,0.046975544144465,0.0579591884833538));
#8614=CARTESIAN_POINT('',(0.0575888571878369,0.046861174077919,0.0579353454468964));
#8615=CARTESIAN_POINT('',(0.0575888571878369,0.0467566331753583,0.0448848787382763));
#8616=CARTESIAN_POINT('',(0.0575888571878369,0.0468591644221079,0.057684468081042));
#8617=CARTESIAN_POINT('',(0.0563295336977206,0.0468591644221079,0.057684468081042));
#8618=CARTESIAN_POINT('',(0.0550702102076043,0.0468591644221079,0.057684468081042));
#8619=CARTESIAN_POINT('',(0.0550702102076043,0.0467566331753583,0.0448848787382763));
#8620=CARTESIAN_POINT('',(0.0550702102076043,0.046861174077919,0.0579353454468964));
#8621=CARTESIAN_POINT('',(0.0550753966921047,0.0469755441444659,0.057959188483352));
#8622=CARTESIAN_POINT('',(0.055072117095709,0.0469394017013448,0.057944555864598));
#8623=CARTESIAN_POINT('',(0.0550702102076043,0.0469007533676818,0.0579350283965742));
#8624=CARTESIAN_POINT('',(0.0550702102076043,0.046861174077919,0.0579353454468964));
#8625=CARTESIAN_POINT('',(0.0550753966921047,0.0469755441444658,0.0579591884833521));
#8626=CARTESIAN_POINT('',(0.0563295336977206,0.0468591644221079,0.057684468081042));
#8627=CARTESIAN_POINT('',(0.0563295336977206,0.0339570438325927,0.0449874099850259));
#8628=CARTESIAN_POINT('',(0.0552071552056158,0.0474412965099464,0.0590586212249764));
#8629=CARTESIAN_POINT('',(0.0551237933346811,0.0477040841538687,0.059087377248222));
#8630=CARTESIAN_POINT('',(0.0550290693787488,0.0482419903959773,0.0591373231441864));
#8631=CARTESIAN_POINT('',(0.0551381982785916,0.0490872213993733,0.0590584506194258));
#8632=CARTESIAN_POINT('',(0.0556606965690544,0.0497476883638146,0.058903111380178));
#8633=CARTESIAN_POINT('',(0.0563911704308339,0.0501641061635709,0.0590926142230148));
#8634=CARTESIAN_POINT('',(0.0568959833696595,0.0505196258168313,0.0596885869495709));
#8635=CARTESIAN_POINT('',(0.0569879542572728,0.0510752106625967,0.0603321264334128));
#8636=CARTESIAN_POINT('',(0.0568671813003874,0.0516097443310798,0.0607520590715476));
#8637=CARTESIAN_POINT('',(0.0566664701876558,0.0520258226805143,0.0610602399071191));
#8638=CARTESIAN_POINT('',(0.0564500808944624,0.0523072650290626,0.0612740019930618));
#8639=CARTESIAN_POINT('',(0.0561058764777735,0.0525063924132901,0.0614704495469623));
#8640=CARTESIAN_POINT('',(0.0556876733597066,0.0523596602828156,0.0615421470145245));
#8641=CARTESIAN_POINT('',(0.0554267583812234,0.0520253955876401,0.0615136834568576));
#8642=CARTESIAN_POINT('',(0.0551907016921301,0.0515328699554381,0.0614552150248128));
#8643=CARTESIAN_POINT('',(0.0550427661447507,0.0508626703088793,0.0613815946644212));
#8644=CARTESIAN_POINT('',(0.055085986980117,0.0500180241837322,0.0614207900252125));
#8645=CARTESIAN_POINT('',(0.055528210325077,0.0493053022289437,0.0615928065190503));
#8646=CARTESIAN_POINT('',(0.0562474918696858,0.0488506372983981,0.0614960362234375));
#8647=CARTESIAN_POINT('',(0.0568275716052507,0.0485066394544124,0.0609617436263534));
#8648=CARTESIAN_POINT('',(0.0569405499209216,0.0481704341830771,0.0605199073061389));
#8649=CARTESIAN_POINT('',(0.0569489937864705,0.0479767653551678,0.0603226233518337));
#8650=CARTESIAN_POINT('',(0.0575836707033365,0.0469755441444661,0.057959188483352));
#8651=CARTESIAN_POINT('',(0.057596457558817,0.0471155282800264,0.057899887045621));
#8652=CARTESIAN_POINT('',(0.0575790917956393,0.047427401162147,0.0579850305105668));
#8653=CARTESIAN_POINT('',(0.0575366315880978,0.0478445457288067,0.0581247492016402));
#8654=CARTESIAN_POINT('',(0.0574643933884137,0.0482625566338386,0.0582835609469491));
#8655=CARTESIAN_POINT('',(0.057361407629993,0.0486727443128947,0.058442696583629));
#8656=CARTESIAN_POINT('',(0.0572225389060245,0.0490691497912129,0.0585990996513479));
#8657=CARTESIAN_POINT('',(0.0570288469231208,0.0494503431184909,0.0587505518446934));
#8658=CARTESIAN_POINT('',(0.056765013772685,0.0497948918786247,0.0588881137211955));
#8659=CARTESIAN_POINT('',(0.0563273091517667,0.0500049353204192,0.0589721901728954));
#8660=CARTESIAN_POINT('',(0.0558907855107678,0.0497915963060993,0.0588867956700903));
#8661=CARTESIAN_POINT('',(0.0556289086680007,0.049448040121122,0.058749635514579));
#8662=CARTESIAN_POINT('',(0.0554355362687344,0.0490667933595411,0.0585981635997071));
#8663=CARTESIAN_POINT('',(0.0552970631647817,0.0486706471976257,0.058441884816744));
#8664=CARTESIAN_POINT('',(0.0551943291805628,0.048260908706067,0.058282892681264));
#8665=CARTESIAN_POINT('',(0.0551222924467648,0.047843187924699,0.0581243890385977));
#8666=CARTESIAN_POINT('',(0.0550798391782654,0.0474268642465464,0.0579843895575547));
#8667=CARTESIAN_POINT('',(0.0550627563563169,0.0471139242552867,0.0579005665581444));
#8668=CARTESIAN_POINT('',(0.0550753966921047,0.0469755441444658,0.0579591884833521));
#8669=CARTESIAN_POINT('',(0.0563295336977206,0.0467566331753583,0.0448848787382763));
#8670=CARTESIAN_POINT('',(0.0550702102076043,0.0468297880418225,0.0540172386661012));
#8671=CARTESIAN_POINT('',(0.0550702102076043,0.0470856621650008,0.0540151889837123));
#8672=CARTESIAN_POINT('',(0.055220724212406,0.0475756396437026,0.0539089157076169));
#8673=CARTESIAN_POINT('',(0.0558517834162883,0.0480804771345213,0.0537906845167403));
#8674=CARTESIAN_POINT('',(0.0565875558368488,0.0481075921515548,0.0541662995868092));
#8675=CARTESIAN_POINT('',(0.0568069377443868,0.0480007020165692,0.054644912189434));
#8676=CARTESIAN_POINT('',(0.0568389062528917,0.0479885648852406,0.0548948586006137));
#8677=CARTESIAN_POINT('',(0.0550702102076043,0.0468297880418225,0.0540172386661012));
#8678=CARTESIAN_POINT('',(0.0568389062528917,0.0479885648852406,0.0548948586006137));
#8679=CARTESIAN_POINT('',(0.0550702102076043,0.0467566331753583,0.0448848787382763));
#8680=CARTESIAN_POINT('',(0.0550702102076043,0.0468464203809539,0.0560935531306295));
#8681=CARTESIAN_POINT('',(0.0552372334128142,0.0474737427784748,0.0561664647993436));
#8682=CARTESIAN_POINT('',(0.0551294927925108,0.0472856448024331,0.0561275142613274));
#8683=CARTESIAN_POINT('',(0.0550702102076043,0.0470690240664201,0.0560917699614363));
#8684=CARTESIAN_POINT('',(0.0550702102076043,0.0468464203809539,0.0560935531306295));
#8685=CARTESIAN_POINT('',(0.0552372334128141,0.0474737427784748,0.0561664647993437));
#8686=CARTESIAN_POINT('',(0.0563295336977206,0.0468591644221079,0.057684468081042));
#8687=CARTESIAN_POINT('',(0.0550753966921047,0.0469711281906398,0.0574079185307664));
#8688=CARTESIAN_POINT('',(0.0550702102076043,0.0468571547662968,0.0574335907151877));
#8689=CARTESIAN_POINT('',(0.0550702102076043,0.046896969278882,0.0574332717806106));
#8690=CARTESIAN_POINT('',(0.0550720910593202,0.0469349397666384,0.0574232490220649));
#8691=CARTESIAN_POINT('',(0.0550753966921043,0.0469711281906387,0.0574079185307645));
#8692=CARTESIAN_POINT('',(0.0550702102076043,0.0468571547662968,0.0574335907151877));
#8693=CARTESIAN_POINT('',(0.0550702102076043,0.0467566331753583,0.0448848787382763));
#8694=CARTESIAN_POINT('',(0.0563295336977206,0.0468591644221079,0.057684468081042));
#8695=CARTESIAN_POINT('',(0.0575888571878369,0.0467566331753583,0.0448848787382763));
#8696=CARTESIAN_POINT('',(0.0575888571878369,0.0468571547662968,0.0574335907151877));
#8697=CARTESIAN_POINT('',(0.0575836707033365,0.0469711281906394,0.0574079185307663));
#8698=CARTESIAN_POINT('',(0.0575869502997322,0.0469352248000724,0.0574231282734384));
#8699=CARTESIAN_POINT('',(0.0575888571878369,0.0468967340560596,0.0574332736648655));
#8700=CARTESIAN_POINT('',(0.0575888571878369,0.0468571547662968,0.0574335907151877));
#8701=CARTESIAN_POINT('',(0.0575836707033365,0.0469711281906394,0.0574079185307663));
#8702=CARTESIAN_POINT('',(0.0563295336977206,0.0468591644221079,0.057684468081042));
#8703=CARTESIAN_POINT('',(0.0563295336977206,0.0341621063260919,0.0705865886705572));
#8704=CARTESIAN_POINT('',(0.0568389062528917,0.0479885648852405,0.0548948586006136));
#8705=CARTESIAN_POINT('',(0.0568142176054611,0.0481645189873385,0.0547004955285663));
#8706=CARTESIAN_POINT('',(0.056660023119267,0.0484683596329396,0.0542800338843549));
#8707=CARTESIAN_POINT('',(0.0560629758637842,0.0488229506776703,0.0538449167391697));
#8708=CARTESIAN_POINT('',(0.0554047937055108,0.0493106853299243,0.0538297890924889));
#8709=CARTESIAN_POINT('',(0.0550578094566738,0.0500307474862383,0.0539951171754394));
#8710=CARTESIAN_POINT('',(0.0550602568781844,0.0508380284527502,0.0539911699519047));
#8711=CARTESIAN_POINT('',(0.0552155257476858,0.0514698861893302,0.0539009432643491));
#8712=CARTESIAN_POINT('',(0.0554521163505016,0.0519369228822114,0.0538343186088403));
#8713=CARTESIAN_POINT('',(0.0557128156046926,0.0522510004142717,0.0538042706121363));
#8714=CARTESIAN_POINT('',(0.0561155751816222,0.0523682159030644,0.053885054707471));
#8715=CARTESIAN_POINT('',(0.0564310170500228,0.0521708676885653,0.0540873325374713));
#8716=CARTESIAN_POINT('',(0.0566269948575065,0.0519070070413038,0.0543047999949535));
#8717=CARTESIAN_POINT('',(0.0568034767283196,0.0515186324781024,0.0546198509885496));
#8718=CARTESIAN_POINT('',(0.0568919361782895,0.0510246194743611,0.0550536046947332));
#8719=CARTESIAN_POINT('',(0.0567316410704278,0.0505333575822315,0.0556785842753696));
#8720=CARTESIAN_POINT('',(0.0561859531538959,0.0501786211013304,0.0561763275959281));
#8721=CARTESIAN_POINT('',(0.05550621964184,0.0497260426389413,0.056262372519517));
#8722=CARTESIAN_POINT('',(0.0550885044484117,0.0490442096932194,0.0560945470706377));
#8723=CARTESIAN_POINT('',(0.0550435261780601,0.0482315778183621,0.0560649295711321));
#8724=CARTESIAN_POINT('',(0.0551502240354863,0.0477206068877289,0.056131814708558));
#8725=CARTESIAN_POINT('',(0.0552372334128141,0.0474737427784748,0.0561664647993436));
#8726=CARTESIAN_POINT('',(0.0550753966921047,0.0469711281906398,0.0574079185307664));
#8727=CARTESIAN_POINT('',(0.0550626098366242,0.0471120443709067,0.0574649698135256));
#8728=CARTESIAN_POINT('',(0.0550799755998019,0.0474225132331619,0.0573748410734084));
#8729=CARTESIAN_POINT('',(0.0551224358073434,0.0478373659758589,0.0572284576590273));
#8730=CARTESIAN_POINT('',(0.0551946740070276,0.0482527790751507,0.0570629697618556));
#8731=CARTESIAN_POINT('',(0.0552976597654483,0.0486603647636707,0.0568972833429052));
#8732=CARTESIAN_POINT('',(0.0554365284894168,0.0490542137958361,0.0567345499330137));
#8733=CARTESIAN_POINT('',(0.0556302204723205,0.0494329319420856,0.0565770104607161));
#8734=CARTESIAN_POINT('',(0.0558940536227563,0.04977523274651,0.0564339465684621));
#8735=CARTESIAN_POINT('',(0.0563317582436746,0.0499839023295858,0.0563465160116171));
#8736=CARTESIAN_POINT('',(0.0567682818846734,0.0497719587120697,0.0564353172454739));
#8737=CARTESIAN_POINT('',(0.0570301587274405,0.0494306439198587,0.0565779635672421));
#8738=CARTESIAN_POINT('',(0.0572235311267068,0.0490518726621021,0.0567355236145522));
#8739=CARTESIAN_POINT('',(0.0573620042306596,0.048658280922021,0.0568981286013902));
#8740=CARTESIAN_POINT('',(0.0574647382148784,0.0482511420644666,0.0570636643415752));
#8741=CARTESIAN_POINT('',(0.0575367749486764,0.0478360141158053,0.0572288395278636));
#8742=CARTESIAN_POINT('',(0.0575792282171758,0.0474219866545257,0.0573754905455524));
#8743=CARTESIAN_POINT('',(0.0575963110391243,0.0471104296662227,0.0574643160846686));
#8744=CARTESIAN_POINT('',(0.0575836707033365,0.0469711281906394,0.0574079185307663));
#8745=CARTESIAN_POINT('',(0.0741313215186279,0.0468591644221079,0.057684468081042));
#8746=CARTESIAN_POINT('',(0.0741313215186279,0.0468591644221079,0.057684468081042));
#8747=CARTESIAN_POINT('',(0.0741313215186279,0.0467566331753583,0.0448848787382764));
#8748=CARTESIAN_POINT('',(0.0771313215186279,0.040276844003489,0.0649448439601982));
#8749=CARTESIAN_POINT('',(0.0767798517028301,0.0400992385363452,0.0652582365640868));
#8750=CARTESIAN_POINT('',(0.0764278989574658,0.0399218659602349,0.0655712182215751));
#8751=CARTESIAN_POINT('',(0.0760755941488839,0.0397446631653355,0.0658839002927012));
#8752=CARTESIAN_POINT('',(0.0771313215186279,0.040276844003489,0.0649448439601982));
#8753=CARTESIAN_POINT('',(0.0760755941488837,0.0397446631653355,0.065883900292701));
#8754=CARTESIAN_POINT('',(0.0771313215186279,0.0468591644221079,0.057684468081042));
#8755=CARTESIAN_POINT('',(0.0771313215186279,0.044012516080946,0.067061919399058));
#8756=CARTESIAN_POINT('',(0.0760755941488839,0.0434803352427925,0.0680009757315609));
#8757=CARTESIAN_POINT('',(0.0764278989574658,0.0436575380376918,0.0676882936604348));
#8758=CARTESIAN_POINT('',(0.0767798517028301,0.0438349106138022,0.0673753120029466));
#8759=CARTESIAN_POINT('',(0.0771313215186279,0.044012516080946,0.067061919399058));
#8760=CARTESIAN_POINT('',(0.0760755941488837,0.0434803352427925,0.0680009757315608));
#8761=CARTESIAN_POINT('',(0.0760755941488837,0.0468591644221079,0.057684468081042));
#8762=CARTESIAN_POINT('',(0.0760755941488837,0.0575173316423995,0.0597460907988335));
#8763=CARTESIAN_POINT('',(0.0771313215186279,0.0564379945837904,0.0597547368398368));
#8764=CARTESIAN_POINT('',(0.076779854364152,0.0567982005461956,0.0597518514061387));
#8765=CARTESIAN_POINT('',(0.0764279013602544,0.0571579371769218,0.0597489697320269));
#8766=CARTESIAN_POINT('',(0.0760755941488837,0.0575173316423995,0.0597460907988336));
#8767=CARTESIAN_POINT('',(0.0771313215186279,0.0564379945837904,0.0597547368398368));
#8768=CARTESIAN_POINT('',(0.0771313215186279,0.0468591644221079,0.057684468081042));
#8769=CARTESIAN_POINT('',(0.0771313215186279,0.0564035996568426,0.0554610122011209));
#8770=CARTESIAN_POINT('',(0.0760755941488837,0.0574829367154517,0.0554523661601177));
#8771=CARTESIAN_POINT('',(0.0764279053907347,0.0571235381384137,0.0554552451262467));
#8772=CARTESIAN_POINT('',(0.0767798588281285,0.0567638010442799,0.0554581268040706));
#8773=CARTESIAN_POINT('',(0.0771313215186279,0.0564035996568426,0.0554610122011209));
#8774=CARTESIAN_POINT('',(0.0760755941488837,0.0574829367154517,0.0554523661601177));
#8775=CARTESIAN_POINT('',(0.0760755941488837,0.0468591644221079,0.057684468081042));
#8776=CARTESIAN_POINT('',(0.0760755941488837,0.043315498458589,0.047423413151591));
#8777=CARTESIAN_POINT('',(0.0771313215186279,0.0438626546790446,0.0483538234430909));
#8778=CARTESIAN_POINT('',(0.0767798517028301,0.0436800514562907,0.0480433162947489));
#8779=CARTESIAN_POINT('',(0.0764278989574656,0.0434976876780425,0.0477332163091586));
#8780=CARTESIAN_POINT('',(0.0760755941488837,0.043315498458589,0.047423413151591));
#8781=CARTESIAN_POINT('',(0.0771313215186279,0.0438626546790446,0.0483538234430909));
#8782=CARTESIAN_POINT('',(0.0771313215186279,0.0468591644221079,0.057684468081042));
#8783=CARTESIAN_POINT('',(0.0771313215186279,0.0401613775285352,0.0505304726429469));
#8784=CARTESIAN_POINT('',(0.0760755941488838,0.0396142213080798,0.049600062351447));
#8785=CARTESIAN_POINT('',(0.0764278989574657,0.0397964105275333,0.0499098655090146));
#8786=CARTESIAN_POINT('',(0.0767798517028301,0.0399787743057815,0.0502199654946049));
#8787=CARTESIAN_POINT('',(0.0771313215186279,0.0401613775285353,0.0505304726429469));
#8788=CARTESIAN_POINT('',(0.0760755941488837,0.0396142213080798,0.0496000623514471));
#8789=CARTESIAN_POINT('',(0.0760755941488837,0.0468591644221079,0.057684468081042));
#8790=CARTESIAN_POINT('',(0.0771313215186279,0.0468591644221079,0.057684468081042));
#8791=CARTESIAN_POINT('',(0.0771313215186279,0.0449913283833796,0.0566259303616122));
#8792=CARTESIAN_POINT('',(0.0771313215186279,0.0430284036877387,0.0600895967199566));
#8793=CARTESIAN_POINT('',(0.0771313215186279,0.0468591644221079,0.057684468081042));
#8794=CARTESIAN_POINT('',(0.0771313215186279,0.0467640757651958,0.0622066721588163));
#8795=CARTESIAN_POINT('',(0.0771313215186279,0.0487270004608365,0.0587430058004721));
#8796=CARTESIAN_POINT('',(0.0771313215186279,0.0468591644221079,0.057684468081042));
#8797=CARTESIAN_POINT('',(0.0771313215186279,0.0468591644221079,0.057684468081042));
#8798=CARTESIAN_POINT('',(0.0771313215186279,0.0429903651381141,0.0553410168496568));
#8799=CARTESIAN_POINT('',(0.0771313215186279,0.0466916422886234,0.0531643676498011));
#8800=CARTESIAN_POINT('',(0.0771313215186279,0.0450085258468536,0.0587727926809699));
#8801=CARTESIAN_POINT('',(0.0771313215186279,0.0487098029973628,0.0565961434811138));
#8802=CARTESIAN_POINT('',(0.0771313215186279,0.0468591644221079,0.057684468081042));
#8803=CARTESIAN_POINT('',(0.0771313215186279,0.0468591644221079,0.057684468081042));
#8804=CARTESIAN_POINT('',(0.0771313215186279,0.0508230523630141,0.0555057152346526));
#8805=CARTESIAN_POINT('',(0.0771313215186279,0.050857447289962,0.0597994398733685));
#8806=CARTESIAN_POINT('',(0.0771313215186279,0.046841966958634,0.0555376057616841));
#8807=CARTESIAN_POINT('',(0.0771313215186279,0.0468763618855818,0.0598313304004));
#8808=CARTESIAN_POINT('',(0.0741313215186279,0.0468591644221079,0.057684468081042));
#8809=CARTESIAN_POINT('',(0.0598813215186279,0.0468591644221079,0.057684468081042));
#8810=CARTESIAN_POINT('',(0.0598813215186279,0.0467566331753583,0.0448848787382764));
#8811=CARTESIAN_POINT('',(0.0598813215186279,0.0468591644221079,0.057684468081042));
#8812=CARTESIAN_POINT('',(0.0598813215186279,0.0468591644221079,0.057684468081042));
#8813=CARTESIAN_POINT('',(0.0598813215186279,0.0469405105912084,0.0678393973548123));
#8814=CARTESIAN_POINT('',(0.0771313215186279,0.0468591644221079,0.057684468081042));
#8815=CARTESIAN_POINT('',(0.0751313215186279,0.050857447289962,0.0597994398733685));
#8816=CARTESIAN_POINT('',(0.0751313215186279,0.050857447289962,0.0597994398733685));
#8817=CARTESIAN_POINT('',(0.0751313215186279,0.0468591644221079,0.057684468081042));
#8818=CARTESIAN_POINT('',(0.0751313215186279,0.0467640757651958,0.0622066721588163));
#8819=CARTESIAN_POINT('',(0.0751313215186279,0.0467640757651958,0.0622066721588163));
#8820=CARTESIAN_POINT('',(0.0751313215186279,0.0430284036877387,0.0600895967199566));
#8821=CARTESIAN_POINT('',(0.0751313215186279,0.0430284036877387,0.0600895967199566));
#8822=CARTESIAN_POINT('',(0.0751313215186279,0.0468591644221079,0.057684468081042));
#8823=CARTESIAN_POINT('',(0.0751313215186279,0.0429903651381141,0.0553410168496568));
#8824=CARTESIAN_POINT('',(0.0751313215186279,0.0429903651381141,0.0553410168496568));
#8825=CARTESIAN_POINT('',(0.0751313215186279,0.0466916422886234,0.0531643676498011));
#8826=CARTESIAN_POINT('',(0.0751313215186279,0.0466916422886234,0.0531643676498011));
#8827=CARTESIAN_POINT('',(0.0751313215186279,0.0468591644221079,0.057684468081042));
#8828=CARTESIAN_POINT('',(0.0751313215186279,0.0508230523630144,0.055505715234653));
#8829=CARTESIAN_POINT('',(0.0751313215186279,0.0508230523630144,0.055505715234653));
#8830=CARTESIAN_POINT('',(0.0791313215186279,0.0468591644221079,0.057684468081042));
#8831=CARTESIAN_POINT('',(0.0791313215186279,0.046822932413272,0.0531614095124131));
#8832=CARTESIAN_POINT('',(0.0791313215186279,0.0468591644221079,0.057684468081042));
#8833=CARTESIAN_POINT('',(0.0751313215186279,0.0468591644221079,0.057684468081042));
#8834=CARTESIAN_POINT('',(0.0751313215186279,0.0434803352427925,0.0680009757315608));
#8835=CARTESIAN_POINT('',(0.0751313215186279,0.0434803352427925,0.0680009757315608));
#8836=CARTESIAN_POINT('',(0.0751313215186279,0.0468591644221079,0.057684468081042));
#8837=CARTESIAN_POINT('',(0.0751313215186279,0.0575173316423995,0.0597460907988335));
#8838=CARTESIAN_POINT('',(0.0751313215186279,0.0575173316423995,0.0597460907988335));
#8839=CARTESIAN_POINT('',(0.0751313215186279,0.0487270004608365,0.0587430058004721));
#8840=CARTESIAN_POINT('',(0.0751313215186279,0.0487270004608365,0.0587430058004721));
#8841=CARTESIAN_POINT('',(0.0751313215186279,0.0468763618855818,0.0598313304004));
#8842=CARTESIAN_POINT('',(0.0751313215186279,0.0468763618855818,0.0598313304004));
#8843=CARTESIAN_POINT('',(0.0751313215186279,0.0468591644221079,0.057684468081042));
#8844=CARTESIAN_POINT('',(0.0751313215186279,0.0468591644221079,0.057684468081042));
#8845=CARTESIAN_POINT('',(0.0751313215186279,0.0574829367154517,0.0554523661601177));
#8846=CARTESIAN_POINT('',(0.0751313215186279,0.0574829367154517,0.0554523661601177));
#8847=CARTESIAN_POINT('',(0.0751313215186279,0.0468591644221079,0.057684468081042));
#8848=CARTESIAN_POINT('',(0.0751313215186279,0.043315498458589,0.047423413151591));
#8849=CARTESIAN_POINT('',(0.0751313215186279,0.043315498458589,0.047423413151591));
#8850=CARTESIAN_POINT('',(0.0751313215186279,0.0487098029973628,0.0565961434811138));
#8851=CARTESIAN_POINT('',(0.0751313215186279,0.0487098029973628,0.0565961434811138));
#8852=CARTESIAN_POINT('',(0.0751313215186279,0.046841966958634,0.0555376057616841));
#8853=CARTESIAN_POINT('',(0.0751313215186279,0.046841966958634,0.0555376057616841));
#8854=CARTESIAN_POINT('',(0.0751313215186279,0.0468591644221079,0.057684468081042));
#8855=CARTESIAN_POINT('',(0.0751313215186279,0.0468591644221079,0.057684468081042));
#8856=CARTESIAN_POINT('',(0.0751313215186279,0.0396142213080798,0.0496000623514471));
#8857=CARTESIAN_POINT('',(0.0751313215186279,0.0396142213080798,0.0496000623514471));
#8858=CARTESIAN_POINT('',(0.0751313215186279,0.0468591644221079,0.057684468081042));
#8859=CARTESIAN_POINT('',(0.0751313215186279,0.0397446631653355,0.065883900292701));
#8860=CARTESIAN_POINT('',(0.0751313215186279,0.0397446631653355,0.065883900292701));
#8861=CARTESIAN_POINT('',(0.0751313215186279,0.0449913283833796,0.0566259303616122));
#8862=CARTESIAN_POINT('',(0.0751313215186279,0.0449913283833796,0.0566259303616122));
#8863=CARTESIAN_POINT('',(0.0751313215186279,0.0450085258468536,0.0587727926809699));
#8864=CARTESIAN_POINT('',(0.0751313215186279,0.0450085258468536,0.0587727926809699));
#8865=CARTESIAN_POINT('',(0.0751313215186279,0.0468591644221079,0.057684468081042));
#8866=CARTESIAN_POINT('',(0.0588813215186279,0.0468591644221079,0.057684468081042));
#8867=CARTESIAN_POINT('',(0.0588813215186279,0.0468591644221079,0.057684468081042));
#8868=CARTESIAN_POINT('',(0.0588813215186279,0.0469405105912084,0.0678393973548123));
#8869=CARTESIAN_POINT('',(0.0578813215186279,0.0468591644221079,0.057684468081042));
#8870=CARTESIAN_POINT('',(0.0588813215186279,0.0468591644221079,0.057684468081042));
#8871=CARTESIAN_POINT('',(0.0588813215186279,0.0469616956688575,0.0704840574238076));
#8872=CARTESIAN_POINT('',(0.0588813215186279,0.0468591644221079,0.057684468081042));
#8873=CARTESIAN_POINT('',(0.0563295336977206,0.0341621063260919,0.0705865886705572));
#8874=CARTESIAN_POINT('',(0.0563295336977206,0.0468591644221079,0.057684468081042));
#8875=CARTESIAN_POINT('',(0.0563295336977206,0.0339570438325927,0.0449874099850259));
#8876=CARTESIAN_POINT('',(0.0563295336977206,0.0468591644221079,0.057684468081042));
#8877=CARTESIAN_POINT('',(0.0563295336977206,0.0340595750793422,0.0577869993277916));
#8878=CARTESIAN_POINT('',(0.0498813215186279,0.0468591644221079,0.057684468081042));
#8879=CARTESIAN_POINT('',(0.0563295336977206,0.0828580094486363,0.0573960989495588));
#8880=CARTESIAN_POINT('',(0.0563295336977206,0.0468591644221079,0.057684468081042));
#8881=CARTESIAN_POINT('',(0.0563295336977206,0.0828580094486363,0.0573960989495588));
#8882=CARTESIAN_POINT('',(0.0563295336977206,0.0468591644221079,0.057684468081042));
#8883=CARTESIAN_POINT('',(0.0563295336977206,0.0468591644221079,0.057684468081042));
#8884=CARTESIAN_POINT('',(0.0563295336977206,0.0828580094486363,0.0573960989495588));
#8885=CARTESIAN_POINT('',(0.0563295336977206,0.0828580094486363,0.0573960989495588));
#8886=CARTESIAN_POINT('',(0.0563295336977206,0.0828682951855839,0.0586801290690609));
#8887=CARTESIAN_POINT('',(0.0563295336977206,0.0828580094486363,0.0573960989495588));
#8888=CARTESIAN_POINT('',(0.0556563320689083,0.0828369492379166,0.0547670267668821));
#8889=CARTESIAN_POINT('',(0.0556563320689083,0.0828369492379166,0.0547670267668821));
#8890=CARTESIAN_POINT('',(0.0556563320689083,0.0828464991886145,0.0559592042839989));
#8891=CARTESIAN_POINT('',(0.0556563320689083,0.0828369492379166,0.0547670267668821));
#8892=CARTESIAN_POINT('',(0.0556563320689083,0.0468381042113882,0.0550553958983653));
#8893=CARTESIAN_POINT('',(0.0556563320689083,0.0468381042113882,0.0550553958983653));
#8894=CARTESIAN_POINT('',(0.0556563320689083,0.0828369492379166,0.0547670267668821));
#8895=CARTESIAN_POINT('',(0.0556563320689083,0.0828787730366698,0.059988141946564));
#8896=CARTESIAN_POINT('',(0.0556563320689083,0.0468799280101414,0.0602765110780472));
#8897=CARTESIAN_POINT('',(0.0556563320689083,0.0468799280101414,0.0602765110780472));
#8898=CARTESIAN_POINT('',(0.0556563320689083,0.0828787730366698,0.059988141946564));
#8899=CARTESIAN_POINT('',(0.0556563320689083,0.0828787730366698,0.059988141946564));
#8900=CARTESIAN_POINT('',(0.0556563320689083,0.0828891369180762,0.0612819273066785));
#8901=CARTESIAN_POINT('',(0.0556563320689083,0.0828787730366698,0.059988141946564));
#8902=CARTESIAN_POINT('',(-0.0494568240836308,0.012174934440334,0.0271876947341592));
#8903=CARTESIAN_POINT('',(0.044393836371045,0.0730091644221079,0.057684468081042));
#8904=CARTESIAN_POINT('',(0.044393836371045,0.0468591644221079,0.057684468081042));
#8905=CARTESIAN_POINT('',(0.044393836371045,0.0468591644221079,0.0295349516887323));
#8906=CARTESIAN_POINT('',(0.044393836371045,0.0660571135313229,0.0399007325342006));
#8907=CARTESIAN_POINT('',(0.044393836371045,0.0660570428135723,0.03990066181645));
#8908=CARTESIAN_POINT('',(0.044393836371045,0.0653500067501363,0.039193625753014));
#8909=CARTESIAN_POINT('',(0.044393836371045,0.0468591644221079,0.057684468081042));
#8910=CARTESIAN_POINT('',(0.044393836371045,0.0478589644021042,0.0315535878815539));
#8911=CARTESIAN_POINT('',(0.044393836371045,0.0478589644021042,0.0315535878815539));
#8912=CARTESIAN_POINT('',(0.044393836371045,0.0478589644021042,0.0315472146147166));
#8913=CARTESIAN_POINT('',(0.044393836371045,0.0478589644021042,0.0315408413478793));
#8914=CARTESIAN_POINT('',(0.044393836371045,0.0478589644021042,0.031534468081042));
#8915=CARTESIAN_POINT('',(0.044393836371045,0.0478590644121062,0.031534468081042));
#8916=CARTESIAN_POINT('',(0.044393836371045,0.0478591644221082,0.031534468081042));
#8917=CARTESIAN_POINT('',(0.044393836371045,0.0468591644221082,0.031534468081042));
#8918=CARTESIAN_POINT('',(0.044393836371045,0.0468591644221079,0.057684468081042));
#8919=CARTESIAN_POINT('',(0.044393836371045,0.0290888071803621,0.0385001801479251));
#8920=CARTESIAN_POINT('',(0.044393836371045,0.0290888071803622,0.0385001801479251));
#8921=CARTESIAN_POINT('',(0.044393836371045,0.0290843006001632,0.0384956735677261));
#8922=CARTESIAN_POINT('',(0.044393836371045,0.0290797940199643,0.0384911669875272));
#8923=CARTESIAN_POINT('',(0.044393836371045,0.0290752874397653,0.0384866604073282));
#8924=CARTESIAN_POINT('',(0.044393836371045,0.0290753581575158,0.0384865896895777));
#8925=CARTESIAN_POINT('',(0.044393836371045,0.0290754288752664,0.0384865189718271));
#8926=CARTESIAN_POINT('',(0.044393836371045,0.0283683220940799,0.0391936257530136));
#8927=CARTESIAN_POINT('',(0.044393836371045,0.0468591644221079,0.057684468081042));
#8928=CARTESIAN_POINT('',(0.044393836371045,0.0207282842226198,0.056684668101046));
#8929=CARTESIAN_POINT('',(0.044393836371045,0.0207282842226198,0.056684668101046));
#8930=CARTESIAN_POINT('',(0.044393836371045,0.0207219109557825,0.056684668101046));
#8931=CARTESIAN_POINT('',(0.044393836371045,0.0207155376889452,0.056684668101046));
#8932=CARTESIAN_POINT('',(0.044393836371045,0.0207091644221079,0.056684668101046));
#8933=CARTESIAN_POINT('',(0.044393836371045,0.0207091644221079,0.056684568091044));
#8934=CARTESIAN_POINT('',(0.044393836371045,0.0207091644221079,0.056684468081042));
#8935=CARTESIAN_POINT('',(0.044393836371045,0.0207091644221079,0.057684468081042));
#8936=CARTESIAN_POINT('',(0.044393836371045,0.0468591644221079,0.057684468081042));
#8937=CARTESIAN_POINT('',(0.044393836371045,0.0276748764889911,0.0754548253227879));
#8938=CARTESIAN_POINT('',(0.044393836371045,0.0276748764889912,0.0754548253227879));
#8939=CARTESIAN_POINT('',(0.044393836371045,0.0276703699087922,0.0754593319029869));
#8940=CARTESIAN_POINT('',(0.044393836371045,0.0276658633285933,0.0754638384831858));
#8941=CARTESIAN_POINT('',(0.044393836371045,0.0276613567483943,0.0754683450633848));
#8942=CARTESIAN_POINT('',(0.044393836371045,0.0276612860306437,0.0754682743456342));
#8943=CARTESIAN_POINT('',(0.044393836371045,0.027661215312893,0.0754682036278836));
#8944=CARTESIAN_POINT('',(0.044393836371045,0.0283683220940796,0.0761753104090701));
#8945=CARTESIAN_POINT('',(0.044393836371045,0.0468591644221079,0.057684468081042));
#8946=CARTESIAN_POINT('',(0.044393836371045,0.0458593644421118,0.0838153482805301));
#8947=CARTESIAN_POINT('',(0.044393836371045,0.0458593644421118,0.0838153482805301));
#8948=CARTESIAN_POINT('',(0.044393836371045,0.0458593644421118,0.0838217215473674));
#8949=CARTESIAN_POINT('',(0.044393836371045,0.0458593644421118,0.0838280948142047));
#8950=CARTESIAN_POINT('',(0.044393836371045,0.0458593644421118,0.083834468081042));
#8951=CARTESIAN_POINT('',(0.044393836371045,0.0458592644321098,0.083834468081042));
#8952=CARTESIAN_POINT('',(0.044393836371045,0.0458591644221078,0.083834468081042));
#8953=CARTESIAN_POINT('',(0.044393836371045,0.0468591644221078,0.083834468081042));
#8954=CARTESIAN_POINT('',(0.044393836371045,0.0468591644221079,0.057684468081042));
#8955=CARTESIAN_POINT('',(0.044393836371045,0.0646295216638538,0.0768687560141587));
#8956=CARTESIAN_POINT('',(0.044393836371045,0.0646295216638539,0.0768687560141587));
#8957=CARTESIAN_POINT('',(0.044393836371045,0.0646340282440528,0.0768732625943577));
#8958=CARTESIAN_POINT('',(0.044393836371045,0.0646385348242518,0.0768777691745566));
#8959=CARTESIAN_POINT('',(0.044393836371045,0.0646430414044507,0.0768822757547556));
#8960=CARTESIAN_POINT('',(0.044393836371045,0.0646429706867001,0.0768823464725062));
#8961=CARTESIAN_POINT('',(0.044393836371045,0.0646428999689495,0.0768824171902568));
#8962=CARTESIAN_POINT('',(0.044393836371045,0.0653500067501361,0.0761753104090702));
#8963=CARTESIAN_POINT('',(0.044393836371045,0.0468591644221079,0.057684468081042));
#8964=CARTESIAN_POINT('',(0.044393836371045,0.072990044621596,0.058684268061038));
#8965=CARTESIAN_POINT('',(0.044393836371045,0.072990044621596,0.058684268061038));
#8966=CARTESIAN_POINT('',(0.044393836371045,0.0729964178884333,0.058684268061038));
#8967=CARTESIAN_POINT('',(0.044393836371045,0.0730027911552706,0.058684268061038));
#8968=CARTESIAN_POINT('',(0.044393836371045,0.0730091644221079,0.058684268061038));
#8969=CARTESIAN_POINT('',(0.044393836371045,0.0730091644221079,0.05868436807104));
#8970=CARTESIAN_POINT('',(0.044393836371045,0.0730091644221079,0.058684468081042));
#8971=CARTESIAN_POINT('',(0.044393836371045,0.0730091644221079,0.057684468081042));
#8972=CARTESIAN_POINT('',(0.044393836371045,0.0468591644221079,0.057684468081042));
#8973=CARTESIAN_POINT('',(0.044393836371045,0.0660434523552248,0.0399141108392963));
#8974=CARTESIAN_POINT('',(0.044393836371045,0.0660434523552248,0.0399141108392963));
#8975=CARTESIAN_POINT('',(0.044393836371045,0.0660479589354238,0.0399096042590973));
#8976=CARTESIAN_POINT('',(0.044393836371045,0.0660524655156227,0.0399050976788984));
#8977=CARTESIAN_POINT('',(0.044393836371045,0.0660569720958217,0.0399005910986994));
#8978=CARTESIAN_POINT('',(0.034593836371045,0.0468591644221079,0.057684468081042));
#8979=CARTESIAN_POINT('',(0.034593836371045,0.0468591644221079,0.057684468081042));
#8980=CARTESIAN_POINT('',(0.034593836371045,0.046859164422108,0.046184468081042));
#8981=CARTESIAN_POINT('',(0.034593836371045,0.0549908924057533,0.0495527400973968));
#8982=CARTESIAN_POINT('',(0.034593836371045,0.0549908924057533,0.0495527400973968));
#8983=CARTESIAN_POINT('',(0.052893836371045,0.0549908924057533,0.0495527400973968));
#8984=CARTESIAN_POINT('',(0.052893836371045,0.0468591644221079,0.057684468081042));
#8985=CARTESIAN_POINT('',(0.052893836371045,0.047859164422108,0.0462280288436524));
#8986=CARTESIAN_POINT('',(0.034593836371045,0.047859164422108,0.0462280288436524));
#8987=CARTESIAN_POINT('',(0.0445938363710451,0.047859164422108,0.0462280288436524));
#8988=CARTESIAN_POINT('',(0.044593836371045,0.047859164422108,0.0462280288436524));
#8989=CARTESIAN_POINT('',(0.0441636217850217,0.047859164422108,0.0462280288436524));
#8990=CARTESIAN_POINT('',(0.0433007727001858,0.0478534158250409,0.0462275261919383));
#8991=CARTESIAN_POINT('',(0.0422868152924098,0.0478340056205466,0.0462258499646059));
#8992=CARTESIAN_POINT('',(0.0413872350207146,0.0478072690393919,0.0462236100272464));
#8993=CARTESIAN_POINT('',(0.0407462197605179,0.0477830553823036,0.0462216303812305));
#8994=CARTESIAN_POINT('',(0.0402278168822326,0.0477594058425347,0.0462197495403083));
#8995=CARTESIAN_POINT('',(0.0398130981992162,0.0477376844750783,0.0462180703079132));
#8996=CARTESIAN_POINT('',(0.0395336090779223,0.0477219666060626,0.0462168745202119));
#8997=CARTESIAN_POINT('',(0.0391552696849029,0.0476987444470957,0.0462151484602837));
#8998=CARTESIAN_POINT('',(0.0387042719936856,0.0476682033342895,0.0462129432030317));
#8999=CARTESIAN_POINT('',(0.0381532742893837,0.0476257461188324,0.0462100069444683));
#9000=CARTESIAN_POINT('',(0.0376509953816625,0.0475799970123496,0.0462070482239812));
#9001=CARTESIAN_POINT('',(0.037255275597092,0.0475388030125407,0.0462045590628165));
#9002=CARTESIAN_POINT('',(0.0370108654417786,0.0475117199839333,0.0462029754138337));
#9003=CARTESIAN_POINT('',(0.036620498873792,0.0474637164615704,0.0462003372561118));
#9004=CARTESIAN_POINT('',(0.0363055221652455,0.0474196833862381,0.0461981025757433));
#9005=CARTESIAN_POINT('',(0.0359925611305516,0.0473700420399286,0.0461957966083033));
#9006=CARTESIAN_POINT('',(0.035753766239947,0.0473282142826943,0.0461939868986527));
#9007=CARTESIAN_POINT('',(0.0354372192050514,0.0472631108197374,0.0461915056686324));
#9008=CARTESIAN_POINT('',(0.0352396885382197,0.0472130868107476,0.0461899059309821));
#9009=CARTESIAN_POINT('',(0.0351242964542052,0.0471820404624814,0.046188963135954));
#9010=CARTESIAN_POINT('',(0.0349675976654482,0.0471306839611286,0.0461876593425772));
#9011=CARTESIAN_POINT('',(0.0348947280869473,0.0471034759752493,0.0461870463323717));
#9012=CARTESIAN_POINT('',(0.0347453137550927,0.0470387077533585,0.04618578028945));
#9013=CARTESIAN_POINT('',(0.0346266496969003,0.0469578628585718,0.0461847570325325));
#9014=CARTESIAN_POINT('',(0.034593836371045,0.0468921691226651,0.046184468081042));
#9015=CARTESIAN_POINT('',(0.034593836371045,0.0468591644221079,0.046184468081042));
#9016=CARTESIAN_POINT('',(0.034593836371045,0.0468591644221079,0.057684468081042));
#9017=CARTESIAN_POINT('',(0.034593836371045,0.0468591644221079,0.057684468081042));
#9018=CARTESIAN_POINT('',(0.034593836371045,0.0387274364384627,0.0495527400973966));
#9019=CARTESIAN_POINT('',(0.034593836371045,0.046859164422108,0.046184468081042));
#9020=CARTESIAN_POINT('',(0.052893836371045,0.046859164422108,0.046184468081042));
#9021=CARTESIAN_POINT('',(0.052893836371045,0.0468591644221079,0.057684468081042));
#9022=CARTESIAN_POINT('',(0.052893836371045,0.0394653453302847,0.0488764354268456));
#9023=CARTESIAN_POINT('',(0.034593836371045,0.0394653453302847,0.0488764354268456));
#9024=CARTESIAN_POINT('',(0.0445938363710451,0.0394653453302847,0.0488764354268456));
#9025=CARTESIAN_POINT('',(0.044593836371045,0.0394653453302847,0.0488764354268456));
#9026=CARTESIAN_POINT('',(0.0441636217850224,0.0394653453302847,0.0488764354268456));
#9027=CARTESIAN_POINT('',(0.0433007727001876,0.0394609250298806,0.0488801448703784));
#9028=CARTESIAN_POINT('',(0.0422868152924095,0.0394460146709449,0.048892684685887));
#9029=CARTESIAN_POINT('',(0.0413872350207146,0.0394255251782083,0.048910006428831));
#9030=CARTESIAN_POINT('',(0.0407462197605178,0.0394070037159615,0.0489257282488333));
#9031=CARTESIAN_POINT('',(0.0402278168822326,0.0393889510106486,0.0489411210434054));
#9032=CARTESIAN_POINT('',(0.0398130981992162,0.0393724042878098,0.0489552929730167));
#9033=CARTESIAN_POINT('',(0.0395336090779222,0.0393604445264504,0.0489655616351911));
#9034=CARTESIAN_POINT('',(0.0391552696849029,0.0393428034716912,0.0489807616725904));
#9035=CARTESIAN_POINT('',(0.0387042719936856,0.0393196482913637,0.0490007981482035));
#9036=CARTESIAN_POINT('',(0.0381532742893836,0.0392875502580623,0.0490287436848221));
#9037=CARTESIAN_POINT('',(0.0376509953816625,0.039253108623315,0.0490590010569292));
#9038=CARTESIAN_POINT('',(0.0372552755970919,0.0392222199639668,0.0490863695107993));
#9039=CARTESIAN_POINT('',(0.0370108654417785,0.0392019495618488,0.0491044002950479));
#9040=CARTESIAN_POINT('',(0.0366204988737919,0.03916614048645,0.0491364784520166));
#9041=CARTESIAN_POINT('',(0.0363055221652454,0.0391334242426437,0.0491660343805383));
#9042=CARTESIAN_POINT('',(0.0359925611305515,0.039096691944827,0.0491995055479269));
#9043=CARTESIAN_POINT('',(0.0357537662399469,0.0390658355960789,0.0492278025807432));
#9044=CARTESIAN_POINT('',(0.0354372192050513,0.0390180460013702,0.0492720831863057));
#9045=CARTESIAN_POINT('',(0.0352396885382196,0.0389815425000508,0.0493063243169439));
#9046=CARTESIAN_POINT('',(0.0351242964542051,0.038958922759903,0.0493276107435765));
#9047=CARTESIAN_POINT('',(0.0349675976654482,0.0389216863084004,0.049363003352803));
#9048=CARTESIAN_POINT('',(0.0348947280869473,0.0389020138934095,0.0493818088404475));
#9049=CARTESIAN_POINT('',(0.0347453137550927,0.0388553206169698,0.0494267116618167));
#9050=CARTESIAN_POINT('',(0.0346266496969003,0.0387974310917366,0.0494831540832394));
#9051=CARTESIAN_POINT('',(0.034593836371045,0.0387507742860372,0.0495294022498221));
#9052=CARTESIAN_POINT('',(0.034593836371045,0.0387274364384622,0.0495527400973971));
#9053=CARTESIAN_POINT('',(0.034593836371045,0.0468591644221079,0.057684468081042));
#9054=CARTESIAN_POINT('',(0.034593836371045,0.0468591644221079,0.057684468081042));
#9055=CARTESIAN_POINT('',(0.034593836371045,0.0353591644221079,0.057684468081042));
#9056=CARTESIAN_POINT('',(0.034593836371045,0.0387274364384627,0.0495527400973966));
#9057=CARTESIAN_POINT('',(0.052893836371045,0.0387274364384627,0.0495527400973966));
#9058=CARTESIAN_POINT('',(0.052893836371045,0.0468591644221079,0.057684468081042));
#9059=CARTESIAN_POINT('',(0.052893836371045,0.0354027251847183,0.056684468081042));
#9060=CARTESIAN_POINT('',(0.034593836371045,0.0354027251847183,0.056684468081042));
#9061=CARTESIAN_POINT('',(0.0445938363710451,0.0354027251847183,0.056684468081042));
#9062=CARTESIAN_POINT('',(0.044593836371045,0.0354027251847183,0.056684468081042));
#9063=CARTESIAN_POINT('',(0.0441636217850217,0.0354027251847183,0.056684468081042));
#9064=CARTESIAN_POINT('',(0.0433007727001858,0.0354022225330042,0.056690216678109));
#9065=CARTESIAN_POINT('',(0.0422868152924098,0.0354005463056717,0.0567096268826034));
#9066=CARTESIAN_POINT('',(0.0413872350207146,0.0353983063683123,0.0567363634637582));
#9067=CARTESIAN_POINT('',(0.0407462197605179,0.0353963267222964,0.0567605771208465));
#9068=CARTESIAN_POINT('',(0.0402278168822326,0.0353944458813741,0.0567842266606153));
#9069=CARTESIAN_POINT('',(0.0398130981992162,0.0353927666489791,0.0568059480280717));
#9070=CARTESIAN_POINT('',(0.0395336090779223,0.0353915708612778,0.0568216658970875));
#9071=CARTESIAN_POINT('',(0.0391552696849029,0.0353898448013496,0.0568448880560543));
#9072=CARTESIAN_POINT('',(0.0387042719936856,0.0353876395440975,0.0568754291688606));
#9073=CARTESIAN_POINT('',(0.0381532742893836,0.0353847032855342,0.0569178863843176));
#9074=CARTESIAN_POINT('',(0.0376509953816625,0.0353817445650471,0.0569636354908004));
#9075=CARTESIAN_POINT('',(0.037255275597092,0.0353792554038824,0.0570048294906094));
#9076=CARTESIAN_POINT('',(0.0370108654417786,0.0353776717548996,0.0570319125192167));
#9077=CARTESIAN_POINT('',(0.036620498873792,0.0353750335971777,0.0570799160415796));
#9078=CARTESIAN_POINT('',(0.0363055221652455,0.0353727989168092,0.0571239491169119));
#9079=CARTESIAN_POINT('',(0.0359925611305516,0.0353704929493692,0.0571735904632214));
#9080=CARTESIAN_POINT('',(0.035753766239947,0.0353686832397186,0.0572154182204556));
#9081=CARTESIAN_POINT('',(0.0354372192050514,0.0353662020096983,0.0572805216834126));
#9082=CARTESIAN_POINT('',(0.0352396885382196,0.035364602272048,0.0573305456924024));
#9083=CARTESIAN_POINT('',(0.0351242964542052,0.0353636594770199,0.0573615920406687));
#9084=CARTESIAN_POINT('',(0.0349675976654482,0.0353623556836431,0.0574129485420214));
#9085=CARTESIAN_POINT('',(0.0348947280869473,0.0353617426734376,0.0574401565279007));
#9086=CARTESIAN_POINT('',(0.0347453137550927,0.0353604766305159,0.0575049247497916));
#9087=CARTESIAN_POINT('',(0.0346266496969003,0.0353594533735984,0.0575857696445782));
#9088=CARTESIAN_POINT('',(0.034593836371045,0.0353591644221079,0.0576514633804849));
#9089=CARTESIAN_POINT('',(0.034593836371045,0.0353591644221079,0.057684468081042));
#9090=CARTESIAN_POINT('',(0.034593836371045,0.0468591644221079,0.057684468081042));
#9091=CARTESIAN_POINT('',(0.034593836371045,0.0468591644221079,0.057684468081042));
#9092=CARTESIAN_POINT('',(0.034593836371045,0.0387274364384626,0.0658161960646873));
#9093=CARTESIAN_POINT('',(0.034593836371045,0.0353591644221079,0.057684468081042));
#9094=CARTESIAN_POINT('',(0.052893836371045,0.0353591644221079,0.057684468081042));
#9095=CARTESIAN_POINT('',(0.052893836371045,0.0468591644221079,0.057684468081042));
#9096=CARTESIAN_POINT('',(0.052893836371045,0.0380511317679115,0.0650782871728652));
#9097=CARTESIAN_POINT('',(0.034593836371045,0.0380511317679115,0.0650782871728652));
#9098=CARTESIAN_POINT('',(0.0445938363710451,0.0380511317679115,0.0650782871728652));
#9099=CARTESIAN_POINT('',(0.044593836371045,0.0380511317679115,0.0650782871728653));
#9100=CARTESIAN_POINT('',(0.0441636217850205,0.0380511317679115,0.0650782871728653));
#9101=CARTESIAN_POINT('',(0.0433007727001831,0.0380548412114443,0.0650827074732693));
#9102=CARTESIAN_POINT('',(0.04228681529241,0.0380673810269528,0.0650976178322049));
#9103=CARTESIAN_POINT('',(0.0413872350207146,0.0380847027698967,0.0651181073249414));
#9104=CARTESIAN_POINT('',(0.040746219760518,0.038100424589899,0.0651366287871881));
#9105=CARTESIAN_POINT('',(0.0402278168822327,0.038115817384471,0.065154681492501));
#9106=CARTESIAN_POINT('',(0.0398130981992162,0.0381299893140824,0.0651712282153398));
#9107=CARTESIAN_POINT('',(0.0395336090779222,0.0381402579762567,0.0651831879766992));
#9108=CARTESIAN_POINT('',(0.0391552696849029,0.038155458013656,0.0652008290314584));
#9109=CARTESIAN_POINT('',(0.0387042719936856,0.0381754944892691,0.0652239842117858));
#9110=CARTESIAN_POINT('',(0.0381532742893836,0.0382034400258877,0.0652560822450872));
#9111=CARTESIAN_POINT('',(0.0376509953816624,0.0382336973979947,0.0652905238798345));
#9112=CARTESIAN_POINT('',(0.0372552755970919,0.0382610658518649,0.0653214125391827));
#9113=CARTESIAN_POINT('',(0.0370108654417785,0.0382790966361135,0.0653416829413007));
#9114=CARTESIAN_POINT('',(0.0366204988737919,0.0383111747930821,0.0653774920166995));
#9115=CARTESIAN_POINT('',(0.0363055221652454,0.0383407307216038,0.0654102082605058));
#9116=CARTESIAN_POINT('',(0.0359925611305515,0.0383742018889924,0.0654469405583225));
#9117=CARTESIAN_POINT('',(0.0357537662399469,0.0384024989218087,0.0654777969070705));
#9118=CARTESIAN_POINT('',(0.0354372192050513,0.0384467795273712,0.0655255865017792));
#9119=CARTESIAN_POINT('',(0.0352396885382196,0.0384810206580094,0.0655620900030987));
#9120=CARTESIAN_POINT('',(0.0351242964542051,0.0385023070846419,0.0655847097432464));
#9121=CARTESIAN_POINT('',(0.0349675976654481,0.0385376996938685,0.065621946194749));
#9122=CARTESIAN_POINT('',(0.0348947280869472,0.0385565051815129,0.06564161860974));
#9123=CARTESIAN_POINT('',(0.0347453137550926,0.0386014080028821,0.0656883118861796));
#9124=CARTESIAN_POINT('',(0.0346266496969002,0.0386578504243048,0.0657462014114128));
#9125=CARTESIAN_POINT('',(0.034593836371045,0.0387040985908876,0.0657928582171123));
#9126=CARTESIAN_POINT('',(0.034593836371045,0.0387274364384626,0.0658161960646873));
#9127=CARTESIAN_POINT('',(0.034593836371045,0.0468591644221079,0.057684468081042));
#9128=CARTESIAN_POINT('',(0.034593836371045,0.0468591644221079,0.057684468081042));
#9129=CARTESIAN_POINT('',(0.034593836371045,0.0468591644221079,0.069184468081042));
#9130=CARTESIAN_POINT('',(0.034593836371045,0.0387274364384626,0.0658161960646873));
#9131=CARTESIAN_POINT('',(0.052893836371045,0.0387274364384626,0.0658161960646873));
#9132=CARTESIAN_POINT('',(0.052893836371045,0.0468591644221079,0.057684468081042));
#9133=CARTESIAN_POINT('',(0.052893836371045,0.0458591644221079,0.0691409073184316));
#9134=CARTESIAN_POINT('',(0.034593836371045,0.0458591644221079,0.0691409073184316));
#9135=CARTESIAN_POINT('',(0.0445938363710451,0.0458591644221079,0.0691409073184316));
#9136=CARTESIAN_POINT('',(0.044593836371045,0.0458591644221079,0.0691409073184316));
#9137=CARTESIAN_POINT('',(0.0441636217850216,0.0458591644221079,0.0691409073184316));
#9138=CARTESIAN_POINT('',(0.0433007727001857,0.0458649130191749,0.0691414099701457));
#9139=CARTESIAN_POINT('',(0.0422868152924098,0.0458843232236692,0.0691430861974782));
#9140=CARTESIAN_POINT('',(0.0413872350207146,0.045911059804824,0.0691453261348376));
#9141=CARTESIAN_POINT('',(0.0407462197605179,0.0459352734619123,0.0691473057808535));
#9142=CARTESIAN_POINT('',(0.0402278168822327,0.0459589230016812,0.0691491866217757));
#9143=CARTESIAN_POINT('',(0.0398130981992162,0.0459806443691376,0.0691508658541708));
#9144=CARTESIAN_POINT('',(0.0395336090779223,0.0459963622381533,0.0691520616418721));
#9145=CARTESIAN_POINT('',(0.0391552696849029,0.0460195843971202,0.0691537877018003));
#9146=CARTESIAN_POINT('',(0.0387042719936856,0.0460501255099264,0.0691559929590524));
#9147=CARTESIAN_POINT('',(0.0381532742893837,0.0460925827253835,0.0691589292176156));
#9148=CARTESIAN_POINT('',(0.0376509953816625,0.0461383318318663,0.0691618879381029));
#9149=CARTESIAN_POINT('',(0.037255275597092,0.0461795258316752,0.0691643770992675));
#9150=CARTESIAN_POINT('',(0.0370108654417786,0.0462066088602826,0.0691659607482503));
#9151=CARTESIAN_POINT('',(0.036620498873792,0.0462546123826455,0.0691685989059722));
#9152=CARTESIAN_POINT('',(0.0363055221652455,0.0462986454579779,0.0691708335863407));
#9153=CARTESIAN_POINT('',(0.0359925611305516,0.0463482868042873,0.0691731395537807));
#9154=CARTESIAN_POINT('',(0.035753766239947,0.0463901145615216,0.0691749492634313));
#9155=CARTESIAN_POINT('',(0.0354372192050514,0.0464552180244785,0.0691774304934516));
#9156=CARTESIAN_POINT('',(0.0352396885382197,0.0465052420334682,0.0691790302311019));
#9157=CARTESIAN_POINT('',(0.0351242964542052,0.0465362883817345,0.06917997302613));
#9158=CARTESIAN_POINT('',(0.0349675976654482,0.0465876448830873,0.0691812768195068));
#9159=CARTESIAN_POINT('',(0.0348947280869473,0.0466148528689666,0.0691818898297123));
#9160=CARTESIAN_POINT('',(0.0347453137550927,0.0466796210908574,0.069183155872634));
#9161=CARTESIAN_POINT('',(0.0346266496969003,0.046760465985644,0.0691841791295515));
#9162=CARTESIAN_POINT('',(0.034593836371045,0.0468261597215507,0.069184468081042));
#9163=CARTESIAN_POINT('',(0.034593836371045,0.0468591644221078,0.069184468081042));
#9164=CARTESIAN_POINT('',(0.034593836371045,0.0468591644221079,0.057684468081042));
#9165=CARTESIAN_POINT('',(0.034593836371045,0.0468591644221079,0.057684468081042));
#9166=CARTESIAN_POINT('',(0.034593836371045,0.0549908924057532,0.0658161960646873));
#9167=CARTESIAN_POINT('',(0.034593836371045,0.0468591644221079,0.069184468081042));
#9168=CARTESIAN_POINT('',(0.052893836371045,0.0468591644221079,0.069184468081042));
#9169=CARTESIAN_POINT('',(0.052893836371045,0.0468591644221079,0.057684468081042));
#9170=CARTESIAN_POINT('',(0.052893836371045,0.0542529835139312,0.0664925007352384));
#9171=CARTESIAN_POINT('',(0.034593836371045,0.0542529835139312,0.0664925007352384));
#9172=CARTESIAN_POINT('',(0.0445938363710449,0.0542529835139312,0.0664925007352384));
#9173=CARTESIAN_POINT('',(0.044593836371045,0.0542529835139312,0.0664925007352384));
#9174=CARTESIAN_POINT('',(0.0441636217850206,0.0542529835139312,0.0664925007352384));
#9175=CARTESIAN_POINT('',(0.0433007727001833,0.0542574038143352,0.0664887912917056));
#9176=CARTESIAN_POINT('',(0.04228681529241,0.0542723141732708,0.0664762514761971));
#9177=CARTESIAN_POINT('',(0.0413872350207146,0.0542928036660074,0.0664589297332532));
#9178=CARTESIAN_POINT('',(0.0407462197605179,0.054311325128254,0.0664432079132509));
#9179=CARTESIAN_POINT('',(0.0402278168822326,0.054329377833567,0.0664278151186789));
#9180=CARTESIAN_POINT('',(0.0398130981992162,0.0543459245564057,0.0664136431890675));
#9181=CARTESIAN_POINT('',(0.0395336090779222,0.0543578843177651,0.0664033745268931));
#9182=CARTESIAN_POINT('',(0.0391552696849028,0.0543755253725243,0.0663881744894939));
#9183=CARTESIAN_POINT('',(0.0387042719936855,0.0543986805528517,0.0663681380138808));
#9184=CARTESIAN_POINT('',(0.0381532742893835,0.0544307785861531,0.0663401924772622));
#9185=CARTESIAN_POINT('',(0.0376509953816624,0.0544652202209005,0.0663099351051551));
#9186=CARTESIAN_POINT('',(0.0372552755970918,0.0544961088802486,0.066282566651285));
#9187=CARTESIAN_POINT('',(0.0370108654417784,0.0545163792823667,0.0662645358670364));
#9188=CARTESIAN_POINT('',(0.0366204988737919,0.0545521883577654,0.0662324577100677));
#9189=CARTESIAN_POINT('',(0.0363055221652454,0.0545849046015717,0.0662029017815461));
#9190=CARTESIAN_POINT('',(0.0359925611305514,0.0546216368993884,0.0661694306141575));
#9191=CARTESIAN_POINT('',(0.0357537662399468,0.0546524932481365,0.0661411335813411));
#9192=CARTESIAN_POINT('',(0.0354372192050512,0.0547002828428452,0.0660968529757786));
#9193=CARTESIAN_POINT('',(0.0352396885382195,0.0547367863441647,0.0660626118451404));
#9194=CARTESIAN_POINT('',(0.035124296454205,0.0547594060843124,0.0660413254185079));
#9195=CARTESIAN_POINT('',(0.0349675976654481,0.054796642535815,0.0660059328092814));
#9196=CARTESIAN_POINT('',(0.0348947280869472,0.054816314950806,0.0659871273216369));
#9197=CARTESIAN_POINT('',(0.0347453137550926,0.0548630082272456,0.0659422245002677));
#9198=CARTESIAN_POINT('',(0.0346266496969003,0.0549208977524789,0.065885782078845));
#9199=CARTESIAN_POINT('',(0.034593836371045,0.0549675545581783,0.0658395339122622));
#9200=CARTESIAN_POINT('',(0.034593836371045,0.0549908924057533,0.0658161960646872));
#9201=CARTESIAN_POINT('',(0.034593836371045,0.0468591644221079,0.057684468081042));
#9202=CARTESIAN_POINT('',(0.034593836371045,0.0468591644221079,0.057684468081042));
#9203=CARTESIAN_POINT('',(0.034593836371045,0.0583591644221079,0.057684468081042));
#9204=CARTESIAN_POINT('',(0.034593836371045,0.0549908924057532,0.0658161960646873));
#9205=CARTESIAN_POINT('',(0.052893836371045,0.0549908924057532,0.0658161960646873));
#9206=CARTESIAN_POINT('',(0.052893836371045,0.0468591644221079,0.057684468081042));
#9207=CARTESIAN_POINT('',(0.052893836371045,0.0583156036594975,0.058684468081042));
#9208=CARTESIAN_POINT('',(0.034593836371045,0.0583156036594975,0.058684468081042));
#9209=CARTESIAN_POINT('',(0.0445938363710451,0.0583156036594975,0.058684468081042));
#9210=CARTESIAN_POINT('',(0.044593836371045,0.0583156036594975,0.058684468081042));
#9211=CARTESIAN_POINT('',(0.0441636217850217,0.0583156036594975,0.058684468081042));
#9212=CARTESIAN_POINT('',(0.0433007727001858,0.0583161063112116,0.0586787194839749));
#9213=CARTESIAN_POINT('',(0.0422868152924098,0.0583177825385441,0.0586593092794807));
#9214=CARTESIAN_POINT('',(0.0413872350207146,0.0583200224759035,0.0586325726983259));
#9215=CARTESIAN_POINT('',(0.0407462197605179,0.0583220021219194,0.0586083590412376));
#9216=CARTESIAN_POINT('',(0.0402278168822326,0.0583238829628417,0.0585847095014687));
#9217=CARTESIAN_POINT('',(0.0398130981992162,0.0583255621952367,0.0585629881340123));
#9218=CARTESIAN_POINT('',(0.0395336090779223,0.058326757982938,0.0585472702649965));
#9219=CARTESIAN_POINT('',(0.0391552696849029,0.0583284840428662,0.0585240481060297));
#9220=CARTESIAN_POINT('',(0.0387042719936856,0.0583306893001183,0.0584935069932235));
#9221=CARTESIAN_POINT('',(0.0381532742893836,0.0583336255586815,0.0584510497777664));
#9222=CARTESIAN_POINT('',(0.0376509953816625,0.0583365842791688,0.0584053006712836));
#9223=CARTESIAN_POINT('',(0.037255275597092,0.0583390734403334,0.0583641066714746));
#9224=CARTESIAN_POINT('',(0.0370108654417786,0.0583406570893162,0.0583370236428672));
#9225=CARTESIAN_POINT('',(0.036620498873792,0.0583432952470381,0.0582890201205044));
#9226=CARTESIAN_POINT('',(0.0363055221652455,0.0583455299274066,0.0582449870451721));
#9227=CARTESIAN_POINT('',(0.0359925611305515,0.0583478358948466,0.0581953456988626));
#9228=CARTESIAN_POINT('',(0.035753766239947,0.0583496456044972,0.0581535179416283));
#9229=CARTESIAN_POINT('',(0.0354372192050514,0.0583521268345175,0.0580884144786714));
#9230=CARTESIAN_POINT('',(0.0352396885382196,0.0583537265721678,0.0580383904696816));
#9231=CARTESIAN_POINT('',(0.0351242964542052,0.0583546693671959,0.0580073441214153));
#9232=CARTESIAN_POINT('',(0.0349675976654482,0.0583559731605727,0.0579559876200626));
#9233=CARTESIAN_POINT('',(0.0348947280869473,0.0583565861707782,0.0579287796341832));
#9234=CARTESIAN_POINT('',(0.0347453137550927,0.0583578522136999,0.0578640114122924));
#9235=CARTESIAN_POINT('',(0.0346266496969003,0.0583588754706174,0.0577831665175058));
#9236=CARTESIAN_POINT('',(0.034593836371045,0.0583591644221079,0.0577174727815992));
#9237=CARTESIAN_POINT('',(0.034593836371045,0.0583591644221079,0.057684468081042));
#9238=CARTESIAN_POINT('',(-0.0114132379954744,0.0468591644221079,0.057684468081042));
#9239=CARTESIAN_POINT('',(0.021393836371045,0.0468591644221079,0.057684468081042));
#9240=CARTESIAN_POINT('',(0.021393836371045,0.0468591644221079,0.084834468081042));
#9241=CARTESIAN_POINT('',(0.042393836371045,0.0468591644221079,0.057684468081042));
#9242=CARTESIAN_POINT('',(0.042393836371045,0.0468591644221079,0.030534468081042));
#9243=CARTESIAN_POINT('',(-0.0114132379954744,0.0468591644221079,0.057684468081042));
#9244=CARTESIAN_POINT('',(0.044393836371045,0.0653500067501363,0.039193625753014));
#9245=CARTESIAN_POINT('',(0.034593836371045,0.0653500067501363,0.039193625753014));
#9246=CARTESIAN_POINT('',(0.034593836371045,0.0653500067501364,0.0391936257530141));
#9247=CARTESIAN_POINT('',(0.034593836371045,0.0653736069481529,0.0392172259510305));
#9248=CARTESIAN_POINT('',(0.0346240076179406,0.0654195004417137,0.0392632852535468));
#9249=CARTESIAN_POINT('',(0.0347582678827854,0.0654807327190247,0.0393252359484505));
#9250=CARTESIAN_POINT('',(0.0348855912582211,0.0655192152275833,0.0393643895193474));
#9251=CARTESIAN_POINT('',(0.0349629542055622,0.0655400240622,0.0393856035526153));
#9252=CARTESIAN_POINT('',(0.0351169191539358,0.0655753132606271,0.0394216894980468));
#9253=CARTESIAN_POINT('',(0.0352299253804246,0.0655967781155362,0.03944372898539));
#9254=CARTESIAN_POINT('',(0.0354235198710381,0.0656312349186752,0.039479161572241));
#9255=CARTESIAN_POINT('',(0.0357333633411834,0.0656760066886212,0.0395254457786219));
#9256=CARTESIAN_POINT('',(0.0359675555006296,0.0657047818807181,0.0395553268868454));
#9257=CARTESIAN_POINT('',(0.0362743077826521,0.0657388846003151,0.0395908386566421));
#9258=CARTESIAN_POINT('',(0.036583026418593,0.0657691051787713,0.0396224257338021));
#9259=CARTESIAN_POINT('',(0.0369659063557791,0.0658020432974899,0.0396569797731331));
#9260=CARTESIAN_POINT('',(0.037204761573561,0.0658205480343424,0.0396764518916396));
#9261=CARTESIAN_POINT('',(0.0375921290408629,0.0658487427153589,0.0397061708327962));
#9262=CARTESIAN_POINT('',(0.0380838309188786,0.0658800528860734,0.0397392960102409));
#9263=CARTESIAN_POINT('',(0.0386235798891718,0.0659091518716166,0.039770202696714));
#9264=CARTESIAN_POINT('',(0.0390653796666877,0.0659301092247979,0.0397925215071786));
#9265=CARTESIAN_POINT('',(0.0394363801840075,0.0659460787378177,0.0398095601870971));
#9266=CARTESIAN_POINT('',(0.0397094314928839,0.0659568628173465,0.0398210839735512));
#9267=CARTESIAN_POINT('',(0.0401152895721795,0.0659718172454423,0.0398370814223603));
#9268=CARTESIAN_POINT('',(0.0406227912611412,0.065988162733504,0.0398546012133704));
#9269=CARTESIAN_POINT('',(0.0412507234450861,0.0660050233016957,0.0398727088720358));
#9270=CARTESIAN_POINT('',(0.0421332444196625,0.0660238743392536,0.0398929909833331));
#9271=CARTESIAN_POINT('',(0.0431243990737784,0.0660379420998923,0.039908161927507));
#9272=CARTESIAN_POINT('',(0.0439713269745532,0.066042877583542,0.0399134903348624));
#9273=CARTESIAN_POINT('',(0.044393836371045,0.0660434523552247,0.0399141108392962));
#9274=CARTESIAN_POINT('',(0.044393836371045,0.0730091644221079,0.057684468081042));
#9275=CARTESIAN_POINT('',(0.034593836371045,0.0730091644221079,0.057684468081042));
#9276=CARTESIAN_POINT('',(0.034593836371045,0.0730091644221079,0.0576844680810419));
#9277=CARTESIAN_POINT('',(0.034593836371045,0.0730091644221079,0.0577178438011515));
#9278=CARTESIAN_POINT('',(0.0346240076179406,0.0730090471774712,0.0577828642468067));
#9279=CARTESIAN_POINT('',(0.0347582678827853,0.0730085391795196,0.0578699677617866));
#9280=CARTESIAN_POINT('',(0.034885591258221,0.0730080646667896,0.0579248647600343));
#9281=CARTESIAN_POINT('',(0.0349629542055622,0.0730077781480756,0.0579545794148804));
#9282=CARTESIAN_POINT('',(0.0351169191539358,0.0730072147628659,0.0580050492631107));
#9283=CARTESIAN_POINT('',(0.0352299253804245,0.0730068084363751,0.0580358114785286));
#9284=CARTESIAN_POINT('',(0.035423519871038,0.0730061184530953,0.0580852307401236));
#9285=CARTESIAN_POINT('',(0.0357333633411834,0.0730050489990361,0.0581496170384517));
#9286=CARTESIAN_POINT('',(0.0359675555006296,0.0730042669982436,0.0581910933061676));
#9287=CARTESIAN_POINT('',(0.0362743077826521,0.0730032706492923,0.0582403181836867));
#9288=CARTESIAN_POINT('',(0.036583026418593,0.0730023043887924,0.0582840227961021));
#9289=CARTESIAN_POINT('',(0.036965906355779,0.0730011617603695,0.0583317469587359));
#9290=CARTESIAN_POINT('',(0.037204761573561,0.0730004777182419,0.0583586006506885));
#9291=CARTESIAN_POINT('',(0.0375921290408628,0.0729993999035607,0.0583995517656502));
#9292=CARTESIAN_POINT('',(0.0380838309188786,0.0729981164999937,0.0584451144372818));
#9293=CARTESIAN_POINT('',(0.0386235798891718,0.0729968382624079,0.0584875448548742));
#9294=CARTESIAN_POINT('',(0.0390653796666876,0.0729958755667306,0.0585181457236521));
#9295=CARTESIAN_POINT('',(0.0394363801840074,0.0729951195515662,0.0585414860407134));
#9296=CARTESIAN_POINT('',(0.0397094314928838,0.0729945964997833,0.0585572600840236));
#9297=CARTESIAN_POINT('',(0.0401152895721795,0.072993858972764,0.0585791463660735));
#9298=CARTESIAN_POINT('',(0.0406227912611411,0.0729930286151861,0.0586030927345519));
#9299=CARTESIAN_POINT('',(0.0412507234450861,0.0729921467890554,0.0586278190048887));
#9300=CARTESIAN_POINT('',(0.0421332444196625,0.0729911348671099,0.0586554903198135));
#9301=CARTESIAN_POINT('',(0.0431243990737786,0.0729903547985513,0.0586761652062595));
#9302=CARTESIAN_POINT('',(0.0439713269745533,0.0729900769595344,0.0586834228731906));
#9303=CARTESIAN_POINT('',(0.044393836371045,0.072990044621596,0.058684268061038));
#9304=CARTESIAN_POINT('',(0.044393836371045,0.0653500067501361,0.0761753104090702));
#9305=CARTESIAN_POINT('',(0.034593836371045,0.0653500067501361,0.0761753104090702));
#9306=CARTESIAN_POINT('',(0.034593836371045,0.0653500067501361,0.0761753104090702));
#9307=CARTESIAN_POINT('',(0.034593836371045,0.0653264065521196,0.0761989106070867));
#9308=CARTESIAN_POINT('',(0.0346240076179406,0.0652803472496034,0.0762448041006475));
#9309=CARTESIAN_POINT('',(0.0347582678827854,0.0652183965546996,0.0763060363779586));
#9310=CARTESIAN_POINT('',(0.0348855912582211,0.0651792429838027,0.0763445188865172));
#9311=CARTESIAN_POINT('',(0.0349629542055621,0.0651580289505348,0.0763653277211339));
#9312=CARTESIAN_POINT('',(0.0351169191539358,0.0651219430051034,0.0764006169195609));
#9313=CARTESIAN_POINT('',(0.0352299253804245,0.0650999035177601,0.0764220817744701));
#9314=CARTESIAN_POINT('',(0.035423519871038,0.0650644709309091,0.0764565385776091));
#9315=CARTESIAN_POINT('',(0.0357333633411834,0.0650181867245283,0.0765013103475549));
#9316=CARTESIAN_POINT('',(0.0359675555006297,0.0649883056163048,0.076530085539652));
#9317=CARTESIAN_POINT('',(0.0362743077826522,0.0649527938465081,0.0765641882592489));
#9318=CARTESIAN_POINT('',(0.036583026418593,0.0649212067693481,0.0765944088377051));
#9319=CARTESIAN_POINT('',(0.036965906355779,0.0648866527300171,0.0766273469564237));
#9320=CARTESIAN_POINT('',(0.037204761573561,0.0648671806115106,0.0766458516932762));
#9321=CARTESIAN_POINT('',(0.0375921290408628,0.064837461670354,0.0766740463742928));
#9322=CARTESIAN_POINT('',(0.0380838309188786,0.0648043364929091,0.0767053565450073));
#9323=CARTESIAN_POINT('',(0.0386235798891718,0.0647734298064361,0.0767344555305506));
#9324=CARTESIAN_POINT('',(0.0390653796666876,0.0647511109959714,0.0767554128837319));
#9325=CARTESIAN_POINT('',(0.0394363801840074,0.064734072316053,0.0767713823967516));
#9326=CARTESIAN_POINT('',(0.0397094314928838,0.0647225485295989,0.0767821664762804));
#9327=CARTESIAN_POINT('',(0.0401152895721794,0.0647065510807898,0.0767971209043762));
#9328=CARTESIAN_POINT('',(0.0406227912611411,0.0646890312897798,0.0768134663924379));
#9329=CARTESIAN_POINT('',(0.041250723445086,0.0646709236311143,0.0768303269606296));
#9330=CARTESIAN_POINT('',(0.0421332444196625,0.0646506415198169,0.0768491779981876));
#9331=CARTESIAN_POINT('',(0.0431243990737784,0.0646354705756432,0.0768632457588262));
#9332=CARTESIAN_POINT('',(0.0439713269745532,0.0646301421682877,0.0768681812424759));
#9333=CARTESIAN_POINT('',(0.0443938363710449,0.0646295216638539,0.0768687560141587));
#9334=CARTESIAN_POINT('',(0.044393836371045,0.0468591644221078,0.083834468081042));
#9335=CARTESIAN_POINT('',(0.034593836371045,0.0468591644221078,0.083834468081042));
#9336=CARTESIAN_POINT('',(0.034593836371045,0.046859164422108,0.083834468081042));
#9337=CARTESIAN_POINT('',(0.034593836371045,0.0468257887019984,0.083834468081042));
#9338=CARTESIAN_POINT('',(0.0346240076179406,0.0467607682563432,0.0838343508364053));
#9339=CARTESIAN_POINT('',(0.0347582678827854,0.0466736647413633,0.0838338428384537));
#9340=CARTESIAN_POINT('',(0.0348855912582211,0.0466187677431156,0.0838333683257237));
#9341=CARTESIAN_POINT('',(0.0349629542055623,0.0465890530882694,0.0838330818070097));
#9342=CARTESIAN_POINT('',(0.0351169191539357,0.0465385832400388,0.0838325184218));
#9343=CARTESIAN_POINT('',(0.0352299253804245,0.0465078210246212,0.0838321120953092));
#9344=CARTESIAN_POINT('',(0.035423519871038,0.0464584017630262,0.0838314221120295));
#9345=CARTESIAN_POINT('',(0.0357333633411834,0.0463940154646983,0.0838303526579702));
#9346=CARTESIAN_POINT('',(0.0359675555006296,0.0463525391969821,0.0838295706571777));
#9347=CARTESIAN_POINT('',(0.0362743077826521,0.046303314319463,0.0838285743082264));
#9348=CARTESIAN_POINT('',(0.036583026418593,0.0462596097070475,0.0838276080477265));
#9349=CARTESIAN_POINT('',(0.036965906355779,0.0462118855444137,0.0838264654193036));
#9350=CARTESIAN_POINT('',(0.037204761573561,0.0461850318524612,0.083825781377176));
#9351=CARTESIAN_POINT('',(0.0375921290408627,0.0461440807374996,0.0838247035624948));
#9352=CARTESIAN_POINT('',(0.0380838309188786,0.046098518065868,0.0838234201589278));
#9353=CARTESIAN_POINT('',(0.0386235798891718,0.0460560876482756,0.083822141921342));
#9354=CARTESIAN_POINT('',(0.0390653796666877,0.0460254867794978,0.0838211792256647));
#9355=CARTESIAN_POINT('',(0.0394363801840076,0.0460021464624366,0.0838204232105003));
#9356=CARTESIAN_POINT('',(0.0397094314928838,0.0459863724191262,0.0838199001587174));
#9357=CARTESIAN_POINT('',(0.0401152895721794,0.0459644861370763,0.0838191626316981));
#9358=CARTESIAN_POINT('',(0.040622791261141,0.0459405397685979,0.0838183322741202));
#9359=CARTESIAN_POINT('',(0.0412507234450859,0.0459158134982612,0.0838174504479895));
#9360=CARTESIAN_POINT('',(0.0421332444196626,0.0458881421833365,0.0838164385260439));
#9361=CARTESIAN_POINT('',(0.0431243990737782,0.0458674672968903,0.0838156584574853));
#9362=CARTESIAN_POINT('',(0.0439713269745532,0.0458602096299593,0.0838153806184685));
#9363=CARTESIAN_POINT('',(0.044393836371045,0.0458593644421119,0.0838153482805301));
#9364=CARTESIAN_POINT('',(0.044393836371045,0.0283683220940796,0.0761753104090701));
#9365=CARTESIAN_POINT('',(0.034593836371045,0.0283683220940796,0.0761753104090701));
#9366=CARTESIAN_POINT('',(0.034593836371045,0.0283683220940801,0.0761753104090706));
#9367=CARTESIAN_POINT('',(0.034593836371045,0.0283447218960636,0.0761517102110542));
#9368=CARTESIAN_POINT('',(0.0346240076179407,0.0282988284025027,0.0761056509085379));
#9369=CARTESIAN_POINT('',(0.0347582678827858,0.0282375961251917,0.0760437002136341));
#9370=CARTESIAN_POINT('',(0.0348855912582219,0.028199113616633,0.0760045466427371));
#9371=CARTESIAN_POINT('',(0.0349629542055629,0.0281783047820164,0.0759833326094692));
#9372=CARTESIAN_POINT('',(0.0351169191539365,0.0281430155835892,0.0759472466640377));
#9373=CARTESIAN_POINT('',(0.0352299253804253,0.0281215507286801,0.0759252071766945));
#9374=CARTESIAN_POINT('',(0.0354235198710387,0.0280870939255411,0.0758897745898436));
#9375=CARTESIAN_POINT('',(0.035733363341184,0.0280423221555953,0.0758434903834628));
#9376=CARTESIAN_POINT('',(0.0359675555006304,0.0280135469634983,0.0758136092752393));
#9377=CARTESIAN_POINT('',(0.0362743077826528,0.0279794442439014,0.0757780975054426));
#9378=CARTESIAN_POINT('',(0.0365830264185937,0.0279492236654452,0.0757465104282826));
#9379=CARTESIAN_POINT('',(0.0369659063557796,0.0279162855467266,0.0757119563889517));
#9380=CARTESIAN_POINT('',(0.0372047615735616,0.0278977808098741,0.0756924842704451));
#9381=CARTESIAN_POINT('',(0.0375921290408634,0.0278695861288574,0.0756627653292884));
#9382=CARTESIAN_POINT('',(0.0380838309188792,0.0278382759581429,0.0756296401518436));
#9383=CARTESIAN_POINT('',(0.0386235798891723,0.0278091769725996,0.0755987334653705));
#9384=CARTESIAN_POINT('',(0.0390653796666881,0.0277882196194182,0.0755764146549057));
#9385=CARTESIAN_POINT('',(0.0394363801840078,0.0277722501063984,0.0755593759749872));
#9386=CARTESIAN_POINT('',(0.0397094314928841,0.0277614660268697,0.0755478521885332));
#9387=CARTESIAN_POINT('',(0.0401152895721796,0.027746511598774,0.0755318547397241));
#9388=CARTESIAN_POINT('',(0.0406227912611412,0.0277301661107122,0.0755143349487141));
#9389=CARTESIAN_POINT('',(0.0412507234450862,0.0277133055425205,0.0754962272900486));
#9390=CARTESIAN_POINT('',(0.0421332444196627,0.0276944545049625,0.0754759451787512));
#9391=CARTESIAN_POINT('',(0.0431243990737787,0.0276803867443236,0.0754607742345772));
#9392=CARTESIAN_POINT('',(0.0439713269745534,0.027675451260674,0.0754554458272217));
#9393=CARTESIAN_POINT('',(0.044393836371045,0.0276748764889912,0.0754548253227879));
#9394=CARTESIAN_POINT('',(0.044393836371045,0.0207091644221079,0.057684468081042));
#9395=CARTESIAN_POINT('',(0.034593836371045,0.0207091644221079,0.057684468081042));
#9396=CARTESIAN_POINT('',(0.034593836371045,0.0207091644221079,0.057684468081042));
#9397=CARTESIAN_POINT('',(0.034593836371045,0.0207091644221079,0.0576510923609324));
#9398=CARTESIAN_POINT('',(0.0346240076179406,0.0207092816667446,0.0575860719152773));
#9399=CARTESIAN_POINT('',(0.0347582678827853,0.0207097896646962,0.0574989684002976));
#9400=CARTESIAN_POINT('',(0.034885591258221,0.0207102641774262,0.0574440714020498));
#9401=CARTESIAN_POINT('',(0.0349629542055621,0.0207105506961402,0.0574143567472038));
#9402=CARTESIAN_POINT('',(0.0351169191539358,0.0207111140813499,0.0573638868989731));
#9403=CARTESIAN_POINT('',(0.0352299253804246,0.0207115204078407,0.0573331246835554));
#9404=CARTESIAN_POINT('',(0.0354235198710381,0.0207122103911204,0.0572837054219605));
#9405=CARTESIAN_POINT('',(0.0357333633411834,0.0207132798451797,0.0572193191236322));
#9406=CARTESIAN_POINT('',(0.0359675555006296,0.0207140618459722,0.0571778428559163));
#9407=CARTESIAN_POINT('',(0.0362743077826521,0.0207150581949235,0.0571286179783972));
#9408=CARTESIAN_POINT('',(0.036583026418593,0.0207160244554234,0.0570849133659818));
#9409=CARTESIAN_POINT('',(0.036965906355779,0.0207171670838463,0.057037189203348));
#9410=CARTESIAN_POINT('',(0.037204761573561,0.0207178511259739,0.0570103355113955));
#9411=CARTESIAN_POINT('',(0.0375921290408628,0.0207189289406552,0.0569693843964338));
#9412=CARTESIAN_POINT('',(0.0380838309188786,0.020720212344222,0.0569238217248022));
#9413=CARTESIAN_POINT('',(0.0386235798891718,0.0207214905818079,0.05688139130721));
#9414=CARTESIAN_POINT('',(0.0390653796666876,0.0207224532774852,0.0568507904384321));
#9415=CARTESIAN_POINT('',(0.0394363801840075,0.0207232092926495,0.0568274501213708));
#9416=CARTESIAN_POINT('',(0.0397094314928837,0.0207237323444325,0.0568116760780605));
#9417=CARTESIAN_POINT('',(0.0401152895721793,0.0207244698714518,0.0567897897960106));
#9418=CARTESIAN_POINT('',(0.0406227912611409,0.0207253002290297,0.0567658434275321));
#9419=CARTESIAN_POINT('',(0.0412507234450859,0.0207261820551605,0.0567411171571953));
#9420=CARTESIAN_POINT('',(0.0421332444196626,0.0207271939771059,0.0567134458422704));
#9421=CARTESIAN_POINT('',(0.0431243990737782,0.0207279740456646,0.0566927709558246));
#9422=CARTESIAN_POINT('',(0.0439713269745532,0.0207282518846814,0.0566855132888936));
#9423=CARTESIAN_POINT('',(0.044393836371045,0.0207282842226198,0.0566846681010461));
#9424=CARTESIAN_POINT('',(0.044393836371045,0.0283683220940799,0.0391936257530136));
#9425=CARTESIAN_POINT('',(0.034593836371045,0.0283683220940799,0.0391936257530136));
#9426=CARTESIAN_POINT('',(0.034593836371045,0.0283683220940799,0.0391936257530136));
#9427=CARTESIAN_POINT('',(0.034593836371045,0.0283919222920964,0.0391700255549971));
#9428=CARTESIAN_POINT('',(0.0346240076179406,0.0284379815946126,0.0391241320614362));
#9429=CARTESIAN_POINT('',(0.0347582678827851,0.0284999322895165,0.0390628997841251));
#9430=CARTESIAN_POINT('',(0.0348855912582207,0.0285390858604136,0.0390244172755663));
#9431=CARTESIAN_POINT('',(0.0349629542055618,0.0285602998936817,0.0390036084409495));
#9432=CARTESIAN_POINT('',(0.0351169191539354,0.0285963858391129,0.0389683192425226));
#9433=CARTESIAN_POINT('',(0.0352299253804241,0.0286184253264564,0.0389468543876132));
#9434=CARTESIAN_POINT('',(0.0354235198710375,0.0286538579133075,0.0389123975844741));
#9435=CARTESIAN_POINT('',(0.0357333633411829,0.0287001421196883,0.0388676258145283));
#9436=CARTESIAN_POINT('',(0.0359675555006292,0.0287300232279119,0.0388388506224312));
#9437=CARTESIAN_POINT('',(0.0362743077826517,0.0287655349977086,0.0388047479028343));
#9438=CARTESIAN_POINT('',(0.0365830264185926,0.0287971220748687,0.038774527324378));
#9439=CARTESIAN_POINT('',(0.0369659063557786,0.0288316761141996,0.0387415892056594));
#9440=CARTESIAN_POINT('',(0.0372047615735606,0.0288511482327062,0.0387230844688068));
#9441=CARTESIAN_POINT('',(0.0375921290408624,0.0288808671738628,0.0386948897877903));
#9442=CARTESIAN_POINT('',(0.0380838309188782,0.0289139923513077,0.0386635796170757));
#9443=CARTESIAN_POINT('',(0.0386235798891715,0.0289448990377808,0.0386344806315325));
#9444=CARTESIAN_POINT('',(0.0390653796666874,0.0289672178482454,0.0386135232783511));
#9445=CARTESIAN_POINT('',(0.0394363801840072,0.0289842565281639,0.0385975537653314));
#9446=CARTESIAN_POINT('',(0.0397094314928836,0.028995780314618,0.0385867696858027));
#9447=CARTESIAN_POINT('',(0.0401152895721791,0.029011777763427,0.0385718152577069));
#9448=CARTESIAN_POINT('',(0.0406227912611408,0.029029297554437,0.0385554697696453));
#9449=CARTESIAN_POINT('',(0.0412507234450858,0.0290474052131023,0.0385386092014536));
#9450=CARTESIAN_POINT('',(0.0421332444196623,0.0290676873243994,0.0385197581638959));
#9451=CARTESIAN_POINT('',(0.0431243990737787,0.0290828582685732,0.0385056904032573));
#9452=CARTESIAN_POINT('',(0.0439713269745534,0.0290881866759284,0.0385007549196079));
#9453=CARTESIAN_POINT('',(0.044393836371045,0.029088807180362,0.0385001801479252));
#9454=CARTESIAN_POINT('',(0.044393836371045,0.0468591644221082,0.031534468081042));
#9455=CARTESIAN_POINT('',(0.034593836371045,0.0468591644221082,0.031534468081042));
#9456=CARTESIAN_POINT('',(0.034593836371045,0.0468591644221082,0.031534468081042));
#9457=CARTESIAN_POINT('',(0.034593836371045,0.0468925401422177,0.031534468081042));
#9458=CARTESIAN_POINT('',(0.0346240076179406,0.0469575605878728,0.0315345853256787));
#9459=CARTESIAN_POINT('',(0.0347582678827854,0.0470446641028526,0.0315350933236303));
#9460=CARTESIAN_POINT('',(0.0348855912582211,0.0470995611011004,0.0315355678363603));
#9461=CARTESIAN_POINT('',(0.0349629542055621,0.0471292757559465,0.0315358543550743));
#9462=CARTESIAN_POINT('',(0.0351169191539358,0.0471797456041772,0.031536417740284));
#9463=CARTESIAN_POINT('',(0.0352299253804245,0.0472105078195948,0.0315368240667748));
#9464=CARTESIAN_POINT('',(0.035423519871038,0.0472599270811897,0.0315375140500545));
#9465=CARTESIAN_POINT('',(0.0357333633411834,0.0473243133795177,0.0315385835041138));
#9466=CARTESIAN_POINT('',(0.0359675555006296,0.0473657896472338,0.0315393655049063));
#9467=CARTESIAN_POINT('',(0.0362743077826521,0.0474150145247529,0.0315403618538576));
#9468=CARTESIAN_POINT('',(0.036583026418593,0.0474587191371684,0.0315413281143575));
#9469=CARTESIAN_POINT('',(0.036965906355779,0.0475064432998019,0.0315424707427804));
#9470=CARTESIAN_POINT('',(0.037204761573561,0.0475332969917546,0.031543154784908));
#9471=CARTESIAN_POINT('',(0.0375921290408627,0.0475742481067163,0.0315442325995893));
#9472=CARTESIAN_POINT('',(0.0380838309188785,0.0476198107783479,0.0315455160031561));
#9473=CARTESIAN_POINT('',(0.0386235798891717,0.0476622411959403,0.031546794240742));
#9474=CARTESIAN_POINT('',(0.0390653796666876,0.0476928420647181,0.0315477569364193));
#9475=CARTESIAN_POINT('',(0.0394363801840074,0.0477161823817794,0.0315485129515836));
#9476=CARTESIAN_POINT('',(0.0397094314928838,0.0477319564250898,0.0315490360033666));
#9477=CARTESIAN_POINT('',(0.0401152895721793,0.0477538427071396,0.0315497735303859));
#9478=CARTESIAN_POINT('',(0.0406227912611409,0.0477777890756181,0.0315506038879639));
#9479=CARTESIAN_POINT('',(0.0412507234450859,0.0478025153459548,0.0315514857140946));
#9480=CARTESIAN_POINT('',(0.0421332444196626,0.0478301866608795,0.03155249763604));
#9481=CARTESIAN_POINT('',(0.0431243990737786,0.0478508615473257,0.0315532777045987));
#9482=CARTESIAN_POINT('',(0.0439713269745533,0.0478581192142567,0.0315535555436155));
#9483=CARTESIAN_POINT('',(0.044393836371045,0.0478589644021041,0.0315535878815539));
#9484=CARTESIAN_POINT('',(0.021393836371045,0.0468591644221079,0.057684468081042));
#9485=CARTESIAN_POINT('',(0.021393836371045,0.0468591644221079,0.083834468081042));
#9486=CARTESIAN_POINT('',(0.00560235221961472,0.0468591644221079,0.057684468081042));
#9487=CARTESIAN_POINT('',(0.00560235221961472,0.0468591644221079,0.057684468081042));
#9488=CARTESIAN_POINT('',(0.00560235221961472,0.0468591644221079,0.084834468081042));
#9489=CARTESIAN_POINT('',(0.00850299057158372,0.0468591644221079,0.057684468081042));
#9490=CARTESIAN_POINT('',(-0.000729973430854078,0.0468591644221079,0.057684468081042));
#9491=CARTESIAN_POINT('',(-0.000729973430854078,0.0468591644221079,0.0896176892756049));
#9492=CARTESIAN_POINT('',(-0.000729973430854078,0.0788591644221079,0.057684468081042));
#9493=CARTESIAN_POINT('',(-0.000729973430854078,0.0468591644221079,0.057684468081042));
#9494=CARTESIAN_POINT('',(-0.000729973430854078,0.0468591644221079,0.089684468081042));
#9495=CARTESIAN_POINT('',(0.00689587166536982,0.0468591644221079,0.057684468081042));
#9496=CARTESIAN_POINT('',(0.00629988554266562,0.0468591644221079,0.057684468081042));
#9497=CARTESIAN_POINT('',(0.00629988554266562,0.0468591644221079,0.0857941566769922));
#9498=CARTESIAN_POINT('',(0.021393836371045,0.0468591644221079,0.057684468081042));
#9499=CARTESIAN_POINT('',(0.042393836371045,0.0468591644221079,0.057684468081042));
#9500=CARTESIAN_POINT('',(0.042393836371045,0.0468591644221079,0.057684468081042));
#9501=CARTESIAN_POINT('',(0.042393836371045,0.0468591644221079,0.0295349516887323));
#9502=CARTESIAN_POINT('',(0.042393836371045,0.0468591644221079,0.057684468081042));
#9503=CARTESIAN_POINT('',(0.034593836371045,0.0583591644221079,0.058684468081042));
#9504=CARTESIAN_POINT('',(0.034593836371045,0.0468591644221079,0.057684468081042));
#9505=CARTESIAN_POINT('',(0.034593836371045,0.0468591644221079,0.057684468081042));
#9506=CARTESIAN_POINT('',(0.034593836371045,0.0468591644221079,0.047184468081042));
#9507=CARTESIAN_POINT('',(-0.0114132379954744,0.0468591644221079,0.058684468081042));
#9508=CARTESIAN_POINT('',(0.052893836371045,0.0583591644221079,0.058684468081042));
#9509=CARTESIAN_POINT('',(0.052893836371045,0.0583591644221079,0.058684468081042));
#9510=CARTESIAN_POINT('',(0.0445938363710451,0.072664458539755,0.058684468081042));
#9511=CARTESIAN_POINT('',(0.044593836371045,0.072664458539755,0.058684468081042));
#9512=CARTESIAN_POINT('',(0.044593836371045,0.0678815069130025,0.058684468081042));
#9513=CARTESIAN_POINT('',(0.044593836371045,0.06309855528625,0.058684468081042));
#9514=CARTESIAN_POINT('',(0.044593836371045,0.0583156036594975,0.058684468081042));
#9515=CARTESIAN_POINT('',(0.052893836371045,0.0579501989942072,0.058684468081042));
#9516=CARTESIAN_POINT('',(0.052893836371045,0.0579501989942072,0.058684468081042));
#9517=CARTESIAN_POINT('',(0.052893836371045,0.0554088169596004,0.0505490291059228));
#9518=CARTESIAN_POINT('',(0.052893836371045,0.0556671970763044,0.0502906489892188));
#9519=CARTESIAN_POINT('',(0.052893836371045,0.0556979991869398,0.0502598468785834));
#9520=CARTESIAN_POINT('',(0.052893836371045,0.0468591644221079,0.057684468081042));
#9521=CARTESIAN_POINT('',(0.052893836371045,0.0583591644221079,0.057684468081042));
#9522=CARTESIAN_POINT('',(0.052893836371045,0.0583591644221079,0.058684468081042));
#9523=CARTESIAN_POINT('',(0.052893836371045,0.0542837856245666,0.0665233028458739));
#9524=CARTESIAN_POINT('',(0.052893836371045,0.0542837856245666,0.0665233028458739));
#9525=CARTESIAN_POINT('',(0.052893836371045,0.0539946033972272,0.0662341206185344));
#9526=CARTESIAN_POINT('',(0.052893836371045,0.0458591644221079,0.069184468081042));
#9527=CARTESIAN_POINT('',(0.052893836371045,0.0458591644221079,0.069184468081042));
#9528=CARTESIAN_POINT('',(0.052893836371045,0.0458591644221079,0.0687755026531413));
#9529=CARTESIAN_POINT('',(0.052893836371045,0.038020329657276,0.0651090892835007));
#9530=CARTESIAN_POINT('',(0.052893836371045,0.038020329657276,0.0651090892835007));
#9531=CARTESIAN_POINT('',(0.052893836371045,0.0383095118846154,0.0648199070561613));
#9532=CARTESIAN_POINT('',(0.052893836371045,0.0353591644221079,0.056684468081042));
#9533=CARTESIAN_POINT('',(0.052893836371045,0.0353591644221079,0.056684468081042));
#9534=CARTESIAN_POINT('',(0.052893836371045,0.0357681298500086,0.056684468081042));
#9535=CARTESIAN_POINT('',(0.052893836371045,0.0394345432196492,0.0488456333162101));
#9536=CARTESIAN_POINT('',(0.052893836371045,0.0394345432196492,0.0488456333162101));
#9537=CARTESIAN_POINT('',(0.052893836371045,0.0397237254469886,0.0491348155435495));
#9538=CARTESIAN_POINT('',(0.052893836371045,0.047859164422108,0.046184468081042));
#9539=CARTESIAN_POINT('',(0.052893836371045,0.047859164422108,0.046184468081042));
#9540=CARTESIAN_POINT('',(0.052893836371045,0.047859164422108,0.0465934335089427));
#9541=CARTESIAN_POINT('',(0.052893836371045,0.0556979991869398,0.0502598468785834));
#9542=CARTESIAN_POINT('',(0.052893836371045,0.0468591644221079,0.057684468081042));
#9543=CARTESIAN_POINT('',(0.052893836371045,0.0468591644221079,0.047184468081042));
#9544=CARTESIAN_POINT('',(0.052893836371045,0.0583591644221079,0.058684468081042));
#9545=CARTESIAN_POINT('',(0.052893836371045,0.0583591644221079,0.057684468081042));
#9546=CARTESIAN_POINT('',(0.044393836371045,0.0730091644221079,0.058684468081042));
#9547=CARTESIAN_POINT('',(0.0444605030377116,0.0728942624613236,0.058684468081042));
#9548=CARTESIAN_POINT('',(0.0445271697043783,0.0727793605005393,0.058684468081042));
#9549=CARTESIAN_POINT('',(0.044593836371045,0.072664458539755,0.058684468081042));
#9550=CARTESIAN_POINT('',(-0.0114132379954744,0.0468591644221079,0.057684468081042));
#9551=CARTESIAN_POINT('',(0.034593836371045,0.0583591644221079,0.057684468081042));
#9552=CARTESIAN_POINT('',(0.034593836371045,0.0583591644221079,0.057684468081042));
#9553=CARTESIAN_POINT('',(0.034593836371045,0.0632424977554412,0.057684468081042));
#9554=CARTESIAN_POINT('',(0.034593836371045,0.0681258310887746,0.057684468081042));
#9555=CARTESIAN_POINT('',(0.034593836371045,0.0730091644221079,0.057684468081042));
#9556=CARTESIAN_POINT('',(0.034593836371045,0.0468591644221079,0.057684468081042));
#9557=CARTESIAN_POINT('',(0.034593836371045,0.0556671970763044,0.0502906489892188));
#9558=CARTESIAN_POINT('',(0.0445938363710451,0.0556671970763044,0.0502906489892188));
#9559=CARTESIAN_POINT('',(0.044593836371045,0.0556671970763044,0.0502906489892188));
#9560=CARTESIAN_POINT('',(0.0441636217850197,0.0556671970763044,0.0502906489892188));
#9561=CARTESIAN_POINT('',(0.043300772700181,0.0556634876327716,0.0502862286888148));
#9562=CARTESIAN_POINT('',(0.0422868152924104,0.0556509478172632,0.0502713183298793));
#9563=CARTESIAN_POINT('',(0.0413872350207145,0.0556336260743193,0.0502508288371428));
#9564=CARTESIAN_POINT('',(0.0407462197605179,0.055617904254317,0.0502323073748961));
#9565=CARTESIAN_POINT('',(0.0402278168822326,0.055602511459745,0.0502142546695832));
#9566=CARTESIAN_POINT('',(0.0398130981992162,0.0555883395301337,0.0501977079467445));
#9567=CARTESIAN_POINT('',(0.0395336090779222,0.0555780708679593,0.0501857481853852));
#9568=CARTESIAN_POINT('',(0.0391552696849028,0.0555628708305601,0.050168107130626));
#9569=CARTESIAN_POINT('',(0.0387042719936855,0.055542834354947,0.0501449519502986));
#9570=CARTESIAN_POINT('',(0.0381532742893836,0.0555148888183285,0.0501128539169972));
#9571=CARTESIAN_POINT('',(0.0376509953816624,0.0554846314462214,0.0500784122822499));
#9572=CARTESIAN_POINT('',(0.0372552755970919,0.0554572629923513,0.0500475236229018));
#9573=CARTESIAN_POINT('',(0.0370108654417785,0.0554392322081027,0.0500272532207837));
#9574=CARTESIAN_POINT('',(0.0366204988737919,0.0554071540511341,0.049991444145385));
#9575=CARTESIAN_POINT('',(0.0363055221652454,0.0553775981226125,0.0499587279015787));
#9576=CARTESIAN_POINT('',(0.0359925611305515,0.0553441269552239,0.0499219956037621));
#9577=CARTESIAN_POINT('',(0.0357537662399469,0.0553158299224076,0.049891139255014));
#9578=CARTESIAN_POINT('',(0.0354372192050513,0.0552715493168451,0.0498433496603053));
#9579=CARTESIAN_POINT('',(0.0352396885382196,0.0552373081862069,0.0498068461589859));
#9580=CARTESIAN_POINT('',(0.0351242964542051,0.0552160217595744,0.0497842264188381));
#9581=CARTESIAN_POINT('',(0.0349675976654481,0.0551806291503478,0.0497469899673355));
#9582=CARTESIAN_POINT('',(0.0348947280869472,0.0551618236627034,0.0497273175523446));
#9583=CARTESIAN_POINT('',(0.0347453137550926,0.0551169208413342,0.0496806242759049));
#9584=CARTESIAN_POINT('',(0.0346266496969003,0.0550604784199115,0.0496227347506717));
#9585=CARTESIAN_POINT('',(0.034593836371045,0.0550142302533287,0.0495760779449723));
#9586=CARTESIAN_POINT('',(0.034593836371045,0.0549908924057537,0.0495527400973973));
#9587=CARTESIAN_POINT('',(0.034593836371045,0.0468591644221079,0.057684468081042));
#9588=CARTESIAN_POINT('',(-0.0114132379954744,0.0461520576409214,0.0583915748622286));
#9589=CARTESIAN_POINT('',(0.052893836371045,0.0542837856245666,0.0665233028458739));
#9590=CARTESIAN_POINT('',(0.0445938363710451,0.0643991561020229,0.0766386733233301));
#9591=CARTESIAN_POINT('',(0.044593836371045,0.0643991561020229,0.0766386733233302));
#9592=CARTESIAN_POINT('',(0.044593836371045,0.061017098572659,0.0732566157939663));
#9593=CARTESIAN_POINT('',(0.044593836371045,0.0576350410432951,0.0698745582646024));
#9594=CARTESIAN_POINT('',(0.044593836371045,0.0542529835139312,0.0664925007352384));
#9595=CARTESIAN_POINT('',(0.052893836371045,0.0542837856245666,0.0665233028458739));
#9596=CARTESIAN_POINT('',(0.052893836371045,0.0549908924057532,0.0658161960646873));
#9597=CARTESIAN_POINT('',(0.044393836371045,0.0646428999689495,0.0768824171902568));
#9598=CARTESIAN_POINT('',(0.0444605030377117,0.0645616520133073,0.0768011692346146));
#9599=CARTESIAN_POINT('',(0.0445271697043783,0.0644804040576651,0.0767199212789724));
#9600=CARTESIAN_POINT('',(0.044593836371045,0.0643991561020228,0.0766386733233302));
#9601=CARTESIAN_POINT('',(-0.0114132379954744,0.0468591644221079,0.057684468081042));
#9602=CARTESIAN_POINT('',(0.034593836371045,0.0549908924057532,0.0658161960646873));
#9603=CARTESIAN_POINT('',(0.034593836371045,0.0584439305205475,0.0692692341794816));
#9604=CARTESIAN_POINT('',(0.034593836371045,0.0618969686353418,0.0727222722942759));
#9605=CARTESIAN_POINT('',(0.034593836371045,0.0653500067501361,0.0761753104090703));
#9606=CARTESIAN_POINT('',(-0.0114132379954744,0.0458591644221079,0.057684468081042));
#9607=CARTESIAN_POINT('',(0.052893836371045,0.0458591644221079,0.069184468081042));
#9608=CARTESIAN_POINT('',(0.0445938363710451,0.0458591644221078,0.0834897621986891));
#9609=CARTESIAN_POINT('',(0.044593836371045,0.0458591644221078,0.0834897621986891));
#9610=CARTESIAN_POINT('',(0.044593836371045,0.0458591644221078,0.0787068105719366));
#9611=CARTESIAN_POINT('',(0.044593836371045,0.0458591644221078,0.0739238589451841));
#9612=CARTESIAN_POINT('',(0.044593836371045,0.0458591644221079,0.0691409073184316));
#9613=CARTESIAN_POINT('',(0.052893836371045,0.0458591644221079,0.069184468081042));
#9614=CARTESIAN_POINT('',(0.052893836371045,0.0468591644221079,0.069184468081042));
#9615=CARTESIAN_POINT('',(0.044393836371045,0.0458591644221078,0.083834468081042));
#9616=CARTESIAN_POINT('',(0.0444605030377116,0.0458591644221078,0.0837195661202577));
#9617=CARTESIAN_POINT('',(0.0445271697043783,0.0458591644221078,0.0836046641594734));
#9618=CARTESIAN_POINT('',(0.044593836371045,0.0458591644221078,0.0834897621986891));
#9619=CARTESIAN_POINT('',(-0.0114132379954744,0.0468591644221079,0.057684468081042));
#9620=CARTESIAN_POINT('',(0.034593836371045,0.0468591644221079,0.069184468081042));
#9621=CARTESIAN_POINT('',(0.034593836371045,0.0468591644221078,0.0740678014143753));
#9622=CARTESIAN_POINT('',(0.034593836371045,0.0468591644221078,0.0789511347477087));
#9623=CARTESIAN_POINT('',(0.034593836371045,0.0468591644221078,0.083834468081042));
#9624=CARTESIAN_POINT('',(-0.0114132379954744,0.0461520576409214,0.0569773612998555));
#9625=CARTESIAN_POINT('',(0.052893836371045,0.038020329657276,0.0651090892835007));
#9626=CARTESIAN_POINT('',(0.0445938363710451,0.0279049591798197,0.0752244597609569));
#9627=CARTESIAN_POINT('',(0.044593836371045,0.0279049591798197,0.075224459760957));
#9628=CARTESIAN_POINT('',(0.044593836371045,0.0312870167091837,0.0718424022315931));
#9629=CARTESIAN_POINT('',(0.044593836371045,0.0346690742385476,0.0684603447022292));
#9630=CARTESIAN_POINT('',(0.044593836371045,0.0380511317679115,0.0650782871728653));
#9631=CARTESIAN_POINT('',(0.052893836371045,0.038020329657276,0.0651090892835007));
#9632=CARTESIAN_POINT('',(0.052893836371045,0.0387274364384626,0.0658161960646873));
#9633=CARTESIAN_POINT('',(0.044393836371045,0.0276612153128931,0.0754682036278836));
#9634=CARTESIAN_POINT('',(0.0444605030377117,0.0277424632685353,0.0753869556722414));
#9635=CARTESIAN_POINT('',(0.0445271697043783,0.0278237112241775,0.0753057077165992));
#9636=CARTESIAN_POINT('',(0.044593836371045,0.0279049591798197,0.0752244597609569));
#9637=CARTESIAN_POINT('',(-0.0114132379954744,0.0468591644221079,0.057684468081042));
#9638=CARTESIAN_POINT('',(0.034593836371045,0.0387274364384626,0.0658161960646873));
#9639=CARTESIAN_POINT('',(0.034593836371045,0.0352743983236682,0.0692692341794816));
#9640=CARTESIAN_POINT('',(0.034593836371045,0.0318213602088739,0.0727222722942758));
#9641=CARTESIAN_POINT('',(0.034593836371045,0.0283683220940796,0.0761753104090701));
#9642=CARTESIAN_POINT('',(-0.0114132379954744,0.0468591644221079,0.056684468081042));
#9643=CARTESIAN_POINT('',(0.052893836371045,0.0353591644221079,0.056684468081042));
#9644=CARTESIAN_POINT('',(0.0445938363710451,0.0210538703044608,0.056684468081042));
#9645=CARTESIAN_POINT('',(0.044593836371045,0.0210538703044608,0.056684468081042));
#9646=CARTESIAN_POINT('',(0.044593836371045,0.0258368219312133,0.056684468081042));
#9647=CARTESIAN_POINT('',(0.044593836371045,0.0306197735579658,0.056684468081042));
#9648=CARTESIAN_POINT('',(0.044593836371045,0.0354027251847183,0.056684468081042));
#9649=CARTESIAN_POINT('',(0.052893836371045,0.0353591644221079,0.056684468081042));
#9650=CARTESIAN_POINT('',(0.052893836371045,0.0353591644221079,0.057684468081042));
#9651=CARTESIAN_POINT('',(0.044393836371045,0.0207091644221079,0.056684468081042));
#9652=CARTESIAN_POINT('',(0.0444605030377116,0.0208240663828922,0.056684468081042));
#9653=CARTESIAN_POINT('',(0.0445271697043783,0.0209389683436765,0.056684468081042));
#9654=CARTESIAN_POINT('',(0.044593836371045,0.0210538703044608,0.056684468081042));
#9655=CARTESIAN_POINT('',(-0.0114132379954744,0.0468591644221079,0.057684468081042));
#9656=CARTESIAN_POINT('',(0.034593836371045,0.0353591644221079,0.057684468081042));
#9657=CARTESIAN_POINT('',(0.034593836371045,0.0304758310887746,0.057684468081042));
#9658=CARTESIAN_POINT('',(0.034593836371045,0.0255924977554412,0.057684468081042));
#9659=CARTESIAN_POINT('',(0.034593836371045,0.0207091644221079,0.057684468081042));
#9660=CARTESIAN_POINT('',(-0.0114132379954744,0.0475662712032945,0.0569773612998555));
#9661=CARTESIAN_POINT('',(0.052893836371045,0.0394345432196492,0.0488456333162101));
#9662=CARTESIAN_POINT('',(0.0445938363710451,0.0293191727421931,0.0387302628387537));
#9663=CARTESIAN_POINT('',(0.044593836371045,0.0293191727421931,0.0387302628387537));
#9664=CARTESIAN_POINT('',(0.044593836371045,0.032701230271557,0.0421123203681177));
#9665=CARTESIAN_POINT('',(0.044593836371045,0.0360832878009209,0.0454943778974816));
#9666=CARTESIAN_POINT('',(0.044593836371045,0.0394653453302847,0.0488764354268456));
#9667=CARTESIAN_POINT('',(0.052893836371045,0.0394345432196492,0.0488456333162101));
#9668=CARTESIAN_POINT('',(0.052893836371045,0.0387274364384627,0.0495527400973966));
#9669=CARTESIAN_POINT('',(0.044393836371045,0.0290754288752665,0.0384865189718271));
#9670=CARTESIAN_POINT('',(0.0444605030377117,0.0291566768309087,0.0385677669274693));
#9671=CARTESIAN_POINT('',(0.0445271697043783,0.0292379247865509,0.0386490148831116));
#9672=CARTESIAN_POINT('',(0.044593836371045,0.0293191727421931,0.0387302628387538));
#9673=CARTESIAN_POINT('',(-0.0114132379954744,0.0468591644221079,0.057684468081042));
#9674=CARTESIAN_POINT('',(0.034593836371045,0.0387274364384627,0.0495527400973966));
#9675=CARTESIAN_POINT('',(0.034593836371045,0.0352743983236684,0.0460997019826023));
#9676=CARTESIAN_POINT('',(0.034593836371045,0.0318213602088741,0.042646663867808));
#9677=CARTESIAN_POINT('',(0.034593836371045,0.0283683220940799,0.0391936257530136));
#9678=CARTESIAN_POINT('',(-0.0114132379954744,0.0478591644221079,0.057684468081042));
#9679=CARTESIAN_POINT('',(0.052893836371045,0.047859164422108,0.046184468081042));
#9680=CARTESIAN_POINT('',(0.0445938363710451,0.0478591644221082,0.031879173963395));
#9681=CARTESIAN_POINT('',(0.044593836371045,0.0478591644221082,0.0318791739633949));
#9682=CARTESIAN_POINT('',(0.044593836371045,0.0478591644221081,0.0366621255901474));
#9683=CARTESIAN_POINT('',(0.044593836371045,0.0478591644221081,0.0414450772168999));
#9684=CARTESIAN_POINT('',(0.044593836371045,0.047859164422108,0.0462280288436524));
#9685=CARTESIAN_POINT('',(0.052893836371045,0.047859164422108,0.046184468081042));
#9686=CARTESIAN_POINT('',(0.052893836371045,0.046859164422108,0.046184468081042));
#9687=CARTESIAN_POINT('',(0.044393836371045,0.0478591644221082,0.031534468081042));
#9688=CARTESIAN_POINT('',(0.0444605030377116,0.0478591644221082,0.0316493700418263));
#9689=CARTESIAN_POINT('',(0.0445271697043783,0.0478591644221082,0.0317642720026106));
#9690=CARTESIAN_POINT('',(0.044593836371045,0.0478591644221082,0.0318791739633949));
#9691=CARTESIAN_POINT('',(-0.0114132379954744,0.0468591644221079,0.057684468081042));
#9692=CARTESIAN_POINT('',(0.034593836371045,0.046859164422108,0.046184468081042));
#9693=CARTESIAN_POINT('',(0.034593836371045,0.0468591644221081,0.0413011347477087));
#9694=CARTESIAN_POINT('',(0.034593836371045,0.0468591644221081,0.0364178014143753));
#9695=CARTESIAN_POINT('',(0.034593836371045,0.0468591644221082,0.031534468081042));
#9696=CARTESIAN_POINT('',(-0.0114132379954744,0.0475662712032944,0.0583915748622286));
#9697=CARTESIAN_POINT('',(0.052893836371045,0.0556979991869398,0.0502598468785834));
#9698=CARTESIAN_POINT('',(0.0445938363710451,0.0658133696643962,0.0401444764011272));
#9699=CARTESIAN_POINT('',(0.044593836371045,0.0658133696643962,0.0401444764011272));
#9700=CARTESIAN_POINT('',(0.044593836371045,0.0624313121350323,0.0435265339304911));
#9701=CARTESIAN_POINT('',(0.044593836371045,0.0590492546056683,0.046908591459855));
#9702=CARTESIAN_POINT('',(0.044593836371045,0.0556671970763043,0.0502906489892189));
#9703=CARTESIAN_POINT('',(0.052893836371045,0.0556979991869398,0.0502598468785834));
#9704=CARTESIAN_POINT('',(0.052893836371045,0.0549908924057533,0.0495527400973968));
#9705=CARTESIAN_POINT('',(0.044393836371045,0.0660571135313228,0.0399007325342006));
#9706=CARTESIAN_POINT('',(0.0444605030377117,0.0659758655756806,0.0399819804898428));
#9707=CARTESIAN_POINT('',(0.0445271697043783,0.0658946176200384,0.040063228445485));
#9708=CARTESIAN_POINT('',(0.044593836371045,0.0658133696643962,0.0401444764011272));
#9709=CARTESIAN_POINT('',(-0.0114132379954744,0.0468591644221079,0.057684468081042));
#9710=CARTESIAN_POINT('',(0.034593836371045,0.0549908924057533,0.0495527400973968));
#9711=CARTESIAN_POINT('',(0.034593836371045,0.0584439305205476,0.0460997019826025));
#9712=CARTESIAN_POINT('',(0.034593836371045,0.061896968635342,0.0426466638678083));
#9713=CARTESIAN_POINT('',(0.034593836371045,0.0653500067501363,0.039193625753014));
#9714=CARTESIAN_POINT('',(0.034593836371045,0.0468591644221081,0.069052745953856));
#9715=CARTESIAN_POINT('',(0.034593836371045,0.046859164422108,0.0839226294456177));
#9716=CARTESIAN_POINT('',(0.034593836371045,0.0467413132919103,0.069052745953856));
#9717=CARTESIAN_POINT('',(0.034593836371045,0.0467413132919102,0.0839226294456177));
#9718=CARTESIAN_POINT('',(0.035020970504372,0.0464867173338121,0.069052745953856));
#9719=CARTESIAN_POINT('',(0.035020970504372,0.0464867173338121,0.0839226294456177));
#9720=CARTESIAN_POINT('',(0.0373115688406545,0.0461309376690689,0.069052745953856));
#9721=CARTESIAN_POINT('',(0.0373115688406545,0.0461309376690689,0.0839226294456177));
#9722=CARTESIAN_POINT('',(0.0408693654880859,0.0459018778354405,0.069052745953856));
#9723=CARTESIAN_POINT('',(0.0408693654880859,0.0459018778354405,0.0839226294456177));
#9724=CARTESIAN_POINT('',(0.0434153250690673,0.0458591644221078,0.069052745953856));
#9725=CARTESIAN_POINT('',(0.0434153250690673,0.0458591644221078,0.0839226294456177));
#9726=CARTESIAN_POINT('',(0.044593836371045,0.0458591644221078,0.069052745953856));
#9727=CARTESIAN_POINT('',(0.044593836371045,0.0458591644221078,0.0839226294456177));
#9728=CARTESIAN_POINT('',(0.0345938363710451,0.0388205780478286,0.0657230544553222));
#9729=CARTESIAN_POINT('',(0.0345938363710451,0.02830598259535,0.0762376499078008));
#9730=CARTESIAN_POINT('',(0.0345938363710471,0.0387372447144953,0.0656397211219888));
#9731=CARTESIAN_POINT('',(0.0345938363710471,0.0282226492620166,0.0761543165744673));
#9732=CARTESIAN_POINT('',(0.035020970504378,0.0385572181860614,0.0654596945935547));
#9733=CARTESIAN_POINT('',(0.035020970504378,0.0280426227335827,0.0759742900460333));
#9734=CARTESIAN_POINT('',(0.0373115688406628,0.0383056439725132,0.0652081203800065));
#9735=CARTESIAN_POINT('',(0.0373115688406628,0.0277910485200345,0.075722715832485));
#9736=CARTESIAN_POINT('',(0.0408693654880911,0.038143674210857,0.0650461506183504));
#9737=CARTESIAN_POINT('',(0.0408693654880911,0.0276290787583784,0.075560746070829));
#9738=CARTESIAN_POINT('',(0.0434153250690689,0.0381134712666417,0.0650159476741352));
#9739=CARTESIAN_POINT('',(0.0434153250690689,0.027598875814163,0.0755305431266137));
#9740=CARTESIAN_POINT('',(0.044593836371045,0.0381134712666416,0.0650159476741351));
#9741=CARTESIAN_POINT('',(0.044593836371045,0.027598875814163,0.0755305431266137));
#9742=CARTESIAN_POINT('',(0.034593836371045,0.035490886549294,0.057684468081042));
#9743=CARTESIAN_POINT('',(0.034593836371045,0.0206210030575322,0.057684468081042));
#9744=CARTESIAN_POINT('',(0.0345938363710453,0.0354908865492939,0.0575666169508442));
#9745=CARTESIAN_POINT('',(0.0345938363710453,0.0206210030575322,0.0575666169508442));
#9746=CARTESIAN_POINT('',(0.0350209705043726,0.0354908865492939,0.0573120209927461));
#9747=CARTESIAN_POINT('',(0.0350209705043726,0.0206210030575321,0.0573120209927461));
#9748=CARTESIAN_POINT('',(0.0373115688406553,0.0354908865492939,0.056956241328003));
#9749=CARTESIAN_POINT('',(0.0373115688406553,0.0206210030575322,0.056956241328003));
#9750=CARTESIAN_POINT('',(0.0408693654880864,0.0354908865492939,0.0567271814943746));
#9751=CARTESIAN_POINT('',(0.0408693654880864,0.0206210030575322,0.0567271814943746));
#9752=CARTESIAN_POINT('',(0.0434153250690675,0.035490886549294,0.056684468081042));
#9753=CARTESIAN_POINT('',(0.0434153250690675,0.0206210030575322,0.056684468081042));
#9754=CARTESIAN_POINT('',(0.044593836371045,0.035490886549294,0.056684468081042));
#9755=CARTESIAN_POINT('',(0.044593836371045,0.0206210030575322,0.056684468081042));
#9756=CARTESIAN_POINT('',(0.034593836371045,0.0388205780478278,0.0496458817067627));
#9757=CARTESIAN_POINT('',(0.034593836371045,0.0283059825953493,0.039131286254284));
#9758=CARTESIAN_POINT('',(0.0345938363710463,0.0389039113811619,0.0495625483734286));
#9759=CARTESIAN_POINT('',(0.0345938363710463,0.0283893159286834,0.0390479529209499));
#9760=CARTESIAN_POINT('',(0.0350209705043759,0.0390839379095972,0.0493825218449934));
#9761=CARTESIAN_POINT('',(0.0350209705043759,0.0285693424571187,0.0388679263925147));
#9762=CARTESIAN_POINT('',(0.03731156884066,0.0393355121231462,0.0491309476314444));
#9763=CARTESIAN_POINT('',(0.03731156884066,0.0288209166706677,0.0386163521789657));
#9764=CARTESIAN_POINT('',(0.0408693654880894,0.0394974818848015,0.0489689778697891));
#9765=CARTESIAN_POINT('',(0.0408693654880894,0.028982886432323,0.0384543824173103));
#9766=CARTESIAN_POINT('',(0.0434153250690684,0.0395276848290155,0.048938774925575));
#9767=CARTESIAN_POINT('',(0.0434153250690684,0.0290130893765369,0.0384241794730963));
#9768=CARTESIAN_POINT('',(0.044593836371045,0.0395276848290148,0.0489387749255757));
#9769=CARTESIAN_POINT('',(0.044593836371045,0.0290130893765363,0.038424179473097));
#9770=CARTESIAN_POINT('',(0.034593836371045,0.0468591644221079,0.0463161902082281));
#9771=CARTESIAN_POINT('',(0.034593836371045,0.0468591644221081,0.0314463067164663));
#9772=CARTESIAN_POINT('',(0.0345938363710451,0.0469770155523057,0.0463161902082281));
#9773=CARTESIAN_POINT('',(0.0345938363710451,0.0469770155523059,0.0314463067164663));
#9774=CARTESIAN_POINT('',(0.0350209705043722,0.0472316115104038,0.0463161902082281));
#9775=CARTESIAN_POINT('',(0.0350209705043722,0.047231611510404,0.0314463067164663));
#9776=CARTESIAN_POINT('',(0.0373115688406548,0.047587391175147,0.0463161902082281));
#9777=CARTESIAN_POINT('',(0.0373115688406548,0.0475873911751472,0.0314463067164663));
#9778=CARTESIAN_POINT('',(0.0408693654880861,0.0478164510087754,0.0463161902082281));
#9779=CARTESIAN_POINT('',(0.0408693654880861,0.0478164510087755,0.0314463067164663));
#9780=CARTESIAN_POINT('',(0.0434153250690674,0.047859164422108,0.0463161902082281));
#9781=CARTESIAN_POINT('',(0.0434153250690674,0.0478591644221082,0.0314463067164663));
#9782=CARTESIAN_POINT('',(0.044593836371045,0.047859164422108,0.0463161902082281));
#9783=CARTESIAN_POINT('',(0.044593836371045,0.0478591644221082,0.0314463067164663));
#9784=CARTESIAN_POINT('',(0.0345938363710451,0.0548977507963878,0.0496458817067623));
#9785=CARTESIAN_POINT('',(0.0345938363710451,0.0654123462488665,0.0391312862542839));
#9786=CARTESIAN_POINT('',(0.0345938363710428,0.0549810841297212,0.0497292150400958));
#9787=CARTESIAN_POINT('',(0.0345938363710428,0.0654956795822,0.0392146195876174));
#9788=CARTESIAN_POINT('',(0.0350209705043652,0.0551611106581554,0.0499092415685301));
#9789=CARTESIAN_POINT('',(0.0350209705043652,0.0656757061106341,0.0393946461160516));
#9790=CARTESIAN_POINT('',(0.0373115688406457,0.0554126848717039,0.0501608157820786));
#9791=CARTESIAN_POINT('',(0.0373115688406457,0.0659272803241826,0.0396462203296002));
#9792=CARTESIAN_POINT('',(0.0408693654880808,0.0555746546333599,0.0503227855437345));
#9793=CARTESIAN_POINT('',(0.0408693654880808,0.0660892500858386,0.0398081900912561));
#9794=CARTESIAN_POINT('',(0.0434153250690658,0.0556048575775746,0.0503529884879492));
#9795=CARTESIAN_POINT('',(0.0434153250690658,0.0661194530300533,0.0398383930354708));
#9796=CARTESIAN_POINT('',(0.044593836371045,0.0556048575775743,0.0503529884879489));
#9797=CARTESIAN_POINT('',(0.044593836371045,0.066119453030053,0.0398383930354705));
#9798=CARTESIAN_POINT('',(0.034593836371045,0.0582274422949219,0.0576844680810419));
#9799=CARTESIAN_POINT('',(0.034593836371045,0.0730973257866837,0.0576844680810419));
#9800=CARTESIAN_POINT('',(0.0345938363710452,0.0582274422949219,0.0578023192112397));
#9801=CARTESIAN_POINT('',(0.0345938363710452,0.0730973257866837,0.0578023192112397));
#9802=CARTESIAN_POINT('',(0.0350209705043724,0.0582274422949219,0.0580569151693378));
#9803=CARTESIAN_POINT('',(0.0350209705043724,0.0730973257866837,0.0580569151693378));
#9804=CARTESIAN_POINT('',(0.0373115688406549,0.0582274422949219,0.0584126948340809));
#9805=CARTESIAN_POINT('',(0.0373115688406549,0.0730973257866836,0.0584126948340809));
#9806=CARTESIAN_POINT('',(0.0408693654880862,0.0582274422949219,0.0586417546677093));
#9807=CARTESIAN_POINT('',(0.0408693654880862,0.0730973257866836,0.0586417546677093));
#9808=CARTESIAN_POINT('',(0.0434153250690674,0.0582274422949218,0.058684468081042));
#9809=CARTESIAN_POINT('',(0.0434153250690674,0.0730973257866836,0.058684468081042));
#9810=CARTESIAN_POINT('',(0.044593836371045,0.0582274422949218,0.058684468081042));
#9811=CARTESIAN_POINT('',(0.044593836371045,0.0730973257866836,0.058684468081042));
#9812=CARTESIAN_POINT('',(0.0345938363710451,0.0548977507963877,0.0657230544553216));
#9813=CARTESIAN_POINT('',(0.0345938363710451,0.0654123462488663,0.0762376499078002));
#9814=CARTESIAN_POINT('',(0.0345938363710456,0.0548144174630542,0.0658063877886551));
#9815=CARTESIAN_POINT('',(0.0345938363710456,0.0653290129155328,0.0763209832411337));
#9816=CARTESIAN_POINT('',(0.0350209705043737,0.05463439093462,0.0659864143170892));
#9817=CARTESIAN_POINT('',(0.0350209705043737,0.0651489863870986,0.0765010097695679));
#9818=CARTESIAN_POINT('',(0.0373115688406569,0.0543828167210717,0.0662379885306376));
#9819=CARTESIAN_POINT('',(0.0373115688406569,0.0648974121735503,0.0767525839831163));
#9820=CARTESIAN_POINT('',(0.0408693654880875,0.0542208469594158,0.0663999582922935));
#9821=CARTESIAN_POINT('',(0.0408693654880875,0.0647354424118944,0.0769145537447722));
#9822=CARTESIAN_POINT('',(0.0434153250690678,0.0541906440152009,0.0664301612365084));
#9823=CARTESIAN_POINT('',(0.0434153250690678,0.0647052394676795,0.0769447566889871));
#9824=CARTESIAN_POINT('',(0.044593836371045,0.0541906440152011,0.0664301612365082));
#9825=CARTESIAN_POINT('',(0.044593836371045,0.0647052394676797,0.0769447566889869));
#9826=CARTESIAN_POINT('',(-0.0494568240836308,0.012174934440334,0.0271876947341592));
#9827=CARTESIAN_POINT('',(1.7347234759768E-18,0.013,0.0175));
#9828=CARTESIAN_POINT('',(0.001,0.013,-1.99999999999853E-6));
#9829=CARTESIAN_POINT('',(0.001,0.013,0.));
#9830=CARTESIAN_POINT('',(0.001,0.013,0.0175));
#9831=CARTESIAN_POINT('',(1.7347234759768E-18,0.013,0.));
#9832=CARTESIAN_POINT('',(-0.0135,0.013,0.));
#9833=CARTESIAN_POINT('',(-0.0135,0.013,0.0175));
#9834=CARTESIAN_POINT('',(-0.0135,0.013,0.0175));
#9835=CARTESIAN_POINT('',(1.7347234759768E-18,0.013,0.0175));
#9836=CARTESIAN_POINT('',(-0.00814595037822609,0.013,0.00775));
#9837=CARTESIAN_POINT('',(-0.00464595037822608,0.013,0.00775));
#9838=CARTESIAN_POINT('',(-0.0116459503782261,0.013,0.00775));
#9839=CARTESIAN_POINT('',(-0.00464595037822608,0.013,0.01125));
#9840=CARTESIAN_POINT('',(-0.00464595037822608,0.013,0.01475));
#9841=CARTESIAN_POINT('',(-0.00814595037822609,0.013,0.01475));
#9842=CARTESIAN_POINT('',(-0.0116459503782261,0.013,0.01475));
#9843=CARTESIAN_POINT('',(-0.0116459503782261,0.013,0.01125));
#9844=CARTESIAN_POINT('',(0.,0.,0.0175));
#9845=CARTESIAN_POINT('',(0.00725,0.0105,0.0175));
#9846=CARTESIAN_POINT('',(0.001,0.0105,0.0175));
#9847=CARTESIAN_POINT('',(0.0135,0.0105,0.0175));
#9848=CARTESIAN_POINT('',(0.001,0.01175,0.0175));
#9849=CARTESIAN_POINT('',(-0.0135,1.7347234759768E-18,0.0175));
#9850=CARTESIAN_POINT('',(-0.0135,-0.013,0.0175));
#9851=CARTESIAN_POINT('',(-8.67361737988404E-19,-0.013,0.0175));
#9852=CARTESIAN_POINT('',(0.0135,-0.013,0.0175));
#9853=CARTESIAN_POINT('',(0.0135,3.46944695195361E-18,0.0175));
#9854=CARTESIAN_POINT('',(-8.67361737988404E-19,-0.013,0.0175));
#9855=CARTESIAN_POINT('',(-8.67361737988404E-19,-0.013,0.));
#9856=CARTESIAN_POINT('',(0.0135,-0.013,0.));
#9857=CARTESIAN_POINT('',(-0.0135,-0.013,0.));
#9858=CARTESIAN_POINT('',(0.0135,-0.013,0.0175));
#9859=CARTESIAN_POINT('',(-0.0135,-0.013,0.0175));
#9860=CARTESIAN_POINT('',(0.0135,3.46944695195361E-18,0.0175));
#9861=CARTESIAN_POINT('',(0.0135,3.46944695195361E-18,0.));
#9862=CARTESIAN_POINT('',(0.0135,0.0105,0.));
#9863=CARTESIAN_POINT('',(0.0135,0.0105,-1.99999999999853E-6));
#9864=CARTESIAN_POINT('',(-0.0135,1.7347234759768E-18,0.0175));
#9865=CARTESIAN_POINT('',(-0.0135,1.7347234759768E-18,0.));
#9866=CARTESIAN_POINT('',(0.,0.,0.));
#9867=CARTESIAN_POINT('',(0.001,0.01175,0.));
#9868=CARTESIAN_POINT('',(0.001,0.0105,0.));
#9869=CARTESIAN_POINT('',(0.00725,0.0105,0.));
#9870=CARTESIAN_POINT('',(0.001,0.01175,-1.99999999999853E-6));
#9871=CARTESIAN_POINT('',(0.001,0.0105,-1.99999999999853E-6));
#9872=CARTESIAN_POINT('',(0.00725,0.0105,-1.99999999999853E-6));
#9873=CARTESIAN_POINT('',(-0.00814595037822608,-0.013002,0.01475));
#9874=CARTESIAN_POINT('',(-0.00464595037822608,-0.013002,0.01475));
#9875=CARTESIAN_POINT('',(-0.00464595037822608,0.0205364892929793,0.01475));
#9876=CARTESIAN_POINT('',(-0.0045,0.0205364892929793,0.01475));
#9877=CARTESIAN_POINT('',(0.0065,0.0205364892929793,0.01475));
#9878=CARTESIAN_POINT('',(0.0065,0.0275364892929792,0.01475));
#9879=CARTESIAN_POINT('',(0.0065,0.0285364892929793,0.01475));
#9880=CARTESIAN_POINT('',(-0.0135,0.0285364892929793,0.01475));
#9881=CARTESIAN_POINT('',(-0.0085,0.0285364892929793,0.01475));
#9882=CARTESIAN_POINT('',(-0.0131722562066355,0.0355364892929792,0.01475));
#9883=CARTESIAN_POINT('',(-0.0127769794380868,0.0341703083313319,0.01475));
#9884=CARTESIAN_POINT('',(-0.0113754643925307,0.0316864191585987,0.01475));
#9885=CARTESIAN_POINT('',(-0.00945223037921528,0.0295796064532392,0.01475));
#9886=CARTESIAN_POINT('',(-0.0085,0.0285364892929793,0.01475));
#9887=CARTESIAN_POINT('',(-0.0131722562066355,0.0355364892929792,0.01475));
#9888=CARTESIAN_POINT('',(-0.0155,0.0355364892929792,0.01475));
#9889=CARTESIAN_POINT('',(-0.0155,0.0355364892929792,0.01475));
#9890=CARTESIAN_POINT('',(-0.0155,0.0305364892929792,0.01475));
#9891=CARTESIAN_POINT('',(-0.0155,0.0205364892929793,0.01475));
#9892=CARTESIAN_POINT('',(-0.0045,0.0205364892929793,0.01475));
#9893=CARTESIAN_POINT('',(-0.0116459503782261,0.0205364892929793,0.01475));
#9894=CARTESIAN_POINT('',(-0.0116459503782261,-0.013002,0.01475));
#9895=CARTESIAN_POINT('',(-0.00464595037822608,-0.013002,0.01125));
#9896=CARTESIAN_POINT('',(-0.00464595037822608,-0.013002,0.00775));
#9897=CARTESIAN_POINT('',(-0.00464595037822608,0.0205364892929793,0.00775));
#9898=CARTESIAN_POINT('',(-0.00464595037822608,0.0205364892929793,0.01125));
#9899=CARTESIAN_POINT('',(-0.0116459503782261,-0.013002,0.01125));
#9900=CARTESIAN_POINT('',(-0.0116459503782261,-0.013002,0.00775));
#9901=CARTESIAN_POINT('',(-0.0116459503782261,0.0205364892929793,0.00775));
#9902=CARTESIAN_POINT('',(-0.0116459503782261,0.0205364892929793,0.01125));
#9903=CARTESIAN_POINT('',(-0.00814595037822608,-0.013002,0.00775));
#9904=CARTESIAN_POINT('',(-0.00814595037822608,0.0205364892929793,0.00775));
#9905=CARTESIAN_POINT('',(-0.0045,0.0205364892929793,0.01475));
#9906=CARTESIAN_POINT('',(-0.0155,0.0205364892929793,0.01475));
#9907=CARTESIAN_POINT('',(-0.0155,0.0205364892929793,0.00275));
#9908=CARTESIAN_POINT('',(-0.0045,0.0205364892929793,0.00275));
#9909=CARTESIAN_POINT('',(0.0065,0.0205364892929793,0.00275));
#9910=CARTESIAN_POINT('',(0.0065,0.0205364892929793,0.01475));
#9911=CARTESIAN_POINT('',(-0.0155,0.0305364892929792,0.01475));
#9912=CARTESIAN_POINT('',(-0.0155,0.0405364892929792,0.01475));
#9913=CARTESIAN_POINT('',(-0.0155,0.0405364892929792,0.00975));
#9914=CARTESIAN_POINT('',(-0.0155,0.0405364892929792,0.00775));
#9915=CARTESIAN_POINT('',(-0.0155,0.0355364892929792,0.00775));
#9916=CARTESIAN_POINT('',(-0.0155,0.0355364892929792,0.00275));
#9917=CARTESIAN_POINT('',(-0.0155,0.0305364892929792,0.00275));
#9918=CARTESIAN_POINT('',(-0.0155,0.0355364892929792,0.00975));
#9919=CARTESIAN_POINT('',(0.0065,0.0275364892929792,0.01475));
#9920=CARTESIAN_POINT('',(0.0065,0.0275364892929792,0.00275));
#9921=CARTESIAN_POINT('',(0.0065,0.0285364892929793,0.00275));
#9922=CARTESIAN_POINT('',(0.0065,0.0285364892929793,0.00875));
#9923=CARTESIAN_POINT('',(-0.0135,0.0375364892929793,0.01475));
#9924=CARTESIAN_POINT('',(-0.0135,0.0285364892929793,0.00875));
#9925=CARTESIAN_POINT('',(-0.0135,0.0382194604296954,0.0139692020429873));
#9926=CARTESIAN_POINT('',(-0.0135,0.0382194604296954,0.00353079795701268));
#9927=CARTESIAN_POINT('',(-0.0135,0.0355364892929792,0.00775));
#9928=CARTESIAN_POINT('',(-0.0135,0.0405364892929792,0.00775));
#9929=CARTESIAN_POINT('',(-0.0135,0.0405364892929792,0.01475));
#9930=CARTESIAN_POINT('',(-0.0135,0.0405364892929792,0.00975));
#9931=CARTESIAN_POINT('',(-0.0135,0.0355364892929792,0.00975));
#9932=CARTESIAN_POINT('',(-0.0145,0.0405364892929792,0.01475));
#9933=CARTESIAN_POINT('',(-0.0145,0.0405364892929792,0.00775));
#9934=CARTESIAN_POINT('',(-0.0135,0.0405364892929792,0.00975));
#9935=CARTESIAN_POINT('',(-0.0045,0.0305364892929792,0.00275));
#9936=CARTESIAN_POINT('',(-0.0045,0.0355364892929792,0.00275));
#9937=CARTESIAN_POINT('',(-0.0131722562066355,0.0355364892929792,0.00275));
#9938=CARTESIAN_POINT('',(-0.0131722562066355,0.0355364892929792,0.00275));
#9939=CARTESIAN_POINT('',(-0.0127769794380868,0.0341703083313319,0.00275));
#9940=CARTESIAN_POINT('',(-0.0113754643925218,0.0316864191586068,0.00275));
#9941=CARTESIAN_POINT('',(-0.00945223037923301,0.029579606453223,0.00275));
#9942=CARTESIAN_POINT('',(-0.0085,0.0285364892929793,0.00275));
#9943=CARTESIAN_POINT('',(-0.0085,0.0285364892929793,0.00275));
#9944=CARTESIAN_POINT('',(-0.0045,0.0285364892929793,0.00275));
#9945=CARTESIAN_POINT('',(-0.0045,0.0285364892929793,0.00875));
#9946=CARTESIAN_POINT('',(-0.0085,0.0285364892929793,0.00875));
#9947=CARTESIAN_POINT('',(-0.0085,0.0285364892929793,0.00875));
#9948=CARTESIAN_POINT('',(-0.0131722562066355,0.0355364892929792,0.00275));
#9949=CARTESIAN_POINT('',(-0.0134397638559748,0.0364610664164067,0.00275));
#9950=CARTESIAN_POINT('',(-0.0135,0.0374083919743402,0.0030150432637205));
#9951=CARTESIAN_POINT('',(-0.0135,0.0382194604296954,0.00353079795701268));
#9952=CARTESIAN_POINT('',(-0.0135,0.0382194604296954,0.0139692020429873));
#9953=CARTESIAN_POINT('',(-0.0135,0.0374086009780728,0.0144848238317691));
#9954=CARTESIAN_POINT('',(-0.013439675046109,0.0364607594660431,0.01475));
#9955=CARTESIAN_POINT('',(-0.0131722562066355,0.0355364892929792,0.01475));
#9956=CARTESIAN_POINT('',(-0.0145,0.0355364892929792,0.00775));
#9957=CARTESIAN_POINT('',(-0.0045,0.0355364892929792,0.00975));
#9958=CARTESIAN_POINT('',(-0.0251524496096393,0.107802220135398,0.0936221421142117));
#9959=CARTESIAN_POINT('',(0.00154222716323587,-0.0288943343600224,0.0202051413586498));
#9960=CARTESIAN_POINT('',(0.00180705471908008,-0.0366983462082952,0.0216061306742498));
#9961=CARTESIAN_POINT('',(0.00215805944080691,-0.0472785605895947,0.0234633425684693));
#9962=CARTESIAN_POINT('',(0.00239438166194249,-0.0605850590432475,0.0247138007542675));
#9963=CARTESIAN_POINT('',(0.00245161773406268,-0.0696487112283227,0.0250166605614199));
#9964=CARTESIAN_POINT('',(0.00237723877570497,-0.0801643604619267,0.0246230902341539));
#9965=CARTESIAN_POINT('',(0.00214724649366458,-0.0921522793951503,0.0234061237556393));
#9966=CARTESIAN_POINT('',(0.00181337272004303,-0.104208317298063,0.0216395901153901));
#9967=CARTESIAN_POINT('',(0.00141584180194663,-0.117043734320916,0.0195364858521152));
#9968=CARTESIAN_POINT('',(0.00115159802953614,-0.12561349212781,0.0181388067579282));
#9969=CARTESIAN_POINT('',(0.000997223127532166,-0.130609453718097,0.0173224539677088));
#9970=CARTESIAN_POINT('',(-1.65830024950568E-10,-0.0288943343600377,0.0203526092625478));
#9971=CARTESIAN_POINT('',(-1.95735990485496E-10,-0.0366983462086874,0.0217800283710903));
#9972=CARTESIAN_POINT('',(-2.35421668270952E-10,-0.0472785605923878,0.0236722577946122));
#9973=CARTESIAN_POINT('',(-2.62147866348511E-10,-0.060585059045025,0.0249462905663241));
#9974=CARTESIAN_POINT('',(-2.6862158656292E-10,-0.0696487112281471,0.02525485982617));
#9975=CARTESIAN_POINT('',(-2.60208865630711E-10,-0.0801643604599663,0.0248538700119199));
#9976=CARTESIAN_POINT('',(-2.34198246408003E-10,-0.0921522793930193,0.0236139604783375));
#9977=CARTESIAN_POINT('',(-1.96454702765941E-10,-0.104208317297442,0.0218141169514754));
#9978=CARTESIAN_POINT('',(-1.51550163152332E-10,-0.11704373432138,0.0196713425266016));
#9979=CARTESIAN_POINT('',(-1.21742342281458E-10,-0.125613492126958,0.0182472832833467));
#9980=CARTESIAN_POINT('',(-1.04355157897135E-10,-0.13060945371402,0.0174155114045208));
#9981=CARTESIAN_POINT('',(-0.00154222649991577,-0.0288943343600036,0.020205141364161));
#9982=CARTESIAN_POINT('',(-0.00180705393613612,-0.0366983462082766,0.0216061306834893));
#9983=CARTESIAN_POINT('',(-0.00215805849912023,-0.0472785605895788,0.0234633425826844));
#9984=CARTESIAN_POINT('',(-0.00239438061335102,-0.0605850590432401,0.0247138007718378));
#9985=CARTESIAN_POINT('',(-0.00245161665957633,-0.0696487112283235,0.0250166605798034));
#9986=CARTESIAN_POINT('',(-0.00237723773486951,-0.0801643604619348,0.0246230902514807));
#9987=CARTESIAN_POINT('',(-0.00214724555687159,-0.0921522793951642,0.0234061237697007));
#9988=CARTESIAN_POINT('',(-0.00181337193422422,-0.10420831729808,0.0216395901247225));
#9989=CARTESIAN_POINT('',(-0.00141584119574597,-0.117043734320933,0.0195364858558422));
#9990=CARTESIAN_POINT('',(-0.00115159754256677,-0.125613492127828,0.0181388067579575));
#9991=CARTESIAN_POINT('',(-0.000997222710111533,-0.130609453718114,0.0173224539655962));
#9992=CARTESIAN_POINT('',(-0.00309561542913975,-0.0288943343600318,0.0197820343901737));
#9993=CARTESIAN_POINT('',(-0.00357808170310349,-0.0366983462086242,0.0211215121391612));
#9994=CARTESIAN_POINT('',(-0.00421766686922518,-0.047278560591969,0.0228971680101976));
#9995=CARTESIAN_POINT('',(-0.00464829960003234,-0.0605850590447604,0.0240927127447876));
#9996=CARTESIAN_POINT('',(-0.00475259855666391,-0.0696487112281732,0.0243822723552438));
#9997=CARTESIAN_POINT('',(-0.00461706067750409,-0.0801643604602583,0.0240059858241236));
#9998=CARTESIAN_POINT('',(-0.00419796176836983,-0.0921522793933392,0.0228424621080053));
#9999=CARTESIAN_POINT('',(-0.00358960509579507,-0.104208317297539,0.0211535010172037));
#10000=CARTESIAN_POINT('',(-0.00286534578328449,-0.117043734321314,0.0191427389181677));
#10001=CARTESIAN_POINT('',(-0.00238402432863834,-0.125613492127089,0.0178064167988236));
#10002=CARTESIAN_POINT('',(-0.0021028997396247,-0.130609453714644,0.0170258931684874));
#10003=CARTESIAN_POINT('',(-0.0046283967013048,-0.0288943343600298,0.0191051034567845));
#10004=CARTESIAN_POINT('',(-0.0052916913950964,-0.0366983462085242,0.02036369533261));
#10005=CARTESIAN_POINT('',(-0.00617097231810396,-0.0472785605911923,0.0220321291885691));
#10006=CARTESIAN_POINT('',(-0.00676298932013153,-0.0605850590442581,0.0231554820122796));
#10007=CARTESIAN_POINT('',(-0.00690637511783534,-0.0696487112282229,0.0234275568683496));
#10008=CARTESIAN_POINT('',(-0.00672004339237492,-0.0801643604608117,0.0230739920035839));
#10009=CARTESIAN_POINT('',(-0.0061438827726126,-0.0921522793939313,0.0219807266195664));
#10010=CARTESIAN_POINT('',(-0.0053075314670751,-0.104208317297704,0.0203937528549522));
#10011=CARTESIAN_POINT('',(-0.00431182528801382,-0.117043734321185,0.0185044120896768));
#10012=CARTESIAN_POINT('',(-0.00365009034913171,-0.125613492127319,0.0172487873069938));
#10013=CARTESIAN_POINT('',(-0.00326357963197373,-0.130609453715698,0.0165153994332389));
#10014=CARTESIAN_POINT('',(-0.00659693945242651,-0.0288943343600034,0.0179082736932761));
#10015=CARTESIAN_POINT('',(-0.00745737130654093,-0.0366983462086034,0.0190453400624639));
#10016=CARTESIAN_POINT('',(-0.00859799398882373,-0.0472785605922155,0.0205526739125163));
#10017=CARTESIAN_POINT('',(-0.00936597331507594,-0.0605850590449536,0.0215675582721855));
#10018=CARTESIAN_POINT('',(-0.00955197714572725,-0.0696487112281537,0.021813362153663));
#10019=CARTESIAN_POINT('',(-0.00931026270671253,-0.0801643604600474,0.0214939367639252));
#10020=CARTESIAN_POINT('',(-0.00856285261971276,-0.0921522793931551,0.0205062346679195));
#10021=CARTESIAN_POINT('',(-0.00747792043524928,-0.104208317297528,0.0190724951455492));
#10022=CARTESIAN_POINT('',(-0.00618627833655444,-0.117043734321373,0.0173655833522446));
#10023=CARTESIAN_POINT('',(-0.00532787742123802,-0.125613492127057,0.0162311965222254));
#10024=CARTESIAN_POINT('',(-0.00482650284365876,-0.130609453714614,0.0155686205648879));
#10025=CARTESIAN_POINT('',(-0.00882594717889761,-0.0288943343605324,0.0159501399268353));
#10026=CARTESIAN_POINT('',(-0.00987232719156381,-0.0366983462084626,0.0169229701481885));
#10027=CARTESIAN_POINT('',(-0.0112594897959244,-0.0472785605855726,0.0182125400404554));
#10028=CARTESIAN_POINT('',(-0.0121934716601239,-0.0605850590403202,0.0190807956334586));
#10029=CARTESIAN_POINT('',(-0.0124196816210836,-0.0696487112286157,0.0192910856153567));
#10030=CARTESIAN_POINT('',(-0.0121257185859806,-0.0801643604651359,0.0190178112315472));
#10031=CARTESIAN_POINT('',(-0.0112167519191965,-0.0921522793981592,0.0181728109035662));
#10032=CARTESIAN_POINT('',(-0.00989732103014394,-0.104208317298376,0.0169461984288067));
#10033=CARTESIAN_POINT('',(-0.00832653179377983,-0.117043734319803,0.0154858423044002));
#10034=CARTESIAN_POINT('',(-0.00728264544765525,-0.125613492128471,0.0145152761132657));
#10035=CARTESIAN_POINT('',(-0.00667294737668364,-0.130609453721043,0.0139483667505741));
#10036=CARTESIAN_POINT('',(-0.0108070247680284,-0.028894334360264,0.0132949880973021));
#10037=CARTESIAN_POINT('',(-0.0120313051397208,-0.0366983462087765,0.014030084569544));
#10038=CARTESIAN_POINT('',(-0.0136542648295111,-0.0472785605914811,0.0150045289974899));
#10039=CARTESIAN_POINT('',(-0.0147470020154428,-0.0605850590443961,0.015660615451931));
#10040=CARTESIAN_POINT('',(-0.0150116619279101,-0.0696487112282095,0.0158195185323096));
#10041=CARTESIAN_POINT('',(-0.0146677328316363,-0.080164360460659,0.015613021970393));
#10042=CARTESIAN_POINT('',(-0.0136042630566373,-0.09215227939369,0.0149745078840976));
#10043=CARTESIAN_POINT('',(-0.012060544257475,-0.104208317297468,0.0140476374224864));
#10044=CARTESIAN_POINT('',(-0.0102227077300438,-0.11704373432099,0.0129441506424895));
#10045=CARTESIAN_POINT('',(-0.00900131979499037,-0.125613492127068,0.0122107715811052));
#10046=CARTESIAN_POINT('',(-0.00828793295420574,-0.130609453715273,0.0117824076254579));
#10047=CARTESIAN_POINT('',(-0.0122038619081223,-0.0288943343606114,0.0103856923344139));
#10048=CARTESIAN_POINT('',(-0.0135369082869278,-0.0366983462090633,0.0108883706336457));
#10049=CARTESIAN_POINT('',(-0.0153040291344931,-0.0472785605914496,0.0115547502802202));
#10050=CARTESIAN_POINT('',(-0.0164938252887032,-0.0605850590443498,0.0120034246887654));
#10051=CARTESIAN_POINT('',(-0.0167819924671247,-0.0696487112282137,0.0121120934465797));
#10052=CARTESIAN_POINT('',(-0.0164075154580786,-0.0801643604607129,0.0119708770108483));
#10053=CARTESIAN_POINT('',(-0.0152495863246531,-0.0921522793936824,0.0115342200855463));
#10054=CARTESIAN_POINT('',(-0.0135687426187675,-0.104208317297238,0.0109003771152696));
#10055=CARTESIAN_POINT('',(-0.0115676373742649,-0.117043734320603,0.0101457761732011));
#10056=CARTESIAN_POINT('',(-0.0102377259552834,-0.125613492126866,0.0096442901587968));
#10057=CARTESIAN_POINT('',(-0.00946094342549575,-0.130609453715477,0.00935138692789519));
#10058=CARTESIAN_POINT('',(-0.0129881457063811,-0.0288943343550127,0.00774483089023848));
#10059=CARTESIAN_POINT('',(-0.0143663568594234,-0.0366983462031025,0.00808800331927436));
#10060=CARTESIAN_POINT('',(-0.0161933399776296,-0.0472785605801805,0.00854302675776308));
#10061=CARTESIAN_POINT('',(-0.0174234395484997,-0.0605850590374245,0.00884941212501699));
#10062=CARTESIAN_POINT('',(-0.0177213681993655,-0.0696487112289053,0.00892361898679359));
#10063=CARTESIAN_POINT('',(-0.0173342061801868,-0.0801643604682976,0.00882718526360779));
#10064=CARTESIAN_POINT('',(-0.0161370535301903,-0.0921522794027613,0.00852900400710332));
#10065=CARTESIAN_POINT('',(-0.0143992693211591,-0.104208317303333,0.00809620694355117));
#10066=CARTESIAN_POINT('',(-0.012330366964323,-0.117043734324893,0.00758102749967619));
#10067=CARTESIAN_POINT('',(-0.0109553917510632,-0.125613492133548,0.00723872380051352));
#10068=CARTESIAN_POINT('',(-0.0101522860821114,-0.130609453725486,0.00703882261268618));
#10069=CARTESIAN_POINT('',(-0.0134383872520571,-0.0288943343638838,0.00552485484801809));
#10070=CARTESIAN_POINT('',(-0.0148360404178499,-0.0366983462117111,0.00577133201700157));
#10071=CARTESIAN_POINT('',(-0.0166888305728559,-0.047278560583902,0.00609799780358608));
#10072=CARTESIAN_POINT('',(-0.0179363122929747,-0.0605850590380266,0.00631792777996669));
#10073=CARTESIAN_POINT('',(-0.0182384510878469,-0.0696487112288535,0.00637119417442426));
#10074=CARTESIAN_POINT('',(-0.0178458176143238,-0.0801643604676146,0.00630197448699204));
#10075=CARTESIAN_POINT('',(-0.0166317476706029,-0.0921522793991209,0.00608793664255913));
#10076=CARTESIAN_POINT('',(-0.0148694198356105,-0.104208317295927,0.00577721274981926));
#10077=CARTESIAN_POINT('',(-0.01277132381144,-0.117043734316238,0.00540723005290521));
#10078=CARTESIAN_POINT('',(-0.0113769723469692,-0.125613492126213,0.00516129104330951));
#10079=CARTESIAN_POINT('',(-0.0105625600630561,-0.130609453719551,0.00501761945160044));
#10080=CARTESIAN_POINT('',(-0.0137766083736839,-0.0288943343567614,0.00326721932633264));
#10081=CARTESIAN_POINT('',(-0.0151886869368373,-0.0366983462056294,0.00341731252355632));
#10082=CARTESIAN_POINT('',(-0.0170605769472429,-0.0472785605937372,0.00361633942164891));
#10083=CARTESIAN_POINT('',(-0.0183209143470068,-0.060585059046841,0.00375035435350919));
#10084=CARTESIAN_POINT('',(-0.0186261666455267,-0.0696487112279607,0.00378281293404645));
#10085=CARTESIAN_POINT('',(-0.0182294873524988,-0.0801643604579932,0.00374063201614468));
#10086=CARTESIAN_POINT('',(-0.0170029065599608,-0.0921522793922952,0.003610205146567));
#10087=CARTESIAN_POINT('',(-0.0152224091044019,-0.104208317299774,0.00342090142420488));
#10088=CARTESIAN_POINT('',(-0.0131026638578872,-0.117043734324916,0.0031955744025634));
#10089=CARTESIAN_POINT('',(-0.0116939075286275,-0.125613492129072,0.00304586912991995));
#10090=CARTESIAN_POINT('',(-0.0108710744099732,-0.13060945371478,0.00295844713878366));
#10091=CARTESIAN_POINT('',(-0.0139920339577486,-0.0288943343608175,0.000374322454746039));
#10092=CARTESIAN_POINT('',(-0.0154121232292679,-0.0366983462092303,0.000412430534290723));
#10093=CARTESIAN_POINT('',(-0.0172946455843445,-0.0472785605904392,0.000462930488449492));
#10094=CARTESIAN_POINT('',(-0.0185621441023424,-0.0605850590435107,0.000496928762686387));
#10095=CARTESIAN_POINT('',(-0.0188691308858774,-0.069648711228299,0.000505163004074391));
#10096=CARTESIAN_POINT('',(-0.0184701974798956,-0.0801643604616258,0.000494462661815383));
#10097=CARTESIAN_POINT('',(-0.0172366470704053,-0.0921522793944314,0.000461375349749636));
#10098=CARTESIAN_POINT('',(-0.0154460376979056,-0.104208317297215,0.000413339271872113));
#10099=CARTESIAN_POINT('',(-0.0133142640000944,-0.117043734320277,0.000356137371060469));
#10100=CARTESIAN_POINT('',(-0.0118975235157446,-0.125613492126912,0.000318108888396109));
#10101=CARTESIAN_POINT('',(-0.0110700310811812,-0.130609453715861,0.000295891618870949));
#10102=CARTESIAN_POINT('',(-0.0139300512875252,-0.0288943343607708,-0.00318784719754136));
#10103=CARTESIAN_POINT('',(-0.0153474941764767,-0.0366983462093071,-0.00327296822316617));
#10104=CARTESIAN_POINT('',(-0.0172265037602228,-0.047278560592407,-0.00338580917284261));
#10105=CARTESIAN_POINT('',(-0.0184916363031719,-0.0605850590449593,-0.00346178482185133));
#10106=CARTESIAN_POINT('',(-0.0187980500297058,-0.0696487112281532,-0.00348018601404505));
#10107=CARTESIAN_POINT('',(-0.018399861366576,-0.0801643604600426,-0.0034562733873976));
#10108=CARTESIAN_POINT('',(-0.0171686136811609,-0.0921522793929399,-0.00338233248775988));
#10109=CARTESIAN_POINT('',(-0.015381345105969,-0.104208317296934,-0.00327500108833132));
#10110=CARTESIAN_POINT('',(-0.0132535451438893,-0.117043734320587,-0.00314722096081843));
#10111=CARTESIAN_POINT('',(-0.0118394420900314,-0.125613492126489,-0.00306230154186813));
#10112=CARTESIAN_POINT('',(-0.0110134887211755,-0.130609453714457,-0.0030127019869193));
#10113=CARTESIAN_POINT('',(-0.0135763250842625,-0.0288943343585214,-0.006839452300175));
#10114=CARTESIAN_POINT('',(-0.0149835643616967,-0.0366983462070443,-0.00703463227930505));
#10115=CARTESIAN_POINT('',(-0.016849049542616,-0.047278560589869,-0.0072933638151629));
#10116=CARTESIAN_POINT('',(-0.0181050764655297,-0.0605850590436115,-0.00746756619636127));
#10117=CARTESIAN_POINT('',(-0.0184092848193716,-0.0696487112282871,-0.00750975781913363));
#10118=CARTESIAN_POINT('',(-0.0180139620412807,-0.0801643604615199,-0.0074549293201024));
#10119=CARTESIAN_POINT('',(-0.0167915760235548,-0.092152279395075,-0.00728539291419786));
#10120=CARTESIAN_POINT('',(-0.0150171717173476,-0.104208317299054,-0.0070392931561893));
#10121=CARTESIAN_POINT('',(-0.012904688524914,-0.117043734322581,-0.00674629926399639));
#10122=CARTESIAN_POINT('',(-0.0115007660875947,-0.1256134921287,-0.00655157592303991));
#10123=CARTESIAN_POINT('',(-0.0106807594758465,-0.130609453716997,-0.00643783978240788));
#10124=CARTESIAN_POINT('',(-0.0128744361884341,-0.0288943343624721,-0.0103506673594197));
#10125=CARTESIAN_POINT('',(-0.0142496506214831,-0.0366983462109782,-0.0107196066603963));
#10126=CARTESIAN_POINT('',(-0.0160726844001214,-0.0472785605936562,-0.0112086823493112));
#10127=CARTESIAN_POINT('',(-0.0173001291942579,-0.060585059045489,-0.0115379753316309));
#10128=CARTESIAN_POINT('',(-0.0175974150276672,-0.0696487112281013,-0.0116177296812903));
#10129=CARTESIAN_POINT('',(-0.0172110881616721,-0.0801643604594604,-0.0115140878528598));
#10130=CARTESIAN_POINT('',(-0.0160165187658228,-0.0921522793918343,-0.0111936144986101));
#10131=CARTESIAN_POINT('',(-0.0142824934039589,-0.104208317295437,-0.0107284172387208));
#10132=CARTESIAN_POINT('',(-0.0122180839300698,-0.11704373431899,-0.0101745832509762));
#10133=CARTESIAN_POINT('',(-0.0108461120925327,-0.125613492124971,-0.0098065116183148));
#10134=CARTESIAN_POINT('',(-0.0100447683594357,-0.130609453713009,-0.00959152596216911));
#10135=CARTESIAN_POINT('',(-0.0117168505165938,-0.0288943343512862,-0.0135469333096622));
#10136=CARTESIAN_POINT('',(-0.0130107205160663,-0.0366983461998885,-0.0141510805581877));
#10137=CARTESIAN_POINT('',(-0.014725910051419,-0.0472785605838076,-0.0149519709112828));
#10138=CARTESIAN_POINT('',(-0.0158807416901048,-0.0605850590408189,-0.015491210602535));
#10139=CARTESIAN_POINT('',(-0.0161604405360465,-0.0696487112285621,-0.0156218140386476));
#10140=CARTESIAN_POINT('',(-0.0157969682226736,-0.080164360464586,-0.0154520931139807));
#10141=CARTESIAN_POINT('',(-0.0146730671878388,-0.0921522794003452,-0.0149272961633129));
#10142=CARTESIAN_POINT('',(-0.0130416194703878,-0.104208317305542,-0.0141655098994115));
#10143=CARTESIAN_POINT('',(-0.0110993234829945,-0.117043734329271,-0.0132585886184795));
#10144=CARTESIAN_POINT('',(-0.00980849715677676,-0.125613492135329,-0.0126558728123539));
#10145=CARTESIAN_POINT('',(-0.00905454370751711,-0.130609453723714,-0.0123038424898188));
#10146=CARTESIAN_POINT('',(-0.0103129649007821,-0.0288943343872869,-0.0158348195099325));
#10147=CARTESIAN_POINT('',(-0.0114674885636962,-0.0366983462355422,-0.0166768462216442));
#10148=CARTESIAN_POINT('',(-0.0129979808949576,-0.0472785606150138,-0.0177930503085084));
#10149=CARTESIAN_POINT('',(-0.0140284602958891,-0.0605850590555008,-0.0185445855450746));
#10150=CARTESIAN_POINT('',(-0.0142780415282993,-0.0696487112271138,-0.0187266063372891));
#10151=CARTESIAN_POINT('',(-0.0139537073952082,-0.0801643604484713,-0.0184900679472352));
#10152=CARTESIAN_POINT('',(-0.0129508278691388,-0.092152279373327,-0.0177586616165041));
#10153=CARTESIAN_POINT('',(-0.0114950623475734,-0.104208317273107,-0.0166969536425437));
#10154=CARTESIAN_POINT('',(-0.00976194006461921,-0.117043734296112,-0.0154329458378945));
#10155=CARTESIAN_POINT('',(-0.0086101479988858,-0.125613492102116,-0.0145928934878395));
#10156=CARTESIAN_POINT('',(-0.00793741480031578,-0.130609453689674,-0.0141022254640445));
#10157=CARTESIAN_POINT('',(-0.00889516653613211,-0.0288943343129117,-0.0173597970895703));
#10158=CARTESIAN_POINT('',(-0.0098640561337955,-0.0366983461619011,-0.0184035645920319));
#10159=CARTESIAN_POINT('',(-0.0111484198984593,-0.0472785605507389,-0.0197872463015515));
#10160=CARTESIAN_POINT('',(-0.0120131744990662,-0.0605850590253037,-0.0207188802180976));
#10161=CARTESIAN_POINT('',(-0.0122226166901174,-0.0696487112300925,-0.0209445213530637));
#10162=CARTESIAN_POINT('',(-0.0119504438570516,-0.0801643604816153,-0.0206512976716155));
#10163=CARTESIAN_POINT('',(-0.0111088506613375,-0.0921522794289965,-0.0197446161332374));
#10164=CARTESIAN_POINT('',(-0.00988719174754928,-0.10420831734008,-0.0184284945695241));
#10165=CARTESIAN_POINT('',(-0.00843274694781958,-0.117043734364646,-0.0168616312874491));
#10166=CARTESIAN_POINT('',(-0.00746612140658077,-0.12561349217068,-0.0158203419558476));
#10167=CARTESIAN_POINT('',(-0.00690151674776542,-0.130609453759814,-0.0152121575808483));
#10168=CARTESIAN_POINT('',(-0.00765752482497045,-0.0288943345488951,-0.0183425711878086));
#10169=CARTESIAN_POINT('',(-0.00845045787108653,-0.0366983463951268,-0.0195263662531348));
#10170=CARTESIAN_POINT('',(-0.00950159650405798,-0.0472785607512524,-0.0210956441182149));
#10171=CARTESIAN_POINT('',(-0.0102093256528725,-0.0605850591189006,-0.0221522349977918));
#10172=CARTESIAN_POINT('',(-0.0103807368712869,-0.0696487112208607,-0.022408140142567));
#10173=CARTESIAN_POINT('',(-0.0101579857285196,-0.080164360378894,-0.022075588036786));
#10174=CARTESIAN_POINT('',(-0.00946921211966406,-0.0921522792549715,-0.0210472964819257));
#10175=CARTESIAN_POINT('',(-0.00846939441222527,-0.104208317128304,-0.0195546372002787));
#10176=CARTESIAN_POINT('',(-0.00727907985545107,-0.117043734146618,-0.0177775787096437));
#10177=CARTESIAN_POINT('',(-0.00648801510407828,-0.125613491954149,-0.0165965726599783));
#10178=CARTESIAN_POINT('',(-0.00602596738676306,-0.130609453541786,-0.0159067669026655));
#10179=CARTESIAN_POINT('',(-0.00620658936911723,-0.0288943336537954,-0.0191574482344637));
#10180=CARTESIAN_POINT('',(-0.00679703821421499,-0.0366983455109784,-0.0204541801455532));
#10181=CARTESIAN_POINT('',(-0.00757976064932122,-0.0472785599946075,-0.022173169376373));
#10182=CARTESIAN_POINT('',(-0.00810676621388357,-0.0605850587664145,-0.0233305603868902));
#10183=CARTESIAN_POINT('',(-0.00823440645426804,-0.0696487112556271,-0.0236108791885235));
#10184=CARTESIAN_POINT('',(-0.00806853628927912,-0.0801643607657319,-0.0232466012133455));
#10185=CARTESIAN_POINT('',(-0.00755564584731142,-0.0921522799120762,-0.0221202093330212));
#10186=CARTESIAN_POINT('',(-0.00681113959137408,-0.104208317930756,-0.02048514804151));
#10187=CARTESIAN_POINT('',(-0.00592478397071206,-0.117043734974272,-0.0185385543759774));
#10188=CARTESIAN_POINT('',(-0.0053357289851152,-0.125613492774305,-0.0172448765208324));
#10189=CARTESIAN_POINT('',(-0.00499167452166811,-0.130609454363603,-0.0164892600669879));
#10190=CARTESIAN_POINT('',(-0.00477670867919029,-0.028894336435974,-0.019682670161964));
#10191=CARTESIAN_POINT('',(-0.00519088703168361,-0.0366983482589846,-0.0210427612937878));
#10192=CARTESIAN_POINT('',(-0.00573996661882361,-0.047278562345362,-0.0228457369846987));
#10193=CARTESIAN_POINT('',(-0.00610966579055309,-0.0605850598613267,-0.0240596749529888));
#10194=CARTESIAN_POINT('',(-0.00619920692645031,-0.0696487111476338,-0.0243536893044077));
#10195=CARTESIAN_POINT('',(-0.00608284692682166,-0.0801643595641168,-0.0239716138021826));
#10196=CARTESIAN_POINT('',(-0.00572304940915315,-0.0921522778704599,-0.0227901895006377));
#10197=CARTESIAN_POINT('',(-0.00520078136115538,-0.104208315436775,-0.0210752418497192));
#10198=CARTESIAN_POINT('',(-0.00457902783507174,-0.117043732401552,-0.0190335374151315));
#10199=CARTESIAN_POINT('',(-0.0041658449452984,-0.125613490225386,-0.0176766468569157));
#10200=CARTESIAN_POINT('',(-0.00392452570240849,-0.130609451810603,-0.0168841072567496));
#10201=CARTESIAN_POINT('',(-0.00347441166274636,-0.0288943307609702,-0.0199943956391898));
#10202=CARTESIAN_POINT('',(-0.00375234942704714,-0.0366983426536572,-0.0213867553135853));
#10203=CARTESIAN_POINT('',(-0.00412077799160634,-0.0472785575500645,-0.0232325181877523));
#10204=CARTESIAN_POINT('',(-0.00436883762124736,-0.0605850576277536,-0.0244752666110942));
#10205=CARTESIAN_POINT('',(-0.00442891722811988,-0.0696487113679357,-0.0247762589777569));
#10206=CARTESIAN_POINT('',(-0.00435084306640016,-0.0801643620153596,-0.024385115418792));
#10207=CARTESIAN_POINT('',(-0.00410942760971564,-0.0921522820351148,-0.0231756522847811));
#10208=CARTESIAN_POINT('',(-0.00375898572829583,-0.104208320523977,-0.0214200076318549));
#10209=CARTESIAN_POINT('',(-0.00334176231025533,-0.117043737649263,-0.0193298603208566));
#10210=CARTESIAN_POINT('',(-0.00306446986266607,-0.125613495424675,-0.0179407840832758));
#10211=CARTESIAN_POINT('',(-0.0029025014533808,-0.130609457018414,-0.0171294501720027));
#10212=CARTESIAN_POINT('',(-0.00241320372418,-0.0288943346909643,-0.020168676950043));
#10213=CARTESIAN_POINT('',(-0.00259253107889329,-0.0366983465354224,-0.0215770146696873));
#10214=CARTESIAN_POINT('',(-0.00283027149552361,-0.0472785608709171,-0.0234439527569829));
#10215=CARTESIAN_POINT('',(-0.00299034476445265,-0.0605850591745597,-0.02470095733609));
#10216=CARTESIAN_POINT('',(-0.0030291145507647,-0.0696487112153711,-0.0250054024491047));
#10217=CARTESIAN_POINT('',(-0.00297873261625902,-0.0801643603178114,-0.0246097720225537));
#10218=CARTESIAN_POINT('',(-0.00282294653566082,-0.0921522791510017,-0.0233864345840316));
#10219=CARTESIAN_POINT('',(-0.00259681542392434,-0.104208317001018,-0.0216106479831535));
#10220=CARTESIAN_POINT('',(-0.00232761280976356,-0.117043734015186,-0.0194965166631587));
#10221=CARTESIAN_POINT('',(-0.00214871916778276,-0.125613491824127,-0.0180914964291737));
#10222=CARTESIAN_POINT('',(-0.0020442378361332,-0.130609453411917,-0.0172708474576053));
#10223=CARTESIAN_POINT('',(-0.00145305967341157,-0.0288943363064823,-0.0202596836779913));
#10224=CARTESIAN_POINT('',(-0.00155485348474913,-0.0366983481310815,-0.0216752001783943));
#10225=CARTESIAN_POINT('',(-0.00168979226698729,-0.0472785622363033,-0.0235516576807996));
#10226=CARTESIAN_POINT('',(-0.00178064588217079,-0.0605850598106105,-0.0248150721475007));
#10227=CARTESIAN_POINT('',(-0.00180265051322605,-0.0696487111526359,-0.0251210697580688));
#10228=CARTESIAN_POINT('',(-0.00177405522694509,-0.0801643596197746,-0.0247234218229214));
#10229=CARTESIAN_POINT('',(-0.00168563509473831,-0.09215227796522,-0.0234938461253466));
#10230=CARTESIAN_POINT('',(-0.001557284341482,-0.10420831555281,-0.0217090051867368));
#10231=CARTESIAN_POINT('',(-0.00140447683622466,-0.117043732521346,-0.0195840966335294));
#10232=CARTESIAN_POINT('',(-0.00130292123277887,-0.125613490343826,-0.0181719164131467));
#10233=CARTESIAN_POINT('',(-0.0012436032261125,-0.130609451928834,-0.0173470866717901));
#10234=CARTESIAN_POINT('',(-0.00064025391784728,-0.0288943348250653,-0.0202970576079329));
#10235=CARTESIAN_POINT('',(-0.000682767699257236,-0.0366983466678592,-0.0217152529401255));
#10236=CARTESIAN_POINT('',(-0.000739122723505566,-0.0472785609843741,-0.0235952612598698));
#10237=CARTESIAN_POINT('',(-0.000777065947364003,-0.0605850592274446,-0.0248610664629472));
#10238=CARTESIAN_POINT('',(-0.000786255732639341,-0.0696487112101548,-0.0251676431086493));
#10239=CARTESIAN_POINT('',(-0.000774313506435118,-0.0801643602597724,-0.0247692427143665));
#10240=CARTESIAN_POINT('',(-0.000737386591442002,-0.0921522790524852,-0.023537340339603));
#10241=CARTESIAN_POINT('',(-0.000683782792352919,-0.104208316880801,-0.0217491219181852));
#10242=CARTESIAN_POINT('',(-0.000619963739012618,-0.1170437338912,-0.0196201921210478));
#10243=CARTESIAN_POINT('',(-0.000577548510404274,-0.125613491701155,-0.0182053391447518));
#10244=CARTESIAN_POINT('',(-0.000552773527188507,-0.130609453288561,-0.0173789481275781));
#10245=CARTESIAN_POINT('',(-2.91433699318907E-7,-0.0288943341277388,-0.0203066469585997));
#10246=CARTESIAN_POINT('',(-3.09560729470488E-7,-0.0366983459791253,-0.0217254627767461));
#10247=CARTESIAN_POINT('',(-3.33587760768958E-7,-0.0472785603951861,-0.0236062936135626));
#10248=CARTESIAN_POINT('',(-3.49764532650542E-7,-0.060585058953014,-0.0248726526248579));
#10249=CARTESIAN_POINT('',(-3.53682496429503E-7,-0.0696487112372225,-0.0251793634044482));
#10250=CARTESIAN_POINT('',(-3.48591066158275E-7,-0.0801643605609473,-0.0247807887029512));
#10251=CARTESIAN_POINT('',(-3.32847570662842E-7,-0.0921522795641886,-0.0235483473625231));
#10252=CARTESIAN_POINT('',(-3.09993359141033E-7,-0.104208317505874,-0.0217593465819322));
#10253=CARTESIAN_POINT('',(-2.82782574663751E-7,-0.117043734536032,-0.019629485347459));
#10254=CARTESIAN_POINT('',(-2.64696646098958E-7,-0.125613492340082,-0.018214013326709));
#10255=CARTESIAN_POINT('',(-2.54132020924039E-7,-0.130609453928584,-0.017387260725761));
#10256=CARTESIAN_POINT('',(0.000639708098980811,-0.0288943348241572,-0.0202970743194978));
#10257=CARTESIAN_POINT('',(0.000682183214909388,-0.0366983466669623,-0.0217152707830948));
#10258=CARTESIAN_POINT('',(0.000738486982264838,-0.0472785609836067,-0.0235952806026277));
#10259=CARTESIAN_POINT('',(0.000776395694740384,-0.0605850592270872,-0.0248610868155232));
#10260=CARTESIAN_POINT('',(0.000785577121374881,-0.06964871121019,-0.0251676637058052));
#10261=CARTESIAN_POINT('',(0.000773645757329067,-0.0801643602601647,-0.0247692629936899));
#10262=CARTESIAN_POINT('',(0.000736752429307585,-0.0921522790531516,-0.0235373596361697));
#10263=CARTESIAN_POINT('',(0.000683197384460532,-0.104208316881615,-0.0217491397881873));
#10264=CARTESIAN_POINT('',(0.000619436374081083,-0.11704373389204,-0.0196202082926525));
#10265=CARTESIAN_POINT('',(0.000577059719582098,-0.125613491701987,-0.0182053541875792));
#10266=CARTESIAN_POINT('',(0.000552307266728125,-0.130609453289394,-0.0173789625110819));
#10267=CARTESIAN_POINT('',(0.00145253704791026,-0.0288943363057586,-0.0202597215758232));
#10268=CARTESIAN_POINT('',(0.00155429079331268,-0.0366983481303666,-0.0216752409323346));
#10269=CARTESIAN_POINT('',(0.00168917646138379,-0.0472785622356916,-0.0235517022207292));
#10270=CARTESIAN_POINT('',(0.00177999431470939,-0.0605850598103255,-0.0248151192365174));
#10271=CARTESIAN_POINT('',(0.00180199028427985,-0.0696487111526639,-0.0251211174644711));
#10272=CARTESIAN_POINT('',(0.0017734062537307,-0.0801643596200873,-0.0247234687270243));
#10273=CARTESIAN_POINT('',(0.00168502092561748,-0.0921522779657511,-0.0234938905486458));
#10274=CARTESIAN_POINT('',(0.00155672069314723,-0.104208315553459,-0.0217090460088777));
#10275=CARTESIAN_POINT('',(0.00140397333339563,-0.117043732522015,-0.0195841331682593));
#10276=CARTESIAN_POINT('',(0.00130245770059502,-0.125613490344489,-0.0181719500983788));
#10277=CARTESIAN_POINT('',(0.00124316303961846,-0.130609451929498,-0.0173471186925841));
#10278=CARTESIAN_POINT('',(0.00241271828303998,-0.0288943346951483,-0.0201687397240819));
#10279=CARTESIAN_POINT('',(0.00259200342076504,-0.0366983465395549,-0.0215770827650147));
#10280=CARTESIAN_POINT('',(0.00282968785646118,-0.0472785608744531,-0.0234440279097405));
#10281=CARTESIAN_POINT('',(0.00298972343051744,-0.0605850591762068,-0.0247010372411145));
#10282=CARTESIAN_POINT('',(0.00302848408693795,-0.0696487112152086,-0.0250054835051559));
#10283=CARTESIAN_POINT('',(0.00297811401689944,-0.0801643603160037,-0.0246098515828117));
#10284=CARTESIAN_POINT('',(0.00282236462158395,-0.0921522791479309,-0.0233865095192417));
#10285=CARTESIAN_POINT('',(0.00259628675582759,-0.104208316997267,-0.0216107162058478));
#10286=CARTESIAN_POINT('',(0.00232714752015233,-0.117043734011318,-0.0194965768968962));
#10287=CARTESIAN_POINT('',(0.00214829598536851,-0.125613491820293,-0.0180915513563058));
#10288=CARTESIAN_POINT('',(0.00204383924071417,-0.130609453408077,-0.0172708992867234));
#10289=CARTESIAN_POINT('',(0.00347396541766411,-0.0288943307574541,-0.0199944854561101));
#10290=CARTESIAN_POINT('',(0.00375185901428357,-0.0366983426501844,-0.0213868538845606));
#10291=CARTESIAN_POINT('',(0.00412022905846625,-0.0472785575470932,-0.0232326283565489));
#10292=CARTESIAN_POINT('',(0.00436824929173516,-0.0605850576263695,-0.0244753845875512));
#10293=CARTESIAN_POINT('',(0.00442831935725861,-0.0696487113680722,-0.0247763788451389));
#10294=CARTESIAN_POINT('',(0.00435025759455001,-0.0801643620168787,-0.0243852328289216));
#10295=CARTESIAN_POINT('',(0.00410888047896005,-0.0921522820376952,-0.0231757620964428));
#10296=CARTESIAN_POINT('',(0.00375849426380699,-0.104208320527129,-0.0214201064112425));
#10297=CARTESIAN_POINT('',(0.00334133714054729,-0.117043737652514,-0.0193299459608521));
#10298=CARTESIAN_POINT('',(0.00306408877518811,-0.125613495427897,-0.0179408609854982));
#10299=CARTESIAN_POINT('',(0.00290214612662085,-0.130609457021642,-0.0171295219675883));
#10300=CARTESIAN_POINT('',(0.00477631337495727,-0.0288943364419226,-0.0196827924459649));
#10301=CARTESIAN_POINT('',(0.00519044629743727,-0.0366983482648603,-0.0210428973278906));
#10302=CARTESIAN_POINT('',(0.00573946558880964,-0.0472785623503909,-0.0228458912650477));
#10303=CARTESIAN_POINT('',(0.00610912415105113,-0.0605850598636695,-0.0240598415215956));
#10304=CARTESIAN_POINT('',(0.0061986554503754,-0.0696487111474027,-0.0243538588494559));
#10305=CARTESIAN_POINT('',(0.0060823082337276,-0.0801643595615455,-0.0239717794792368));
#10306=CARTESIAN_POINT('',(0.00572255023815442,-0.0921522778660929,-0.0227903432184067));
#10307=CARTESIAN_POINT('',(0.00520033953449267,-0.104208315431442,-0.0210753782140374));
#10308=CARTESIAN_POINT('',(0.00457865422462698,-0.117043732396051,-0.0190336531335543));
#10309=CARTESIAN_POINT('',(0.00416551661233194,-0.125613490219935,-0.0176767488694687));
#10310=CARTESIAN_POINT('',(0.00392422378284553,-0.130609451805141,-0.0168842012723562));
#10311=CARTESIAN_POINT('',(0.00620625095037746,-0.0288943336538196,-0.0191576047658457));
#10312=CARTESIAN_POINT('',(0.00679665474779813,-0.0366983455110026,-0.0204543571420961));
#10313=CARTESIAN_POINT('',(0.00757931739847726,-0.0472785599946295,-0.0221733735329782));
#10314=CARTESIAN_POINT('',(0.00810628269996796,-0.0605850587664251,-0.0233307828351135));
#10315=CARTESIAN_POINT('',(0.00823391318768646,-0.0696487112556261,-0.0236111060674025));
#10316=CARTESIAN_POINT('',(0.00806805569654691,-0.0801643607657204,-0.0232468223344622));
#10317=CARTESIAN_POINT('',(0.00755520443963939,-0.0921522799120572,-0.0221204126522694));
#10318=CARTESIAN_POINT('',(0.00681075504191209,-0.104208317930734,-0.020485325530056));
#10319=CARTESIAN_POINT('',(0.00592446706275844,-0.11704373497425,-0.0185387011350164));
#10320=CARTESIAN_POINT('',(0.00533545697415144,-0.125613492774283,-0.0172450028830101));
#10321=CARTESIAN_POINT('',(0.00499142869890622,-0.130609454363579,-0.0164893745313287));
#10322=CARTESIAN_POINT('',(0.00765724304120683,-0.0288943345490227,-0.0183427615352449));
#10323=CARTESIAN_POINT('',(0.00845013587360852,-0.0366983463952527,-0.0195265836992596));
#10324=CARTESIAN_POINT('',(0.00950122110860051,-0.0472785607513595,-0.0210958975474787));
#10325=CARTESIAN_POINT('',(0.0102089142913415,-0.0605850591189502,-0.0221525126634013));
#10326=CARTESIAN_POINT('',(0.0103803167974787,-0.0696487112208558,-0.0224084236790932));
#10327=CARTESIAN_POINT('',(0.0101575769765795,-0.0801643603788394,-0.0220758639438795));
#10328=CARTESIAN_POINT('',(0.00946883837099695,-0.0921522792548784,-0.0210475488014762));
#10329=CARTESIAN_POINT('',(0.0084690714447276,-0.10420831712819,-0.0195548553000764));
#10330=CARTESIAN_POINT('',(0.00727881727875707,-0.117043734146501,-0.0177777561140754));
#10331=CARTESIAN_POINT('',(0.00648779258707793,-0.125613491954032,-0.0165967230695325));
#10332=CARTESIAN_POINT('',(0.00602576821943221,-0.13060945354167,-0.0159069015777089));
#10333=CARTESIAN_POINT('',(0.0088949308285915,-0.0288943343081366,-0.0173600166293001));
#10334=CARTESIAN_POINT('',(0.0098637878978936,-0.0366983461571842,-0.0184038146733683));
#10335=CARTESIAN_POINT('',(0.0111481085089664,-0.0472785605467004,-0.0197875369032179));
#10336=CARTESIAN_POINT('',(0.0120128340495186,-0.0605850590234219,-0.0207191981070235));
#10337=CARTESIAN_POINT('',(0.0122222692017917,-0.0696487112302781,-0.0209448458514251));
#10338=CARTESIAN_POINT('',(0.0119501055157843,-0.0801643604836804,-0.0206516135808657));
#10339=CARTESIAN_POINT('',(0.0111085406020724,-0.0921522794325034,-0.0197449054858734));
#10340=CARTESIAN_POINT('',(0.0098869227313974,-0.104208317344361,-0.0184287453838013));
#10341=CARTESIAN_POINT('',(0.00843252677054284,-0.117043734369061,-0.01686183624518));
#10342=CARTESIAN_POINT('',(0.00746593365918949,-0.125613492175056,-0.0158205164660026));
#10343=CARTESIAN_POINT('',(0.00690134792458663,-0.130609453764201,-0.0152123143249002));
#10344=CARTESIAN_POINT('',(0.0103127804245381,-0.0288943343899351,-0.0158350733234817));
#10345=CARTESIAN_POINT('',(0.0114672831019928,-0.0366983462381583,-0.0166771299870598));
#10346=CARTESIAN_POINT('',(0.012997747610422,-0.0472785606172535,-0.0177933737879948));
#10347=CARTESIAN_POINT('',(0.014028208277201,-0.0605850590565445,-0.0185449357658775));
#10348=CARTESIAN_POINT('',(0.0142777849721363,-0.0696487112270109,-0.0187269630349618));
#10349=CARTESIAN_POINT('',(0.0139534567355512,-0.080164360447326,-0.018490416228118));
#10350=CARTESIAN_POINT('',(0.012950595441681,-0.0921522793713822,-0.017758983872453));
#10351=CARTESIAN_POINT('',(0.011494856384124,-0.104208317270732,-0.0166972381243617));
#10352=CARTESIAN_POINT('',(0.00976176560443883,-0.117043734293663,-0.0154331853551552));
#10353=CARTESIAN_POINT('',(0.00860999447281119,-0.12561349209969,-0.0145931031289607));
#10354=CARTESIAN_POINT('',(0.00793727350068936,-0.130609453687241,-0.0141024176582148));
#10355=CARTESIAN_POINT('',(0.0117167202480796,-0.0288943343493507,-0.0135472132410181));
#10356=CARTESIAN_POINT('',(0.0130105796205666,-0.0366983461979767,-0.0141513848519246));
#10357=CARTESIAN_POINT('',(0.0147257550711255,-0.0472785605821714,-0.0149523074952015));
#10358=CARTESIAN_POINT('',(0.0158805772272627,-0.0605850590400566,-0.0154915689261633));
#10359=CARTESIAN_POINT('',(0.0161602737765991,-0.0696487112286373,-0.0156221776275095));
#10360=CARTESIAN_POINT('',(0.015796804447697,-0.0801643604654225,-0.0154524498606043));
#10361=CARTESIAN_POINT('',(0.0146729126415411,-0.0921522794017661,-0.0149276317523756));
#10362=CARTESIAN_POINT('',(0.013041478321492,-0.104208317307277,-0.0141658147742561));
#10363=CARTESIAN_POINT('',(0.0110991982862058,-0.117043734331061,-0.0132588569229774));
#10364=CARTESIAN_POINT('',(0.00980838256337794,-0.125613492137102,-0.0126561168087329));
#10365=CARTESIAN_POINT('',(0.0090544353081706,-0.130609453725491,-0.0123040722862084));
#10366=CARTESIAN_POINT('',(0.0128743598147028,-0.0288943343627923,-0.0103509550411714));
#10367=CARTESIAN_POINT('',(0.0142495700402187,-0.0366983462112945,-0.0107199115450604));
#10368=CARTESIAN_POINT('',(0.0160725982425399,-0.047278560593927,-0.0112090100330655));
#10369=CARTESIAN_POINT('',(0.0173000392823721,-0.0605850590456151,-0.0115383183648736));
#10370=CARTESIAN_POINT('',(0.0175973242064986,-0.0696487112280889,-0.0116180764321163));
#10371=CARTESIAN_POINT('',(0.0172109985221145,-0.080164360459322,-0.0115144297726835));
#10372=CARTESIAN_POINT('',(0.0160164327799706,-0.0921522793915992,-0.0111939414801518));
#10373=CARTESIAN_POINT('',(0.014282412722293,-0.10420831729515,-0.0107287225337633));
#10374=CARTESIAN_POINT('',(0.0122180095642227,-0.117043734318694,-0.0101748627231996));
#10375=CARTESIAN_POINT('',(0.0108460419251236,-0.125613492124678,-0.0098067739248132));
#10376=CARTESIAN_POINT('',(0.010044700644751,-0.130609453712715,-0.00959177824056267));
#10377=CARTESIAN_POINT('',(0.0135762881329897,-0.0288943343601391,-0.00683972581741958));
#10378=CARTESIAN_POINT('',(0.0149835261742724,-0.036698346208642,-0.00703491607466252));
#10379=CARTESIAN_POINT('',(0.0168490097161576,-0.0472785605912359,-0.00729366123613206));
#10380=CARTESIAN_POINT('',(0.0181050355354122,-0.0605850590442482,-0.00746787279159348));
#10381=CARTESIAN_POINT('',(0.0184092436219408,-0.0696487112282241,-0.00751006663637707));
#10382=CARTESIAN_POINT('',(0.0180139211912267,-0.080164360460821,-0.00745523524981431));
#10383=CARTESIAN_POINT('',(0.0167915362475827,-0.0921522793938877,-0.00728568991539718));
#10384=CARTESIAN_POINT('',(0.015017133500348,-0.104208317297604,-0.00703957719709828));
#10385=CARTESIAN_POINT('',(0.0129046521636467,-0.117043734321085,-0.00674656787573335));
#10386=CARTESIAN_POINT('',(0.0115007309593836,-0.125613492127217,-0.00655183428119747));
#10387=CARTESIAN_POINT('',(0.0106807250677379,-0.130609453715513,-0.00643809215181394));
#10388=CARTESIAN_POINT('',(0.0139300382066094,-0.0288943343596666,-0.00318808383059141));
#10389=CARTESIAN_POINT('',(0.0153474806815027,-0.0366983462082166,-0.00327321191225425));
#10390=CARTESIAN_POINT('',(0.0172264897164961,-0.0472785605914736,-0.00338606221863029));
#10391=CARTESIAN_POINT('',(0.0184916218900212,-0.0605850590445243,-0.00346204416804143));
#10392=CARTESIAN_POINT('',(0.0187980355270858,-0.0696487112281962,-0.00348044688620197));
#10393=CARTESIAN_POINT('',(0.0183998469802234,-0.0801643604605198,-0.00345653227651375));
#10394=CARTESIAN_POINT('',(0.0171685996543503,-0.0921522793937504,-0.00338258524517489));
#10395=CARTESIAN_POINT('',(0.0153813316011328,-0.104208317297924,-0.00327524494619934));
#10396=CARTESIAN_POINT('',(0.0132535322605876,-0.117043734321608,-0.00314745422580966));
#10397=CARTESIAN_POINT('',(0.0118394296198782,-0.125613492127501,-0.00306252776914165));
#10398=CARTESIAN_POINT('',(0.0110134764923739,-0.130609453715471,-0.00301292410442904));
#10399=CARTESIAN_POINT('',(0.013992040430284,-0.0288943343591171,0.000374128968050154));
#10400=CARTESIAN_POINT('',(0.0154121298957961,-0.0366983462075507,0.000412229722019417));
#10401=CARTESIAN_POINT('',(0.0172946525073972,-0.0472785605890035,0.000462719969485782));
#10402=CARTESIAN_POINT('',(0.0185621511980247,-0.0605850590428423,0.000496711709062934));
#10403=CARTESIAN_POINT('',(0.0188691380233714,-0.069648711228365,0.000504944367792655));
#10404=CARTESIAN_POINT('',(0.0184702045630634,-0.0801643604623596,0.000494246082181052));
#10405=CARTESIAN_POINT('',(0.0172366539856001,-0.0921522793956786,0.000461165129685858));
#10406=CARTESIAN_POINT('',(0.0154460443690382,-0.104208317298739,0.000413138285024416));
#10407=CARTESIAN_POINT('',(0.013314270380174,-0.11704373432185,0.00035594738000572));
#10408=CARTESIAN_POINT('',(0.0118975297018929,-0.12561349212847,0.00031792620815571));
#10409=CARTESIAN_POINT('',(0.0110700371538412,-0.130609453717421,0.000295713210067433));
#10410=CARTESIAN_POINT('',(0.0137766260967807,-0.028894334363376,0.00326705992814853));
#10411=CARTESIAN_POINT('',(0.0151887053932714,-0.036698346212163,0.00341714666323863));
#10412=CARTESIAN_POINT('',(0.0170605963777724,-0.0472785605993237,0.00361616498186888));
#10413=CARTESIAN_POINT('',(0.0183209344336314,-0.0605850590494421,0.00375017413469701));
#10414=CARTESIAN_POINT('',(0.0186261868910488,-0.0696487112277041,0.00378263131547115));
#10415=CARTESIAN_POINT('',(0.0182295073915021,-0.0801643604551384,0.00374045221669434));
#10416=CARTESIAN_POINT('',(0.017002925960322,-0.092152279387443,0.00361003097157539));
#10417=CARTESIAN_POINT('',(0.0152224275784173,-0.104208317293844,0.00342073540846292));
#10418=CARTESIAN_POINT('',(0.0131026812305564,-0.1170437343188,0.00319541809057437));
#10419=CARTESIAN_POINT('',(0.0116939241709184,-0.125613492123013,0.00304571925729625));
#10420=CARTESIAN_POINT('',(0.0108710906263335,-0.130609453708714,0.00295830102329104));
#10421=CARTESIAN_POINT('',(0.0134384110848632,-0.0288943343560317,0.00552472121940185));
#10422=CARTESIAN_POINT('',(0.014836065243729,-0.036698346203955,0.00577119263742888));
#10423=CARTESIAN_POINT('',(0.0166888567129257,-0.0472785605772732,0.00609785081390856));
#10424=CARTESIAN_POINT('',(0.0179363393176121,-0.060585059034941,0.00631777566903323));
#10425=CARTESIAN_POINT('',(0.018238478326735,-0.0696487112291579,0.0063710408232216));
#10426=CARTESIAN_POINT('',(0.0178458445748244,-0.0801643604710011,0.0063018227474176));
#10427=CARTESIAN_POINT('',(0.0166317737703675,-0.0921522794048788,0.00608778988686171));
#10428=CARTESIAN_POINT('',(0.0148694446851301,-0.104208317302965,0.0057770732340477));
#10429=CARTESIAN_POINT('',(0.0127713471707761,-0.117043734323499,0.00540709916698347));
#10430=CARTESIAN_POINT('',(0.0113769947141482,-0.125613492133404,0.00516116590263279));
#10431=CARTESIAN_POINT('',(0.0105625818499545,-0.13060945372675,0.00501749767078122));
#10432=CARTESIAN_POINT('',(0.0129881733958852,-0.0288943343649516,0.00774472325913189));
#10433=CARTESIAN_POINT('',(0.0143663859787007,-0.0366983462129203,0.00808789005325257));
#10434=CARTESIAN_POINT('',(0.0161933709900743,-0.0472785605885713,0.00854290602939253));
#10435=CARTESIAN_POINT('',(0.0174234718349488,-0.0605850590413304,0.00884928637385737));
#10436=CARTESIAN_POINT('',(0.0177214007943235,-0.06964871122852,0.00892349201920128));
#10437=CARTESIAN_POINT('',(0.0173342383742298,-0.0801643604640108,0.00882705987673931));
#10438=CARTESIAN_POINT('',(0.0161370844842276,-0.0921522793954728,0.00852888350849014));
#10439=CARTESIAN_POINT('',(0.0143992984742237,-0.104208317294424,0.00809609354370838));
#10440=CARTESIAN_POINT('',(0.0123303939715541,-0.117043734315701,0.00758092255692512));
#10441=CARTESIAN_POINT('',(0.0109554173307919,-0.125613492124446,0.00723862448364842));
#10442=CARTESIAN_POINT('',(0.0101523108274902,-0.130609453716376,0.00703872658413539));
#10443=CARTESIAN_POINT('',(0.0122038925959427,-0.0288943343594385,0.0103856158322595));
#10444=CARTESIAN_POINT('',(0.0135369411154282,-0.0366983462079044,0.0108882884882314));
#10445=CARTESIAN_POINT('',(0.0153040648029332,-0.0472785605904617,0.0115546606477684));
#10446=CARTESIAN_POINT('',(0.0164938628697517,-0.0605850590438906,0.012003330014006));
#10447=CARTESIAN_POINT('',(0.0167820305114367,-0.069648711228259,0.0121119975505));
#10448=CARTESIAN_POINT('',(0.0164075529003654,-0.0801643604612168,0.0119707827019198));
#10449=CARTESIAN_POINT('',(0.0152496219055808,-0.0921522793945409,0.0115341306838526));
#10450=CARTESIAN_POINT('',(0.0135687754986383,-0.104208317298289,0.010900294834437));
#10451=CARTESIAN_POINT('',(0.0115676670401195,-0.117043734321688,0.0101457023652632));
#10452=CARTESIAN_POINT('',(0.0102377534867453,-0.125613492127939,0.00964422197728232));
#10453=CARTESIAN_POINT('',(0.00946096971102409,-0.130609453716549,0.00935132203060896));
#10454=CARTESIAN_POINT('',(0.0108070544298323,-0.028894334359793,0.0132949416404688));
#10455=CARTESIAN_POINT('',(0.0120313374251643,-0.0366983462083113,0.0140300339695693));
#10456=CARTESIAN_POINT('',(0.0136543005934944,-0.0472785605910817,0.0150044729045779));
#10457=CARTESIAN_POINT('',(0.0147470401215895,-0.0605850590442098,0.0156605556606093));
#10458=CARTESIAN_POINT('',(0.0150117006013294,-0.0696487112282279,0.0158194578452385));
#10459=CARTESIAN_POINT('',(0.0146677707678724,-0.0801643604608636,0.0156129624473685));
#10460=CARTESIAN_POINT('',(0.0136042987134178,-0.0921522793940367,0.014974451960482));
#10461=CARTESIAN_POINT('',(0.0120605766056047,-0.10420831729789,0.0140475867235625));
#10462=CARTESIAN_POINT('',(0.0102227361395336,-0.117043734321425,0.0129441061632565));
#10463=CARTESIAN_POINT('',(0.00900134558739488,-0.1256134921275,0.0122107312347598));
#10464=CARTESIAN_POINT('',(0.00828795721827021,-0.130609453715707,0.0117823696926897));
#10465=CARTESIAN_POINT('',(0.00882597202328067,-0.0288943343594317,0.0159501151959716));
#10466=CARTESIAN_POINT('',(0.00987235411369902,-0.0366983462073754,0.0169229433626131));
#10467=CARTESIAN_POINT('',(0.0112595194737717,-0.0472785605846424,0.0182125105295441));
#10468=CARTESIAN_POINT('',(0.0121935031936669,-0.060585059039887,0.0190807642872915));
#10469=CARTESIAN_POINT('',(0.0124197136040953,-0.0696487112286584,0.019291053824673));
#10470=CARTESIAN_POINT('',(0.0121257499848981,-0.0801643604656113,0.0190177800185253));
#10471=CARTESIAN_POINT('',(0.0112167815121314,-0.092152279398967,0.0181727814766483));
#10472=CARTESIAN_POINT('',(0.00989734800205443,-0.104208317299363,0.0169461715940041));
#10473=CARTESIAN_POINT('',(0.00832655564632092,-0.11704373432082,0.0154858185544248));
#10474=CARTESIAN_POINT('',(0.00728266722815737,-0.125613492129479,0.0145152544122321));
#10475=CARTESIAN_POINT('',(0.00667296794747462,-0.130609453722053,0.0139483462456946));
#10476=CARTESIAN_POINT('',(0.00659695479706939,-0.0288943343600676,0.0179082630074269));
#10477=CARTESIAN_POINT('',(0.00745738806746671,-0.0366983462086669,0.01904532836809));
#10478=CARTESIAN_POINT('',(0.00859801262602706,-0.0472785605922699,0.0205526608821857));
#10479=CARTESIAN_POINT('',(0.00936599321534918,-0.0605850590449788,0.0215675443425407));
#10480=CARTESIAN_POINT('',(0.00955199735189896,-0.0696487112281512,0.0218133480062181));
#10481=CARTESIAN_POINT('',(0.00931028251536998,-0.0801643604600196,0.0214939228995104));
#10482=CARTESIAN_POINT('',(0.00856287119913352,-0.092152279393108,0.020506221678729));
#10483=CARTESIAN_POINT('',(0.00747793722987801,-0.10420831729747,0.0190724834271886));
#10484=CARTESIAN_POINT('',(0.00618629300542891,-0.117043734321314,0.0173655731475857));
#10485=CARTESIAN_POINT('',(0.00532789067643811,-0.125613492126998,0.016231187324311));
#10486=CARTESIAN_POINT('',(0.00482651527267623,-0.130609453714556,0.0155686119553882));
#10487=CARTESIAN_POINT('',(0.00462840473359712,-0.0288943343600249,0.019105099533204));
#10488=CARTESIAN_POINT('',(0.00529170032867046,-0.0366983462085193,0.0203636909601331));
#10489=CARTESIAN_POINT('',(0.00617098244565276,-0.047278560591188,0.0220321242213995));
#10490=CARTESIAN_POINT('',(0.00676300025144548,-0.0605850590442561,0.0231554766447679));
#10491=CARTESIAN_POINT('',(0.00690638624380937,-0.0696487112282232,0.0234275514038807));
#10492=CARTESIAN_POINT('',(0.00672005426538811,-0.080164360460814,0.023073986665111));
#10493=CARTESIAN_POINT('',(0.00614389286339204,-0.092152279393935,0.0219807216707111));
#10494=CARTESIAN_POINT('',(0.00530754042209134,-0.104208317297709,0.0203937484717941));
#10495=CARTESIAN_POINT('',(0.00431183289027507,-0.11704373432119,0.0185044083802816));
#10496=CARTESIAN_POINT('',(0.00365009705173133,-0.125613492127324,0.0172487840456802));
#10497=CARTESIAN_POINT('',(0.00326358580873552,-0.130609453715703,0.0165153964338197));
#10498=CARTESIAN_POINT('',(0.00309561898451705,-0.0288943343600362,0.0197820333301784));
#10499=CARTESIAN_POINT('',(0.00357808574685227,-0.0366983462086286,0.0211215109272797));
#10500=CARTESIAN_POINT('',(0.00421767155992245,-0.0472785605919727,0.0228971665971037));
#10501=CARTESIAN_POINT('',(0.00464830472625023,-0.0605850590447621,0.0240927111962376));
#10502=CARTESIAN_POINT('',(0.00475260378835772,-0.069648711228173,0.0243822707738885));
#10503=CARTESIAN_POINT('',(0.00461706577213138,-0.0801643604602564,0.0240059842853991));
#10504=CARTESIAN_POINT('',(0.00419796643914386,-0.092152279393336,0.0228424607011079));
#10505=CARTESIAN_POINT('',(0.00358960915115848,-0.104208317297535,0.0211534998017092));
#10506=CARTESIAN_POINT('',(0.00286534910564772,-0.11704373432131,0.0191427379306423));
#10507=CARTESIAN_POINT('',(0.00238402716348089,-0.125613492127085,0.0178064159629145));
#10508=CARTESIAN_POINT('',(0.00210290228947239,-0.13060945371464,0.0170258924212061));
#10509=CARTESIAN_POINT('',(0.00154222716323587,-0.0288943343600224,0.0202051413586498));
#10510=CARTESIAN_POINT('',(0.00180705471908008,-0.0366983462082952,0.0216061306742498));
#10511=CARTESIAN_POINT('',(0.00215805944080691,-0.0472785605895947,0.0234633425684693));
#10512=CARTESIAN_POINT('',(0.00239438166194249,-0.0605850590432475,0.0247138007542675));
#10513=CARTESIAN_POINT('',(0.00245161773406268,-0.0696487112283227,0.0250166605614199));
#10514=CARTESIAN_POINT('',(0.00237723877570497,-0.0801643604619267,0.0246230902341539));
#10515=CARTESIAN_POINT('',(0.00214724649366458,-0.0921522793951503,0.0234061237556393));
#10516=CARTESIAN_POINT('',(0.00181337272004303,-0.104208317298063,0.0216395901153901));
#10517=CARTESIAN_POINT('',(0.00141584180194663,-0.117043734320916,0.0195364858521152));
#10518=CARTESIAN_POINT('',(0.00115159802953614,-0.12561349212781,0.0181388067579282));
#10519=CARTESIAN_POINT('',(0.000997223127532166,-0.130609453718097,0.0173224539677088));
#10520=CARTESIAN_POINT('',(-1.65830024950568E-10,-0.0288943343600377,0.0203526092625478));
#10521=CARTESIAN_POINT('',(-1.95735990485496E-10,-0.0366983462086874,0.0217800283710903));
#10522=CARTESIAN_POINT('',(-2.35421668270952E-10,-0.0472785605923878,0.0236722577946122));
#10523=CARTESIAN_POINT('',(-2.62147866348511E-10,-0.060585059045025,0.0249462905663241));
#10524=CARTESIAN_POINT('',(-2.6862158656292E-10,-0.0696487112281471,0.02525485982617));
#10525=CARTESIAN_POINT('',(-2.60208865630711E-10,-0.0801643604599663,0.0248538700119199));
#10526=CARTESIAN_POINT('',(-2.34198246408003E-10,-0.0921522793930193,0.0236139604783375));
#10527=CARTESIAN_POINT('',(-1.96454702765941E-10,-0.104208317297442,0.0218141169514754));
#10528=CARTESIAN_POINT('',(-1.51550163152332E-10,-0.11704373432138,0.0196713425266016));
#10529=CARTESIAN_POINT('',(-1.21742342281458E-10,-0.125613492126958,0.0182472832833467));
#10530=CARTESIAN_POINT('',(-1.04355157897135E-10,-0.13060945371402,0.0174155114045208));
#10531=CARTESIAN_POINT('',(-0.00154222649991577,-0.0288943343600036,0.020205141364161));
#10532=CARTESIAN_POINT('',(-0.00180705393613612,-0.0366983462082766,0.0216061306834893));
#10533=CARTESIAN_POINT('',(-0.00215805849912023,-0.0472785605895788,0.0234633425826844));
#10534=CARTESIAN_POINT('',(-0.00239438061335102,-0.0605850590432401,0.0247138007718378));
#10535=CARTESIAN_POINT('',(-0.00245161665957633,-0.0696487112283235,0.0250166605798034));
#10536=CARTESIAN_POINT('',(-0.00237723773486951,-0.0801643604619348,0.0246230902514807));
#10537=CARTESIAN_POINT('',(-0.00214724555687159,-0.0921522793951642,0.0234061237697007));
#10538=CARTESIAN_POINT('',(-0.00181337193422422,-0.10420831729808,0.0216395901247225));
#10539=CARTESIAN_POINT('',(-0.00141584119574597,-0.117043734320933,0.0195364858558422));
#10540=CARTESIAN_POINT('',(-0.00115159754256677,-0.125613492127828,0.0181388067579575));
#10541=CARTESIAN_POINT('',(-0.000997222710111533,-0.130609453718114,0.0173224539655962));
#10542=CARTESIAN_POINT('',(0.00340111037316727,-0.03181874366202,0.0201904635155492));
#10543=CARTESIAN_POINT('',(0.00303208615686673,-0.0321512908216264,0.0203908384235629));
#10544=CARTESIAN_POINT('',(0.00252772137869811,-0.0323310002218629,0.0205840733812245));
#10545=CARTESIAN_POINT('',(0.00199997929901054,-0.0323111011365593,0.0206969267019343));
#10546=CARTESIAN_POINT('',(0.00340111037316548,-0.0318187436620232,0.0201904635155407));
#10547=CARTESIAN_POINT('',(0.00199997929901052,-0.0323111011365593,0.0206969267019343));
#10548=CARTESIAN_POINT('',(0.00340111037316875,-0.0318187436620229,0.0201904635155492));
#10549=CARTESIAN_POINT('',(0.00450219320460948,-0.0317010487498822,0.0197603489536708));
#10550=CARTESIAN_POINT('',(0.00656541422896735,-0.0313636160557405,0.0185489266967725));
#10551=CARTESIAN_POINT('',(0.00911523237701803,-0.030704688456979,0.0161219939001992));
#10552=CARTESIAN_POINT('',(0.0111077845278203,-0.0300280971289532,0.0132292645695586));
#10553=CARTESIAN_POINT('',(0.0120303441931883,-0.0296552062043585,0.0110402074806223));
#10554=CARTESIAN_POINT('',(0.0123995967676291,-0.0295000000000034,0.00992699452788837));
#10555=CARTESIAN_POINT('',(0.0123995967676372,-0.0295,0.00992699452789086));
#10556=CARTESIAN_POINT('',(0.0123995967676282,-0.0295,-0.0119130255118942));
#10557=CARTESIAN_POINT('',(0.013033183290497,-0.0295,-0.0101686009629798));
#10558=CARTESIAN_POINT('',(0.0138007187476792,-0.0295,-0.00652784764834143));
#10559=CARTESIAN_POINT('',(0.0141843383462246,-0.0295,-0.00096169325640395));
#10560=CARTESIAN_POINT('',(0.0138431049244124,-0.0295,0.00452674798919528));
#10561=CARTESIAN_POINT('',(0.0130233871231,-0.0295,0.00818736682116796));
#10562=CARTESIAN_POINT('',(0.0123995967676287,-0.0295,0.00992699452788757));
#10563=CARTESIAN_POINT('',(0.0123995967676288,-0.0295000000000035,-0.0119130255118945));
#10564=CARTESIAN_POINT('',(0.0123995967676288,-0.0295000000000035,-0.0119130255118945));
#10565=CARTESIAN_POINT('',(0.0120718429431522,-0.0296377632292428,-0.0128886414461785));
#10566=CARTESIAN_POINT('',(0.0112723150695486,-0.0299619514897834,-0.0147847116221381));
#10567=CARTESIAN_POINT('',(0.00952459083117,-0.0305752223423016,-0.0173227037437237));
#10568=CARTESIAN_POINT('',(0.00713935174291032,-0.0312327081167268,-0.0192744351253059));
#10569=CARTESIAN_POINT('',(0.00524217755742929,-0.0315837629769757,-0.0200555713871899));
#10570=CARTESIAN_POINT('',(0.00424384593715076,-0.0317173418126698,-0.0203314359759623));
#10571=CARTESIAN_POINT('',(0.00424384593715078,-0.0317173418126697,-0.0203314359759623));
#10572=CARTESIAN_POINT('',(0.00621205330598561,-0.0351681212729565,-0.0203314359759623));
#10573=CARTESIAN_POINT('',(0.0056557460257815,-0.0339620720827994,-0.0203314359759623));
#10574=CARTESIAN_POINT('',(0.00502853112871692,-0.0327806568468223,-0.0203314359759623));
#10575=CARTESIAN_POINT('',(0.00424384593715082,-0.0317173418126697,-0.0203314359759623));
#10576=CARTESIAN_POINT('',(0.00621205330598558,-0.0351681212729565,-0.0203314359759623));
#10577=CARTESIAN_POINT('',(0.00874997929901054,-0.0351681212729565,-0.0188934836276974));
#10578=CARTESIAN_POINT('',(0.00796216858989924,-0.0351681212729565,-0.0194855630024934));
#10579=CARTESIAN_POINT('',(0.00711374751259163,-0.0351681212729565,-0.0199601389603916));
#10580=CARTESIAN_POINT('',(0.00621205330598557,-0.0351681212729565,-0.0203314359759623));
#10581=CARTESIAN_POINT('',(0.00874997929901053,-0.0351681212729565,-0.0188934836276974));
#10582=CARTESIAN_POINT('',(0.0100499792990105,-0.0351681212729565,-0.0177508915694574));
#10583=CARTESIAN_POINT('',(0.00964536542597132,-0.0351681212729565,-0.0181644315541141));
#10584=CARTESIAN_POINT('',(0.00921252546663053,-0.0351681212729565,-0.0185458569166469));
#10585=CARTESIAN_POINT('',(0.00874997929901054,-0.0351681212729565,-0.0188934836276974));
#10586=CARTESIAN_POINT('',(0.0100499792990105,-0.0351681212729565,-0.0177508915694574));
#10587=CARTESIAN_POINT('',(0.0100499792990105,-0.0471861783958097,-0.0203314359759623));
#10588=CARTESIAN_POINT('',(0.0100499792990105,-0.0431529145000378,-0.0196142730107844));
#10589=CARTESIAN_POINT('',(0.0100499792990105,-0.0391476204326997,-0.0187502858824218));
#10590=CARTESIAN_POINT('',(0.0100499792990105,-0.0351681212729565,-0.0177508915694574));
#10591=CARTESIAN_POINT('',(0.0100499770064743,-0.0471861192194377,-0.0203317137848003));
#10592=CARTESIAN_POINT('',(-0.0125265876805845,-0.0651681212729565,-0.0203314359759622));
#10593=CARTESIAN_POINT('',(-0.0126336801736407,-0.0676646058528866,-0.0203314359759622));
#10594=CARTESIAN_POINT('',(-0.0126356753136373,-0.0726543377687277,-0.0203314359759621));
#10595=CARTESIAN_POINT('',(-0.012105774547375,-0.0801277270552062,-0.0203314359759623));
#10596=CARTESIAN_POINT('',(-0.0112712607327503,-0.0863552167441708,-0.0203314359759623));
#10597=CARTESIAN_POINT('',(-0.0103784954970244,-0.0913192833588452,-0.0203314359759623));
#10598=CARTESIAN_POINT('',(-0.00959658895903763,-0.0950088231937526,-0.0203314359759624));
#10599=CARTESIAN_POINT('',(-0.00868962549934703,-0.0986692836687735,-0.0203314359759621));
#10600=CARTESIAN_POINT('',(-0.00763154709082464,-0.102288032979145,-0.0203314359759624));
#10601=CARTESIAN_POINT('',(-0.00657122800912996,-0.105269659540749,-0.0203314359759623));
#10602=CARTESIAN_POINT('',(-0.00555311473027558,-0.107577760975718,-0.0203314359759623));
#10603=CARTESIAN_POINT('',(-0.00466442857862877,-0.109257906229541,-0.0203314359759623));
#10604=CARTESIAN_POINT('',(-0.00359467323363192,-0.110825852825628,-0.0203314359759623));
#10605=CARTESIAN_POINT('',(-0.00224341872182971,-0.11217998516566,-0.0203314359759623));
#10606=CARTESIAN_POINT('',(-0.000434579133952858,-0.112946987517656,-0.0203314359759623));
#10607=CARTESIAN_POINT('',(0.00151057610906411,-0.112627112293958,-0.0203314359759623));
#10608=CARTESIAN_POINT('',(0.00304912565234384,-0.111453617600378,-0.0203314359759623));
#10609=CARTESIAN_POINT('',(0.00421947243921051,-0.109967110655558,-0.0203314359759623));
#10610=CARTESIAN_POINT('',(0.0051763129426505,-0.108332949605986,-0.0203314359759623));
#10611=CARTESIAN_POINT('',(0.00626003739679017,-0.106052389164055,-0.0203314359759623));
#10612=CARTESIAN_POINT('',(0.00737390509183652,-0.103077813577449,-0.0203314359759623));
#10613=CARTESIAN_POINT('',(0.00847541665191926,-0.0994551197718472,-0.0203314359759623));
#10614=CARTESIAN_POINT('',(0.00941862703721857,-0.0957757316795824,-0.0203314359759623));
#10615=CARTESIAN_POINT('',(0.0105001893478828,-0.0908302062027467,-0.0203314359759622));
#10616=CARTESIAN_POINT('',(0.0115541138377269,-0.0846417347950519,-0.0203314359759623));
#10617=CARTESIAN_POINT('',(0.0123724113155238,-0.0771884643588375,-0.0203314359759623));
#10618=CARTESIAN_POINT('',(0.012705213431797,-0.0697085427303647,-0.0203314359759624));
#10619=CARTESIAN_POINT('',(0.0124554266560686,-0.0622049441401429,-0.0203314359759623));
#10620=CARTESIAN_POINT('',(0.0115690001249407,-0.0546398104137688,-0.0203314359759622));
#10621=CARTESIAN_POINT('',(0.0106175107266904,-0.0496524061795826,-0.0203314359759623));
#10622=CARTESIAN_POINT('',(0.0100499662508594,-0.0471861216945333,-0.0203314359759623));
#10623=CARTESIAN_POINT('',(-0.0125265876805845,-0.0651681212729565,-0.0203314359759623));
#10624=CARTESIAN_POINT('',(-0.0125265876805845,-0.0651681212729565,-0.0203314359759623));
#10625=CARTESIAN_POINT('',(-0.0137907166934385,-0.0651681212729565,-0.0190581618845483));
#10626=CARTESIAN_POINT('',(-0.0158566967737384,-0.0651681212729565,-0.0160638308322247));
#10627=CARTESIAN_POINT('',(-0.0176424713576961,-0.0651681212729565,-0.0110008308164526));
#10628=CARTESIAN_POINT('',(-0.0184940898341969,-0.0651681212729565,-0.00567578351760114));
#10629=CARTESIAN_POINT('',(-0.0187601439226586,-0.0651681212729565,-0.000309799402302966));
#10630=CARTESIAN_POINT('',(-0.0183806675998527,-0.0651681212729565,0.00503858731297147));
#10631=CARTESIAN_POINT('',(-0.017282458753595,-0.0651681212729565,0.0103105196373105));
#10632=CARTESIAN_POINT('',(-0.0152367842963207,-0.0651681212729566,0.0152742418992552));
#10633=CARTESIAN_POINT('',(-0.0130555408410528,-0.0651681212729565,0.0181803862143367));
#10634=CARTESIAN_POINT('',(-0.0118171111361718,-0.0651681212729565,0.0194528991428027));
#10635=CARTESIAN_POINT('',(-0.0118171111361718,-0.0651681212729565,0.0194528991428027));
#10636=CARTESIAN_POINT('',(-0.0118171111361718,-0.0651681212729565,0.0194528991428028));
#10637=CARTESIAN_POINT('',(-0.011517376334448,-0.0581121580074455,0.0194528991428028));
#10638=CARTESIAN_POINT('',(-0.0104012292677213,-0.0511002684550966,0.0194528991428027));
#10639=CARTESIAN_POINT('',(-0.00875002070098948,-0.0442260991899845,0.0194528991428027));
#10640=CARTESIAN_POINT('',(-0.00875002070098947,-0.0442260991899845,0.0194528991428028));
#10641=CARTESIAN_POINT('',(-0.00875002070098945,-0.0351681212729565,0.0174574578369702));
#10642=CARTESIAN_POINT('',(-0.00875002070098945,-0.0381737351856343,0.0181848485805981));
#10643=CARTESIAN_POINT('',(-0.00875002070098948,-0.0411917109280048,0.0188561248296314));
#10644=CARTESIAN_POINT('',(-0.00875002070098948,-0.0442260991899845,0.0194528991428028));
#10645=CARTESIAN_POINT('',(-0.00875002070098946,-0.0351681212729565,0.0174574578369701));
#10646=CARTESIAN_POINT('',(-0.00875002070098948,-0.0351681212729565,-0.0188934525128632));
#10647=CARTESIAN_POINT('',(-0.0100924784689729,-0.0351681212729565,-0.0178845182589751));
#10648=CARTESIAN_POINT('',(-0.0122456229576907,-0.0351681212729565,-0.0152875576516829));
#10649=CARTESIAN_POINT('',(-0.0140532255537563,-0.0351681212729565,-0.0106036595611845));
#10650=CARTESIAN_POINT('',(-0.0148868013020229,-0.0351681212729564,-0.0057148324756813));
#10651=CARTESIAN_POINT('',(-0.0151786660469302,-0.0351681212729565,-0.000763150895726585));
#10652=CARTESIAN_POINT('',(-0.0148747316415536,-0.0351681212729564,0.0041957529454606));
#10653=CARTESIAN_POINT('',(-0.013936288545904,-0.0351681212729565,0.00899446794434787));
#10654=CARTESIAN_POINT('',(-0.012042996530099,-0.0351681212729564,0.0136772284180116));
#10655=CARTESIAN_POINT('',(-0.00996865976744103,-0.0351681212729565,0.0163022159503098));
#10656=CARTESIAN_POINT('',(-0.00875002070098943,-0.0351681212729565,0.0174574578369702));
#10657=CARTESIAN_POINT('',(-0.00875002070098947,-0.0351681212729565,-0.0188934525128632));
#10658=CARTESIAN_POINT('',(-0.00621205330714924,-0.0351681212729565,-0.0203314359759623));
#10659=CARTESIAN_POINT('',(-0.00711490259001546,-0.0351681212729565,-0.0199596633249449));
#10660=CARTESIAN_POINT('',(-0.00796323471556606,-0.0351681212729565,-0.0194847674503643));
#10661=CARTESIAN_POINT('',(-0.00875002070098945,-0.0351681212729565,-0.0188934525128633));
#10662=CARTESIAN_POINT('',(-0.00621205330714932,-0.0351681212729565,-0.0203314359759623));
#10663=CARTESIAN_POINT('',(-0.00424384593817414,-0.0317173418125328,-0.0203314359759623));
#10664=CARTESIAN_POINT('',(-0.0050332196080988,-0.0327870101384946,-0.0203314359759623));
#10665=CARTESIAN_POINT('',(-0.00565411454584068,-0.0339585351008313,-0.0203314359759623));
#10666=CARTESIAN_POINT('',(-0.00621205330714937,-0.0351681212729564,-0.0203314359759623));
#10667=CARTESIAN_POINT('',(-0.00424384593817404,-0.0317173418125328,-0.0203314359759623));
#10668=CARTESIAN_POINT('',(-0.00424384593817404,-0.0317173418125328,-0.0203314359759623));
#10669=CARTESIAN_POINT('',(-0.0052295942447338,-0.0315854466502087,-0.0200590484775544));
#10670=CARTESIAN_POINT('',(-0.00715229032329099,-0.0312305267291471,-0.0192696075124766));
#10671=CARTESIAN_POINT('',(-0.00953133565518478,-0.0305728261059291,-0.0173146301045719));
#10672=CARTESIAN_POINT('',(-0.0112805605066145,-0.0299588783334455,-0.014769327243701));
#10673=CARTESIAN_POINT('',(-0.0120736606510931,-0.0296369992005816,-0.0128832307235786));
#10674=CARTESIAN_POINT('',(-0.0123995967676372,-0.0295,-0.0119130255118888));
#10675=CARTESIAN_POINT('',(-0.0123995967676372,-0.0295,-0.0119130255118888));
#10676=CARTESIAN_POINT('',(-0.0123995967676372,-0.0295,-0.0119130255118888));
#10677=CARTESIAN_POINT('',(-0.0130331832905333,-0.0295,-0.01016860096401));
#10678=CARTESIAN_POINT('',(-0.0138007187475497,-0.0295,-0.00652784764892528));
#10679=CARTESIAN_POINT('',(-0.0141843383463656,-0.0295,-0.000961693257242305));
#10680=CARTESIAN_POINT('',(-0.0138431049241806,-0.0295,0.00452674798902029));
#10681=CARTESIAN_POINT('',(-0.0130233871239235,-0.0295,0.00818736682179027));
#10682=CARTESIAN_POINT('',(-0.0123995967676279,-0.0295,0.00992699452841001));
#10683=CARTESIAN_POINT('',(-0.0123995967676372,-0.0295,0.00992699452841357));
#10684=CARTESIAN_POINT('',(-0.0123995967676282,-0.0295000000000038,0.00992699452841114));
#10685=CARTESIAN_POINT('',(-0.0120287542621377,-0.0296558744926268,0.0110450007619427));
#10686=CARTESIAN_POINT('',(-0.0111043308559673,-0.0300291417036315,0.0132338843481063));
#10687=CARTESIAN_POINT('',(-0.00911690492361879,-0.030704718161382,0.0161220551799805));
#10688=CARTESIAN_POINT('',(-0.0069792899224811,-0.0312553795057004,0.0181505247516661));
#10689=CARTESIAN_POINT('',(-0.00503875289222218,-0.0316136007955369,0.0194456814008083));
#10690=CARTESIAN_POINT('',(-0.00395576605973292,-0.0317594555447473,0.0199737959721043));
#10691=CARTESIAN_POINT('',(-0.00340116063754455,-0.031818738289216,0.0201904438807901));
#10692=CARTESIAN_POINT('',(-0.00340116063754454,-0.0318187382892159,0.0201904438807901));
#10693=CARTESIAN_POINT('',(-0.00200002070098948,-0.0323111026975903,0.020696917848887));
#10694=CARTESIAN_POINT('',(-0.00252834951013171,-0.0323310243008381,0.0205839368225703));
#10695=CARTESIAN_POINT('',(-0.00303295899469991,-0.0321505482452794,0.0203903749717556));
#10696=CARTESIAN_POINT('',(-0.00340116063754455,-0.031818738289216,0.0201904438807901));
#10697=CARTESIAN_POINT('',(-0.00200002070098948,-0.0323111026975904,0.020696917848887));
#10698=CARTESIAN_POINT('',(0.00199997929901051,-0.0323111011365593,0.0206969267019343));
#10699=CARTESIAN_POINT('',(0.000680917632026009,-0.03226136449125,0.0209789972342452));
#10700=CARTESIAN_POINT('',(-0.000679877391414349,-0.0322613242815954,0.0209792252745282));
#10701=CARTESIAN_POINT('',(-0.00200002070098949,-0.0323111026975903,0.020696917848887));
#10702=CARTESIAN_POINT('',(-0.00620002070098947,-0.0554681212729565,0.0228174113224558));
#10703=CARTESIAN_POINT('',(-0.00620002070098947,-0.0479342786815516,0.0219873961032088));
#10704=CARTESIAN_POINT('',(-0.00620002070098949,-0.0404788575039028,0.0205928928657099));
#10705=CARTESIAN_POINT('',(-0.00620002070098949,-0.0330681212729565,0.0190101649781108));
#10706=CARTESIAN_POINT('',(-0.00620002070098947,-0.0554681212729565,0.0228174113224558));
#10707=CARTESIAN_POINT('',(-0.00620002070098947,-0.0330681212729565,0.0190101649781108));
#10708=CARTESIAN_POINT('',(0.00619997929901054,-0.0554681212729565,0.0228174319493658));
#10709=CARTESIAN_POINT('',(0.0052305604784839,-0.0554681212729565,0.0233004148187521));
#10710=CARTESIAN_POINT('',(0.0032399644504384,-0.0554681212729565,0.0240654622479775));
#10711=CARTESIAN_POINT('',(-0.00108388166531451,-0.0554681212729565,0.0246547346637354));
#10712=CARTESIAN_POINT('',(-0.00425938851122866,-0.0554681212729565,0.0237842778272223));
#10713=CARTESIAN_POINT('',(-0.00620002070098946,-0.0554681212729565,0.0228174113224558));
#10714=CARTESIAN_POINT('',(0.00619997929901053,-0.0554681212729565,0.0228174319493658));
#10715=CARTESIAN_POINT('',(0.00619997929901053,-0.0330681212729565,0.0190101921344309));
#10716=CARTESIAN_POINT('',(0.00619997929901053,-0.0404791612073542,0.0205929815279625));
#10717=CARTESIAN_POINT('',(0.00619997929901055,-0.0479338089248656,0.021987366117697));
#10718=CARTESIAN_POINT('',(0.00619997929901055,-0.0554681212729565,0.0228174319493658));
#10719=CARTESIAN_POINT('',(0.00619997929901053,-0.0330681212729565,0.0190101921344309));
#10720=CARTESIAN_POINT('',(0.00619997929901053,-0.0330681212729565,0.019010192134431));
#10721=CARTESIAN_POINT('',(0.00527289365947273,-0.0330681212729565,0.0196182906452481));
#10722=CARTESIAN_POINT('',(0.00333044609260509,-0.0330681212729565,0.0206191197659274));
#10723=CARTESIAN_POINT('',(2.26608445558226E-5,-0.0330681212729565,0.0212701009603103));
#10724=CARTESIAN_POINT('',(-0.00328291042787946,-0.0330681212729564,0.0206396734549086));
#10725=CARTESIAN_POINT('',(-0.00526989764197084,-0.0330681212729565,0.0196202601103671));
#10726=CARTESIAN_POINT('',(-0.0062000207009895,-0.0330681212729565,0.0190101649781108));
#10727=CARTESIAN_POINT('',(-0.00900004686159044,-0.122870966520573,-0.0147156719450108));
#10728=CARTESIAN_POINT('',(-0.0085138185185594,-0.125250937631934,-0.0147156719450108));
#10729=CARTESIAN_POINT('',(-0.00801534652637383,-0.127628305319577,-0.0147156719450089));
#10730=CARTESIAN_POINT('',(-0.00749019493223639,-0.13,-0.0147156719450089));
#10731=CARTESIAN_POINT('',(-0.00900004686158781,-0.122870966520614,-0.0147156719450089));
#10732=CARTESIAN_POINT('',(-0.0074901949322364,-0.13,-0.0147156719450089));
#10733=CARTESIAN_POINT('',(-0.0090000468615878,-0.122870966520614,-0.0147156719450089));
#10734=CARTESIAN_POINT('',(-0.0090000468615878,-0.117961081705587,-0.0160987577015562));
#10735=CARTESIAN_POINT('',(-0.00900004686158778,-0.112990190255903,-0.0172439513670807));
#10736=CARTESIAN_POINT('',(-0.00900004686158778,-0.108,-0.0182968666751805));
#10737=CARTESIAN_POINT('',(-0.00900004686158781,-0.108,-0.0182968666751804));
#10738=CARTESIAN_POINT('',(-0.0068167182983905,-0.108,-0.0197156719446927));
#10739=CARTESIAN_POINT('',(-0.00760042167295366,-0.108,-0.0193288004092349));
#10740=CARTESIAN_POINT('',(-0.00832899025941673,-0.108,-0.0188570847022256));
#10741=CARTESIAN_POINT('',(-0.00900004686158782,-0.108,-0.0182968666751804));
#10742=CARTESIAN_POINT('',(-0.0068167182983905,-0.108,-0.0197156719446927));
#10743=CARTESIAN_POINT('',(-0.0068167182983905,-0.108,-0.0197156719446927));
#10744=CARTESIAN_POINT('',(-0.00648716346492659,-0.108900619071213,-0.0197156719446927));
#10745=CARTESIAN_POINT('',(-0.00577956482742682,-0.110680861022447,-0.0197156719446927));
#10746=CARTESIAN_POINT('',(-0.00469904861302781,-0.112826573824172,-0.0197156719446927));
#10747=CARTESIAN_POINT('',(-0.00362481557334451,-0.114402571944177,-0.0197156719446927));
#10748=CARTESIAN_POINT('',(-0.00264923449086596,-0.115475796606599,-0.0197156719446927));
#10749=CARTESIAN_POINT('',(-0.00144334773291739,-0.116301109917506,-0.0197156719446927));
#10750=CARTESIAN_POINT('',(-2.43166932496598E-6,-0.116620031390181,-0.0197156719446927));
#10751=CARTESIAN_POINT('',(0.00144203918004839,-0.116301968248761,-0.0197156719446927));
#10752=CARTESIAN_POINT('',(0.00264653485440916,-0.115477932310783,-0.0197156719446927));
#10753=CARTESIAN_POINT('',(0.00362227934612127,-0.11440590966351,-0.0197156719446927));
#10754=CARTESIAN_POINT('',(0.00469771922809788,-0.112829234117537,-0.0197156719446927));
#10755=CARTESIAN_POINT('',(0.00578102268462601,-0.110677715754572,-0.0197156719446927));
#10756=CARTESIAN_POINT('',(0.0064871081460045,-0.108900770249255,-0.0197156719446926));
#10757=CARTESIAN_POINT('',(0.00681671829760145,-0.108,-0.0197156719446926));
#10758=CARTESIAN_POINT('',(0.00681671829760144,-0.108,-0.0197156719446927));
#10759=CARTESIAN_POINT('',(0.00899995313841219,-0.108,-0.0182969449162613));
#10760=CARTESIAN_POINT('',(0.00832892199272153,-0.108,-0.0188571290282453));
#10761=CARTESIAN_POINT('',(0.00760038466923376,-0.108,-0.0193288186741253));
#10762=CARTESIAN_POINT('',(0.00681671829760141,-0.108,-0.0197156719446927));
#10763=CARTESIAN_POINT('',(0.0089999531384122,-0.108,-0.0182969449162613));
#10764=CARTESIAN_POINT('',(0.00899995313841485,-0.12287142527212,-0.0147156719450108));
#10765=CARTESIAN_POINT('',(0.00899995313841485,-0.117961388914632,-0.0160987906567368));
#10766=CARTESIAN_POINT('',(0.00899995313841218,-0.112990343676787,-0.0172440070149915));
#10767=CARTESIAN_POINT('',(0.00899995313841218,-0.108,-0.0182969449162613));
#10768=CARTESIAN_POINT('',(0.0089999531384122,-0.12287142527212,-0.0147156719450089));
#10769=CARTESIAN_POINT('',(0.00749019493174043,-0.13,-0.0147156719450088));
#10770=CARTESIAN_POINT('',(0.00801531278211088,-0.127628457715367,-0.0147156719450088));
#10771=CARTESIAN_POINT('',(0.00851375431018808,-0.12525124310774,-0.0147156719450088));
#10772=CARTESIAN_POINT('',(0.00899995313841225,-0.122871425272161,-0.0147156719450088));
#10773=CARTESIAN_POINT('',(0.00749019493174032,-0.13,-0.0147156719450089));
#10774=CARTESIAN_POINT('',(0.00749019493174037,-0.13,-0.0147156719450089));
#10775=CARTESIAN_POINT('',(0.00801932915883394,-0.13,-0.0141213042789644));
#10776=CARTESIAN_POINT('',(0.00891249759229202,-0.13,-0.0127710557101622));
#10777=CARTESIAN_POINT('',(0.00982216785682163,-0.13,-0.010575489542693));
#10778=CARTESIAN_POINT('',(0.0104392775466079,-0.13,-0.00824975961509409));
#10779=CARTESIAN_POINT('',(0.0109513006080696,-0.13,-0.00513399878350076));
#10780=CARTESIAN_POINT('',(0.0112294927599809,-0.13,-0.00117515152287346));
#10781=CARTESIAN_POINT('',(0.0110284451358031,-0.13,0.00279630174599219));
#10782=CARTESIAN_POINT('',(0.0105144387048874,-0.13,0.0059041145909267));
#10783=CARTESIAN_POINT('',(0.0099332786418062,-0.13,0.00822206468709832));
#10784=CARTESIAN_POINT('',(0.00908486892957192,-0.13,0.0104552299665842));
#10785=CARTESIAN_POINT('',(0.00790349043530995,-0.13,0.0125339315152416));
#10786=CARTESIAN_POINT('',(0.00636462865034007,-0.13,0.0143704775592298));
#10787=CARTESIAN_POINT('',(0.00455251189245136,-0.13,0.0159064059424687));
#10788=CARTESIAN_POINT('',(0.00243845508050507,-0.13,0.0170909824831389));
#10789=CARTESIAN_POINT('',(0.000485487915104325,-0.13,0.0175721826902187));
#10790=CARTESIAN_POINT('',(-0.00113717494740027,-0.13,0.0174061263077024));
#10791=CARTESIAN_POINT('',(-0.00266149192349095,-0.13,0.0169523033940295));
#10792=CARTESIAN_POINT('',(-0.00444647479828347,-0.13,0.0159824225362827));
#10793=CARTESIAN_POINT('',(-0.00629210306907174,-0.13,0.0144440078978113));
#10794=CARTESIAN_POINT('',(-0.00785262484859001,-0.13,0.0126091775252327));
#10795=CARTESIAN_POINT('',(-0.00905974576712652,-0.13,0.0105115769035623));
#10796=CARTESIAN_POINT('',(-0.00991458807499437,-0.13,0.00828081125216996));
#10797=CARTESIAN_POINT('',(-0.0105024556804067,-0.13,0.00596677930637716));
#10798=CARTESIAN_POINT('',(-0.0110295252599241,-0.13,0.00280291364651263));
#10799=CARTESIAN_POINT('',(-0.0112277130637299,-0.13,-0.00114002496048882));
#10800=CARTESIAN_POINT('',(-0.010903026005102,-0.13,-0.00589136484158159));
#10801=CARTESIAN_POINT('',(-0.0101254637892669,-0.13,-0.00984358194294953));
#10802=CARTESIAN_POINT('',(-0.00891031823159836,-0.13,-0.0127749099456023));
#10803=CARTESIAN_POINT('',(-0.00802006154064964,-0.13,-0.0141204816060495));
#10804=CARTESIAN_POINT('',(-0.0074901949322364,-0.13,-0.0147156719450089));
#10805=CARTESIAN_POINT('',(0.0189998969060316,-0.133,0.0372843280553073));
#10806=CARTESIAN_POINT('',(-0.0125001030939684,-0.133,0.0522843280553073));
#10807=CARTESIAN_POINT('',(-0.0125001030939684,-0.133,0.0482843280553073));
#10808=CARTESIAN_POINT('',(-0.0125001030939684,-0.133,0.0552843280553073));
#10809=CARTESIAN_POINT('',(-1.03093968428086E-7,-0.133,0.0552843280553073));
#10810=CARTESIAN_POINT('',(0.0124998969060316,-0.133,0.0552843280553073));
#10811=CARTESIAN_POINT('',(0.0124998969060316,-0.133,0.0522843280553073));
#10812=CARTESIAN_POINT('',(0.0124998969060316,-0.133,0.0482843280553073));
#10813=CARTESIAN_POINT('',(-1.03093968429821E-7,-0.133,0.0482843280553073));
#10814=CARTESIAN_POINT('',(-1.03093968431176E-7,-0.133,0.00378432805530732));
#10815=CARTESIAN_POINT('',(-0.0115001030939684,-0.133,0.00378432805530732));
#10816=CARTESIAN_POINT('',(0.0114998969060316,-0.133,0.00378432805530732));
#10817=CARTESIAN_POINT('',(0.0114998969060316,-0.133,-0.0197176719446927));
#10818=CARTESIAN_POINT('',(0.0114998969060316,-0.133,-0.0028553742873547));
#10819=CARTESIAN_POINT('',(-0.0271251030939685,-0.133,-0.0028553742873547));
#10820=CARTESIAN_POINT('',(-0.0115001030939684,-0.133,-0.0028553742873547));
#10821=CARTESIAN_POINT('',(-0.0115001030939684,-0.133,-0.0197176719446927));
#10822=CARTESIAN_POINT('',(-0.00900004686158781,-0.133,-0.0172156719450089));
#10823=CARTESIAN_POINT('',(-0.00900004686158781,-0.133,-0.0147156719450089));
#10824=CARTESIAN_POINT('',(-0.00900004686158781,-0.133,-0.0197156719446927));
#10825=CARTESIAN_POINT('',(-4.68615878081169E-8,-0.133,-0.0147156719450089));
#10826=CARTESIAN_POINT('',(0.0089999531384122,-0.133,-0.0147156719450089));
#10827=CARTESIAN_POINT('',(0.00899995313841219,-0.133,-0.0172156719450089));
#10828=CARTESIAN_POINT('',(0.00899995313841219,-0.133,-0.0197156719446927));
#10829=CARTESIAN_POINT('',(-1.03093968433424E-7,-0.133,-0.0197156719446927));
#10830=CARTESIAN_POINT('',(0.0127998969060316,-0.133,-0.0197156719446927));
#10831=CARTESIAN_POINT('',(0.0127998969060316,-0.133,0.0372843280553073));
#10832=CARTESIAN_POINT('',(0.0127998969060316,-0.133,0.00378432805530732));
#10833=CARTESIAN_POINT('',(-1.03093968431176E-7,-0.133,0.00378432805530732));
#10834=CARTESIAN_POINT('',(0.0128498969060316,-0.133,0.00378432805530732));
#10835=CARTESIAN_POINT('',(0.0128498969060316,-0.133,0.00178432805530732));
#10836=CARTESIAN_POINT('',(0.0148498969060316,-0.133,0.00178432805530732));
#10837=CARTESIAN_POINT('',(0.0148498969060316,-0.133,-0.00871567194469268));
#10838=CARTESIAN_POINT('',(0.0148498969060316,-0.133,-0.0107156719446927));
#10839=CARTESIAN_POINT('',(-1.03093968431176E-7,-0.133,-0.0107156719446927));
#10840=CARTESIAN_POINT('',(0.0236998969060315,-0.133,-0.0107156719446927));
#10841=CARTESIAN_POINT('',(0.0236998969060315,-0.133,0.0372843280553073));
#10842=CARTESIAN_POINT('',(0.0236998969060315,-0.133,0.044627473805815));
#10843=CARTESIAN_POINT('',(0.0256998969060316,-0.133,0.044627473805815));
#10844=CARTESIAN_POINT('',(0.0246446411174304,-0.133,0.0470301536515805));
#10845=CARTESIAN_POINT('',(0.0124998969060316,-0.133,0.0502843280553073));
#10846=CARTESIAN_POINT('',(0.0230557306410903,-0.133,0.0474559009305612));
#10847=CARTESIAN_POINT('',(0.0189998969060316,-0.133,0.0474559009305612));
#10848=CARTESIAN_POINT('',(0.0212960764796548,-0.133,0.0474559009305612));
#10849=CARTESIAN_POINT('',(0.0181054697150316,-0.133,0.0538371144598074));
#10850=CARTESIAN_POINT('',(0.0168818629172817,-0.133,0.0562843280553073));
#10851=CARTESIAN_POINT('',(0.0189998969060316,-0.133,0.0562843280553073));
#10852=CARTESIAN_POINT('',(-0.0168820691052186,-0.133,0.0562843280553073));
#10853=CARTESIAN_POINT('',(-0.0181056759029685,-0.133,0.0538371144598074));
#10854=CARTESIAN_POINT('',(-0.0212962826675916,-0.133,0.0474559009305611));
#10855=CARTESIAN_POINT('',(0.0271248969060316,-0.133,0.0474559009305612));
#10856=CARTESIAN_POINT('',(-0.0230559368290271,-0.133,0.0474559009305611));
#10857=CARTESIAN_POINT('',(0.0136397970156365,-0.133,0.0572884931799062));
#10858=CARTESIAN_POINT('',(-0.0246448473053673,-0.133,0.0470301536515805));
#10859=CARTESIAN_POINT('',(-0.0257001030939684,-0.133,0.044627473805815));
#10860=CARTESIAN_POINT('',(-0.0237001030939685,-0.133,0.044627473805815));
#10861=CARTESIAN_POINT('',(-0.0237001030939685,-0.133,0.0372843280553073));
#10862=CARTESIAN_POINT('',(-0.0237001030939685,-0.133,-0.0107156719446927));
#10863=CARTESIAN_POINT('',(-1.03093968431176E-7,-0.133,-0.0107156719446927));
#10864=CARTESIAN_POINT('',(-0.0148501030939684,-0.133,-0.0107156719446927));
#10865=CARTESIAN_POINT('',(-0.0148501030939684,-0.133,-0.00871567194469268));
#10866=CARTESIAN_POINT('',(-0.0148501030939684,-0.133,0.00178432805530732));
#10867=CARTESIAN_POINT('',(-0.0128501030939684,-0.133,0.00178432805530732));
#10868=CARTESIAN_POINT('',(-0.0128501030939684,-0.133,0.00378432805530732));
#10869=CARTESIAN_POINT('',(-1.03093968431176E-7,-0.133,0.00378432805530732));
#10870=CARTESIAN_POINT('',(-0.0128001030939684,-0.133,0.00378432805530732));
#10871=CARTESIAN_POINT('',(-0.0128001030939684,-0.133,0.0372843280553073));
#10872=CARTESIAN_POINT('',(-0.0128001030939684,-0.133,-0.0197156719446927));
#10873=CARTESIAN_POINT('',(-1.03093968433424E-7,-0.133,-0.0197156719446927));
#10874=CARTESIAN_POINT('',(-1.03093968431556E-7,-0.13,0.0372843280553073));
#10875=CARTESIAN_POINT('',(-1.03093968431556E-7,-0.13,-0.0147156719450089));
#10876=CARTESIAN_POINT('',(0.,1.74512168878498E-18,0.05));
#10877=CARTESIAN_POINT('',(0.00388841268479369,-0.0317628752916473,0.00849551690092825));
#10878=CARTESIAN_POINT('',(0.0040020863250392,-0.0317489593592703,0.0104513191244285));
#10879=CARTESIAN_POINT('',(0.00404680236514451,-0.0317431950264517,0.0133946176412273));
#10880=CARTESIAN_POINT('',(0.00382806519542967,-0.0317704359082976,0.0172924976546628));
#10881=CARTESIAN_POINT('',(0.00359157239111684,-0.0317983851478147,0.0192291117371506));
#10882=CARTESIAN_POINT('',(0.00340111037316826,-0.0318187436620232,0.020190463515541));
#10883=CARTESIAN_POINT('',(0.00388841268479369,-0.0317628752916473,0.00849551690092825));
#10884=CARTESIAN_POINT('',(0.,1.74512168878498E-18,0.00289486500213258));
#10885=CARTESIAN_POINT('',(-0.00388845236630638,-0.0317628704338094,0.00849551604436038));
#10886=CARTESIAN_POINT('',(-0.00340116063754456,-0.031818738289216,0.0201904438807902));
#10887=CARTESIAN_POINT('',(-0.00359117677363977,-0.0317984271317869,0.0192313310560339));
#10888=CARTESIAN_POINT('',(-0.00382888830281775,-0.0317703407875795,0.0172877041431131));
#10889=CARTESIAN_POINT('',(-0.00404697505272471,-0.0317431688257013,0.0133792542092694));
#10890=CARTESIAN_POINT('',(-0.00400205364000531,-0.0317489632164989,0.0104500582321191));
#10891=CARTESIAN_POINT('',(-0.00388845236630638,-0.0317628704338094,0.00849551604436038));
#10892=CARTESIAN_POINT('',(-0.0123995967676372,-0.0295,0.05));
#10893=CARTESIAN_POINT('',(0.,1.74512168878498E-18,-0.0203314359759623));
#10894=CARTESIAN_POINT('',(0.0123995967676372,-0.0295,0.05));
#10895=CARTESIAN_POINT('',(-0.000131118386317939,-0.0725244100473576,0.0021685640240377));
#10896=CARTESIAN_POINT('',(0.00874997929901053,-0.0496681212729565,0.0021685640240377));
#10897=CARTESIAN_POINT('',(0.00874997929901053,-0.0623681212729565,0.0021685640240377));
#10898=CARTESIAN_POINT('',(0.00874997929901053,-0.0651681212729565,0.0021685640240377));
#10899=CARTESIAN_POINT('',(-0.000131118386317939,-0.0623681212729565,0.0021685640240377));
#10900=CARTESIAN_POINT('',(-0.00875002070098947,-0.0623681212729565,0.0021685640240377));
#10901=CARTESIAN_POINT('',(-0.00875002070098947,-0.0631681212729565,0.0021685640240377));
#10902=CARTESIAN_POINT('',(-0.00875002070098947,-0.0651681212729565,0.0021685640240377));
#10903=CARTESIAN_POINT('',(-0.000131118386317939,-0.0651681212729565,0.0021685640240377));
#10904=CARTESIAN_POINT('',(0.00874997929901053,-0.0487681212729565,0.0021685640240377));
#10905=CARTESIAN_POINT('',(0.00874997929901053,-0.0679148882627487,-0.0203314359759623));
#10906=CARTESIAN_POINT('',(0.00874997929901072,-0.0471861163164101,-0.0203317832530347));
#10907=CARTESIAN_POINT('',(0.00874997929901053,-0.0623681212729565,-0.0203314359759623));
#10908=CARTESIAN_POINT('',(0.00874997929901051,-0.0783559192733333,0.154034560234731));
#10909=CARTESIAN_POINT('',(0.00874997929901053,-0.0351681212729565,-0.0177508915694574));
#10910=CARTESIAN_POINT('',(0.00874997929901053,-0.0351681212729565,0.0021685640240377));
#10911=CARTESIAN_POINT('',(0.00874997929901053,-0.0351681212729565,0.0021685640240377));
#10912=CARTESIAN_POINT('',(0.00874997929901053,-0.0351681212729565,-0.0228314359759623));
#10913=CARTESIAN_POINT('',(0.00874997929901053,-0.0487681212729565,-0.0228314359759623));
#10914=CARTESIAN_POINT('',(0.00874997929901053,-0.0623681212729565,-0.0228314359759623));
#10915=CARTESIAN_POINT('',(0.00874997929901053,-0.0623681212729565,0.0021685640240377));
#10916=CARTESIAN_POINT('',(0.00939997929901053,-0.0351681212729565,0.0021685640240377));
#10917=CARTESIAN_POINT('',(0.00874997929901053,-0.0351681212729565,-0.0177505306158486));
#10918=CARTESIAN_POINT('',(-2.07009894712118E-8,-0.0651681212729565,0.0021685640240377));
#10919=CARTESIAN_POINT('',(0.,-0.0651681212729565,-0.0203314359759623));
#10920=CARTESIAN_POINT('',(0.00874997929901053,-0.0651681212729565,-0.0203314359759623));
#10921=CARTESIAN_POINT('',(0.00874997929901053,-0.0651681212729565,0.0021685640240377));
#10922=CARTESIAN_POINT('',(-0.00875002070098947,-0.0651681212729565,0.00459791933161201));
#10923=CARTESIAN_POINT('',(-0.00875002070098947,-0.0651681212729565,0.0194528991428028));
#10924=CARTESIAN_POINT('',(-0.0337500207009895,-0.0651681212729565,0.0194528991428028));
#10925=CARTESIAN_POINT('',(0.,-0.0679148882627487,-0.0203314359759623));
#10926=CARTESIAN_POINT('',(0.00874997929901053,-0.0679148882627487,-0.0203314359759623));
#10927=CARTESIAN_POINT('',(0.00874797929901053,-0.0471861783958097,-0.0203314359759623));
#10928=CARTESIAN_POINT('',(0.000829686063507132,-0.0359369609495517,-0.0240869765086403));
#10929=CARTESIAN_POINT('',(0.000885993752705591,-0.0456161247497568,-0.0257656969732309));
#10930=CARTESIAN_POINT('',(0.00101174036320167,-0.0712445397673565,-0.0295146238320239));
#10931=CARTESIAN_POINT('',(0.000875678051711852,-0.0969946360565484,-0.0254581514388412));
#10932=CARTESIAN_POINT('',(0.00078701005974538,-0.113017370828696,-0.0228146621607846));
#10933=CARTESIAN_POINT('',(0.00154039405130531,-0.0359369609495517,-0.0240631457157778));
#10934=CARTESIAN_POINT('',(0.00164664976235234,-0.0456161247497568,-0.0257401941447433));
#10935=CARTESIAN_POINT('',(0.00188394054270959,-0.0712445397673565,-0.0294853870052946));
#10936=CARTESIAN_POINT('',(0.00162718346636966,-0.0969946360565484,-0.0254329549312097));
#10937=CARTESIAN_POINT('',(0.00145986208153528,-0.113017370828696,-0.0227920986157818));
#10938=CARTESIAN_POINT('',(0.00222354437095148,-0.0359369609495517,-0.0240084923326333));
#10939=CARTESIAN_POINT('',(0.00238229470127137,-0.0456161247497568,-0.0256815523632392));
#10940=CARTESIAN_POINT('',(0.0027368167254749,-0.0712445397673565,-0.0294178383128127));
#10941=CARTESIAN_POINT('',(0.00235321126766668,-0.0969946360565484,-0.0253750438336585));
#10942=CARTESIAN_POINT('',(0.002103226350618,-0.113017370828696,-0.0227404680685205));
#10943=CARTESIAN_POINT('',(0.00378888729016276,-0.0359369609495517,-0.0238079418661706));
#10944=CARTESIAN_POINT('',(0.00407796769088817,-0.0456161247497568,-0.0254642860438665));
#10945=CARTESIAN_POINT('',(0.00472354347404541,-0.0712445397673565,-0.0291632420679024));
#10946=CARTESIAN_POINT('',(0.0040250074820875,-0.0969946360565484,-0.025160839897824));
#10947=CARTESIAN_POINT('',(0.00356979116946556,-0.113017370828696,-0.022552586667541));
#10948=CARTESIAN_POINT('',(0.0046469710198434,-0.0359369609495517,-0.0236350955054117));
#10949=CARTESIAN_POINT('',(0.005015886001127,-0.0456161247497568,-0.0252759479214604));
#10950=CARTESIAN_POINT('',(0.00583974876512955,-0.0712445397673565,-0.0289403076666315));
#10951=CARTESIAN_POINT('',(0.00494829990954332,-0.0969946360565484,-0.0249753399025599));
#10952=CARTESIAN_POINT('',(0.0043673676947356,-0.113017370828696,-0.0223914816246685));
#10953=CARTESIAN_POINT('',(0.00626564616401878,-0.0359369609495517,-0.0231843549198253));
#10954=CARTESIAN_POINT('',(0.00679783886623833,-0.0456161247497568,-0.0247797138612164));
#10955=CARTESIAN_POINT('',(0.00798633424559924,-0.0712445397673565,-0.0283424773533834));
#10956=CARTESIAN_POINT('',(0.00670033991244895,-0.0969946360565484,-0.0244874403537906));
#10957=CARTESIAN_POINT('',(0.00586229347657588,-0.113017370828696,-0.021975220871646));
#10958=CARTESIAN_POINT('',(0.00702623758525512,-0.0359369609495517,-0.0229064606869702));
#10959=CARTESIAN_POINT('',(0.00764187343481311,-0.0456161247497568,-0.0244718179067773));
#10960=CARTESIAN_POINT('',(0.00901671446423175,-0.0712445397673565,-0.0279675814056585));
#10961=CARTESIAN_POINT('',(0.00752908750032584,-0.0969946360565484,-0.0241850407852547));
#10962=CARTESIAN_POINT('',(0.00655964273461215,-0.113017370828696,-0.0217200651599663));
#10963=CARTESIAN_POINT('',(0.00845115741704249,-0.0359369609495517,-0.0222562051201015));
#10964=CARTESIAN_POINT('',(0.00923014969306587,-0.0456161247497568,-0.0237470009392714));
#10965=CARTESIAN_POINT('',(0.0109697991034212,-0.0712445397673565,-0.0270762535488327));
#10966=CARTESIAN_POINT('',(0.00908743647733495,-0.0969946360565484,-0.0234738836415774));
#10967=CARTESIAN_POINT('',(0.00786075355257599,-0.113017370828696,-0.0211263202164135));
#10968=CARTESIAN_POINT('',(0.00911548582693003,-0.0359369609495517,-0.0218838437716763));
#10969=CARTESIAN_POINT('',(0.0099743913812707,-0.0456161247497568,-0.0233300798965205));
#10970=CARTESIAN_POINT('',(0.0118925035206968,-0.0712445397673565,-0.0265598215759415));
#10971=CARTESIAN_POINT('',(0.00981703786514233,-0.0969946360565483,-0.0230651260395498));
#10972=CARTESIAN_POINT('',(0.00846451511245372,-0.113017370828696,-0.0207877309817037));
#10973=CARTESIAN_POINT('',(0.0103492820541872,-0.0359369609495517,-0.0210589394627283));
#10974=CARTESIAN_POINT('',(0.0113575274777737,-0.0456161247497568,-0.022405337619005));
#10975=CARTESIAN_POINT('',(0.0136091461531083,-0.0712445397673565,-0.0254121206523711));
#10976=CARTESIAN_POINT('',(0.0111728145466256,-0.0969946360565483,-0.022158674312512));
#10977=CARTESIAN_POINT('',(0.00958512557569825,-0.113017370828696,-0.0200384945892126));
#10978=CARTESIAN_POINT('',(0.0109187498584422,-0.0359369609495517,-0.0206063964910735));
#10979=CARTESIAN_POINT('',(0.0119964218590823,-0.0456161247497568,-0.0218975163612775));
#10980=CARTESIAN_POINT('',(0.0144030843102691,-0.0712445397673565,-0.024780851652308));
#10981=CARTESIAN_POINT('',(0.0117989898158538,-0.0969946360565483,-0.0216609801667063));
#10982=CARTESIAN_POINT('',(0.0101019744764663,-0.113017370828696,-0.0196278474292661));
#10983=CARTESIAN_POINT('',(0.011967060955911,-0.0359369609495517,-0.0196378577727838));
#10984=CARTESIAN_POINT('',(0.0131691159765232,-0.0456161247497568,-0.0208141056710634));
#10985=CARTESIAN_POINT('',(0.0158535512041709,-0.0712445397673565,-0.0234409083052557));
#10986=CARTESIAN_POINT('',(0.0129488966717147,-0.0969946360565483,-0.0205986142917173));
#10987=CARTESIAN_POINT('',(0.0110560147859879,-0.113017370828696,-0.01874637100701));
#10988=CARTESIAN_POINT('',(0.0124459042301819,-0.0359369609495517,-0.0191218620289098));
#10989=CARTESIAN_POINT('',(0.013702915673722,-0.0456161247497568,-0.0202385162440849));
#10990=CARTESIAN_POINT('',(0.0165100798573355,-0.0712445397673565,-0.0227322339699096));
#10991=CARTESIAN_POINT('',(0.0134726282230762,-0.0969946360565484,-0.0200339425675388));
#10992=CARTESIAN_POINT('',(0.0114932061909495,-0.113017370828696,-0.0182755417453793));
#10993=CARTESIAN_POINT('',(0.01310217250621,-0.0359369609495517,-0.0183124525359546));
#10994=CARTESIAN_POINT('',(0.014430710884459,-0.0456161247497568,-0.0193408907166672));
#10995=CARTESIAN_POINT('',(0.0173976093730466,-0.0712445397673565,-0.0216376039572616));
#10996=CARTESIAN_POINT('',(0.0141873195312742,-0.0969946360565484,-0.0191524784249572));
#10997=CARTESIAN_POINT('',(0.012095263687275,-0.113017370828696,-0.0175329918211998));
#10998=CARTESIAN_POINT('',(0.0133105958241775,-0.0359369609495517,-0.0180367467258365));
#10999=CARTESIAN_POINT('',(0.0146611585622306,-0.0456161247497568,-0.0190359753102078));
#11000=CARTESIAN_POINT('',(0.0176772419602533,-0.0712445397673565,-0.0212674575355329));
#11001=CARTESIAN_POINT('',(0.0144137322945687,-0.0969946360565483,-0.018852914285195));
#11002=CARTESIAN_POINT('',(0.0122869945840965,-0.113017370828696,-0.0172794241748225));
#11003=CARTESIAN_POINT('',(0.0137079381021022,-0.0359369609495517,-0.0174755593699093));
#11004=CARTESIAN_POINT('',(0.0150990785504253,-0.0456161247497568,-0.0184174960636385));
#11005=CARTESIAN_POINT('',(0.0182057802920662,-0.0712445397673565,-0.0205210337549271));
#11006=CARTESIAN_POINT('',(0.0148442183508775,-0.0969946360565483,-0.0182449310476369));
#11007=CARTESIAN_POINT('',(0.0126535827227416,-0.113017370828696,-0.0167616587560298));
#11008=CARTESIAN_POINT('',(0.0138968608202077,-0.0359369609495517,-0.0171900838536524));
#11009=CARTESIAN_POINT('',(0.0153065527526151,-0.0456161247497568,-0.0181039352915612));
#11010=CARTESIAN_POINT('',(0.0184546837604272,-0.0712445397673565,-0.0201447528504029));
#11011=CARTESIAN_POINT('',(0.0150482938775839,-0.0969946360565484,-0.0179365155604311));
#11012=CARTESIAN_POINT('',(0.0128284451372572,-0.113017370828696,-0.0164974692577234));
#11013=CARTESIAN_POINT('',(0.0144369469299136,-0.0359369609495517,-0.0163203695293263));
#11014=CARTESIAN_POINT('',(0.0158982476565573,-0.0456161247497568,-0.0171510726050053));
#11015=CARTESIAN_POINT('',(0.019161631679355,-0.0712445397673565,-0.0190062028293544));
#11016=CARTESIAN_POINT('',(0.0156305339291326,-0.0969946360565484,-0.0169988858492483));
#11017=CARTESIAN_POINT('',(0.013329416569584,-0.113017370828696,-0.0156907736768375));
#11018=CARTESIAN_POINT('',(0.0147613745713184,-0.0359369609495517,-0.0157227570267556));
#11019=CARTESIAN_POINT('',(0.016251713525197,-0.0456161247497568,-0.0164995468263863));
#11020=CARTESIAN_POINT('',(0.0195799458609262,-0.0712445397673565,-0.0182342776555492));
#11021=CARTESIAN_POINT('',(0.0159786799262981,-0.0969946360565484,-0.0163572371095067));
#11022=CARTESIAN_POINT('',(0.0136318359291298,-0.113017370828696,-0.0151340224350324));
#11023=CARTESIAN_POINT('',(0.0153465382944916,-0.0359369609495517,-0.0145004349113397));
#11024=CARTESIAN_POINT('',(0.0168862148713544,-0.0456161247497568,-0.015174184627079));
#11025=CARTESIAN_POINT('',(0.0203246282311769,-0.0712445397673565,-0.0166788058303806));
#11026=CARTESIAN_POINT('',(0.0166041425039731,-0.0969946360565484,-0.01505075209573));
#11027=CARTESIAN_POINT('',(0.0141796063119964,-0.113017370828696,-0.0139897951423727));
#11028=CARTESIAN_POINT('',(0.0156072743763038,-0.0359369609495517,-0.0138757253016088));
#11029=CARTESIAN_POINT('',(0.0171672503488823,-0.0456161247497568,-0.0145003482126762));
#11030=CARTESIAN_POINT('',(0.0206509964197909,-0.0712445397673565,-0.0158952591923844));
#11031=CARTESIAN_POINT('',(0.0168814590844989,-0.0969946360565484,-0.0143859158273993));
#11032=CARTESIAN_POINT('',(0.0144249573353867,-0.113017370828696,-0.0134023190922288));
#11033=CARTESIAN_POINT('',(0.0160726339652108,-0.0359369609495517,-0.0126071453971867));
#11034=CARTESIAN_POINT('',(0.0176664778739954,-0.0456161247497568,-0.0131394490868885));
#11035=CARTESIAN_POINT('',(0.0212258579878392,-0.0712445397673565,-0.0143281923240447));
#11036=CARTESIAN_POINT('',(0.0173744819241037,-0.0969946360565484,-0.0130419297999315));
#11037=CARTESIAN_POINT('',(0.0148646481711712,-0.113017370828696,-0.0122037085915304));
#11038=CARTESIAN_POINT('',(0.0162772574730867,-0.0359369609495517,-0.0119632751072657));
#11039=CARTESIAN_POINT('',(0.0178846699231014,-0.0456161247497568,-0.0124523863851828));
#11040=CARTESIAN_POINT('',(0.0214743513704461,-0.0712445397673565,-0.0135446721143433));
#11041=CARTESIAN_POINT('',(0.0175901881845679,-0.0969946360565483,-0.0123627800495743));
#11042=CARTESIAN_POINT('',(0.0150589879837859,-0.113017370828696,-0.0115925741420257));
#11043=CARTESIAN_POINT('',(0.0166378333739914,-0.0359369609495517,-0.0106633657768854));
#11044=CARTESIAN_POINT('',(0.0182675157016222,-0.0456161247497568,-0.0110721834521856));
#11045=CARTESIAN_POINT('',(0.0219069303499959,-0.0712445397673565,-0.011985157110165));
#11046=CARTESIAN_POINT('',(0.0179689540691715,-0.0969946360565483,-0.01099728709328));
#11047=CARTESIAN_POINT('',(0.0154026853838242,-0.113017370828696,-0.0103535199121849));
#11048=CARTESIAN_POINT('',(0.016793785768745,-0.0359369609495517,-0.0100073267380801));
#11049=CARTESIAN_POINT('',(0.0184321694344916,-0.0456161247497568,-0.0103790432241873));
#11050=CARTESIAN_POINT('',(0.0220910159542564,-0.0712445397673565,-0.011209162322642));
#11051=CARTESIAN_POINT('',(0.0181320136964484,-0.0969946360565484,-0.0103109438903359));
#11052=CARTESIAN_POINT('',(0.0155520429716617,-0.113017370828696,-0.00972560013226072));
#11053=CARTESIAN_POINT('',(0.0170640993832019,-0.0359369609495517,-0.00868972465254101));
#11054=CARTESIAN_POINT('',(0.0187165028054318,-0.0456161247497568,-0.00899312248641416));
#11055=CARTESIAN_POINT('',(0.0224066583148363,-0.0712445397673565,-0.00967067203221306));
#11056=CARTESIAN_POINT('',(0.0184137786150521,-0.0969946360565484,-0.00893753929021242));
#11057=CARTESIAN_POINT('',(0.0158117309115627,-0.113017370828696,-0.0084597772459969));
#11058=CARTESIAN_POINT('',(0.0171784606044511,-0.0359369609495517,-0.0080281616070728));
#11059=CARTESIAN_POINT('',(0.0188361824465904,-0.0456161247497568,-0.0083003419791364));
#11060=CARTESIAN_POINT('',(0.0225382150776872,-0.0712445397673565,-0.00890817653455442));
#11061=CARTESIAN_POINT('',(0.0185324839091842,-0.0969946360565483,-0.00825047789530449));
#11062=CARTESIAN_POINT('',(0.0159220612640034,-0.113017370828696,-0.00782187413998954));
#11063=CARTESIAN_POINT('',(0.0173723025955213,-0.0359369609495517,-0.00670585683166559));
#11064=CARTESIAN_POINT('',(0.0190383752042922,-0.0456161247497568,-0.00692096431525218));
#11065=CARTESIAN_POINT('',(0.0227590568088046,-0.0712445397673565,-0.00740134341335404));
#11066=CARTESIAN_POINT('',(0.0187331467868133,-0.0969946360565483,-0.00688155611872019));
#11067=CARTESIAN_POINT('',(0.0161095741488138,-0.113017370828696,-0.0065428253183963));
#11068=CARTESIAN_POINT('',(0.0174517833661166,-0.0359369609495517,-0.00604511510027135));
#11069=CARTESIAN_POINT('',(0.0191208883223418,-0.0456161247497568,-0.00623436715556683));
#11070=CARTESIAN_POINT('',(0.022848341780213,-0.0712445397673565,-0.00665700578310753));
#11071=CARTESIAN_POINT('',(0.0188151043716827,-0.0969946360565483,-0.0061996957342624));
#11072=CARTESIAN_POINT('',(0.0161867566814027,-0.113017370828696,-0.00590167960258571));
#11073=CARTESIAN_POINT('',(0.0175333972466332,-0.0359369609495517,-0.00522396221621766));
#11074=CARTESIAN_POINT('',(0.0192054118999461,-0.0456161247497568,-0.00538422988224282));
#11075=CARTESIAN_POINT('',(0.0229393633077697,-0.0712445397673565,-0.00574214042806103));
#11076=CARTESIAN_POINT('',(0.0188990948859423,-0.0969946360565483,-0.00535486846917093));
#11077=CARTESIAN_POINT('',(0.0162661652815105,-0.113017370828696,-0.00510249419620941));
#11078=CARTESIAN_POINT('',(0.0175488333864915,-0.0359369609495517,-0.00505997055868525));
#11079=CARTESIAN_POINT('',(0.0192213858348291,-0.0456161247497568,-0.00521460799374758));
#11080=CARTESIAN_POINT('',(0.0229565382491663,-0.0712445397673565,-0.00555994507988446));
#11081=CARTESIAN_POINT('',(0.0189149702955129,-0.0969946360565484,-0.00518627805222007));
#11082=CARTESIAN_POINT('',(0.0162811938226407,-0.113017370828696,-0.00494276973133167));
#11083=CARTESIAN_POINT('',(0.0175780249213268,-0.0359369609495517,-0.00473234233954755));
#11084=CARTESIAN_POINT('',(0.0192515709511961,-0.0456161247497568,-0.00487581356013476));
#11085=CARTESIAN_POINT('',(0.0229889422367327,-0.0712445397673565,-0.00519621420078246));
#11086=CARTESIAN_POINT('',(0.0189449733854082,-0.0969946360565484,-0.00484952929534157));
#11087=CARTESIAN_POINT('',(0.016309632314867,-0.113017370828696,-0.00462360446668079));
#11088=CARTESIAN_POINT('',(0.0175917779098362,-0.0359369609495517,-0.00456870353508204));
#11089=CARTESIAN_POINT('',(0.019265780915303,-0.0456161247497568,-0.00470663988040501));
#11090=CARTESIAN_POINT('',(0.0230041727210083,-0.0712445397673565,-0.00501468001018991));
#11091=CARTESIAN_POINT('',(0.0189590996305117,-0.0969946360565484,-0.00468136961776813));
#11092=CARTESIAN_POINT('',(0.016323038958275,-0.113017370828696,-0.00446416058409824));
#11093=CARTESIAN_POINT('',(0.0176305459007788,-0.0359369609495517,-0.00407803438953061));
#11094=CARTESIAN_POINT('',(0.0193058599264792,-0.0456161247497568,-0.00419919894657076));
#11095=CARTESIAN_POINT('',(0.0230471795090653,-0.0712445397673565,-0.00446978423566615));
#11096=CARTESIAN_POINT('',(0.0189989384596999,-0.0969946360565484,-0.00417700131496383));
#11097=CARTESIAN_POINT('',(0.016360813317527,-0.113017370828696,-0.00398620289785259));
#11098=CARTESIAN_POINT('',(0.0176530699301682,-0.0359369609495517,-0.00375125130893785));
#11099=CARTESIAN_POINT('',(0.0193291780955703,-0.0456161247497568,-0.00386101178275391));
#11100=CARTESIAN_POINT('',(0.0230722711548732,-0.0712445397673565,-0.00410612941669139));
#11101=CARTESIAN_POINT('',(0.0190221111405313,-0.0969946360565484,-0.00384090340599515));
#11102=CARTESIAN_POINT('',(0.0163827354627086,-0.113017370828696,-0.00366806305418713));
#11103=CARTESIAN_POINT('',(0.017710424404497,-0.0359369609495517,-0.00277228513723016));
#11104=CARTESIAN_POINT('',(0.0193885718082282,-0.0456161247497568,-0.00284742239004813));
#11105=CARTESIAN_POINT('',(0.0231362189046708,-0.0712445397673565,-0.00301521927531092));
#11106=CARTESIAN_POINT('',(0.0190811312599348,-0.0969946360565484,-0.00283365706874664));
#11107=CARTESIAN_POINT('',(0.0164385443835998,-0.113017370828696,-0.00271533807139327));
#11108=CARTESIAN_POINT('',(0.0177350372347424,-0.0359369609495517,-0.00212148511865771));
#11109=CARTESIAN_POINT('',(0.0194140865555603,-0.0456161247497568,-0.00217299226495091));
#11110=CARTESIAN_POINT('',(0.0231637478177096,-0.0712445397673565,-0.00228801827924654));
#11111=CARTESIAN_POINT('',(0.0191064807739369,-0.0969946360565484,-0.0021635560346995));
#11112=CARTESIAN_POINT('',(0.0164624736443802,-0.113017370828696,-0.00208244748098769));
#11113=CARTESIAN_POINT('',(0.017756088548337,-0.0359369609495517,-0.000824229757148996));
#11114=CARTESIAN_POINT('',(0.0194359210313054,-0.0456161247497568,-0.00082723896048973));
#11115=CARTESIAN_POINT('',(0.0231873312550496,-0.0712445397673565,-0.000833959128299443));
#11116=CARTESIAN_POINT('',(0.0191281717725355,-0.0969946360565484,-0.000826687667365571));
#11117=CARTESIAN_POINT('',(0.0164829313937323,-0.113017370828696,-0.000821949060233226));
#11118=CARTESIAN_POINT('',(0.0177525270317334,-0.0359369609495517,-0.000177774414064009));
#11119=CARTESIAN_POINT('',(0.0194322407598272,-0.0456161247497568,-0.000155915780809897));
#11120=CARTESIAN_POINT('',(0.0231833857795967,-0.0712445397673565,-0.00010710097272758));
#11121=CARTESIAN_POINT('',(0.0191245132572294,-0.0969946360565484,-0.000159920333793532));
#11122=CARTESIAN_POINT('',(0.0164794598823048,-0.113017370828696,-0.000194341229862317));
#11123=CARTESIAN_POINT('',(0.0177162327499274,-0.0359369609495517,0.00110995223636554));
#11124=CARTESIAN_POINT('',(0.0193945098145067,-0.0456161247497568,0.00118273418832777));
#11125=CARTESIAN_POINT('',(0.0231424464701977,-0.0712445397673565,0.00134527120405012));
#11126=CARTESIAN_POINT('',(0.0190870455120411,-0.0969946360565484,0.00116940036367841));
#11127=CARTESIAN_POINT('',(0.0164442544581383,-0.113017370828696,0.00105479027003479));
#11128=CARTESIAN_POINT('',(0.0176834999847118,-0.0359369609495517,0.00175122354369872));
#11129=CARTESIAN_POINT('',(0.0193604591406491,-0.0456161247497568,0.00185006097777343));
#11130=CARTESIAN_POINT('',(0.0231054526362313,-0.0712445397673565,0.00207078522524202));
#11131=CARTESIAN_POINT('',(0.0190532362821441,-0.0969946360565484,0.00183195372756628));
#11132=CARTESIAN_POINT('',(0.0164125205453878,-0.113017370828696,0.0016763139395502));
#11133=CARTESIAN_POINT('',(0.0175879007981591,-0.0359369609495517,0.00302772646724877));
#11134=CARTESIAN_POINT('',(0.0192608826918894,-0.0456161247497568,0.00317979532670516));
#11135=CARTESIAN_POINT('',(0.0229969941458052,-0.0712445397673565,0.00351939625707275));
#11136=CARTESIAN_POINT('',(0.0189543884771679,-0.0969946360565484,0.00315193595426524));
#11137=CARTESIAN_POINT('',(0.0163199357545479,-0.113017370828696,0.00291247238187274));
#11138=CARTESIAN_POINT('',(0.0175250343767077,-0.0359369609495517,0.00366295808351059));
#11139=CARTESIAN_POINT('',(0.0191953569167642,-0.0456161247497568,0.00384220288629458));
#11140=CARTESIAN_POINT('',(0.0229255294888801,-0.0712445397673565,0.00424249326794539));
#11141=CARTESIAN_POINT('',(0.0188893499018857,-0.0969946360565484,0.00380936481716899));
#11142=CARTESIAN_POINT('',(0.0162590848764263,-0.113017370828696,0.00352710715468054));
#11143=CARTESIAN_POINT('',(0.0173680893069308,-0.0359369609495517,0.00492659061186851));
#11144=CARTESIAN_POINT('',(0.0190314875063987,-0.0456161247497568,0.00516130840699492));
#11145=CARTESIAN_POINT('',(0.0227461966068053,-0.0712445397673565,0.00568548134998738));
#11146=CARTESIAN_POINT('',(0.0187267490469894,-0.0969946360565484,0.00511830755530129));
#11147=CARTESIAN_POINT('',(0.0161073878143232,-0.113017370828696,0.00474869630204414));
#11148=CARTESIAN_POINT('',(0.0172740106593055,-0.0359369609495517,0.00555499152316343));
#11149=CARTESIAN_POINT('',(0.0189331438726047,-0.0456161247497568,0.00581800636647515));
#11150=CARTESIAN_POINT('',(0.0226383283847684,-0.0712445397673565,0.00640537241767357));
#11151=CARTESIAN_POINT('',(0.018629186768685,-0.0969946360565484,0.00576982142905113));
#11152=CARTESIAN_POINT('',(0.0160165416304762,-0.113017370828696,0.00535565067642745));
#11153=CARTESIAN_POINT('',(0.0171089857874734,-0.0359369609495517,0.00649153234256095));
#11154=CARTESIAN_POINT('',(0.0187606456964568,-0.0456161247497568,0.00679747283199596));
#11155=CARTESIAN_POINT('',(0.0224491407883955,-0.0712445397673565,0.00748070064879328));
#11156=CARTESIAN_POINT('',(0.0184580577194512,-0.0969946360565484,0.00674142381531963));
#11157=CARTESIAN_POINT('',(0.0158571808298862,-0.113017370828696,0.00625965783902764));
#11158=CARTESIAN_POINT('',(0.0170499938338954,-0.0359369609495517,0.00680270285724262));
#11159=CARTESIAN_POINT('',(0.0186989829293576,-0.0456161247497568,0.00712303174828043));
#11160=CARTESIAN_POINT('',(0.0223815135473083,-0.0712445397673565,0.00783839181482485));
#11161=CARTESIAN_POINT('',(0.018396884251666,-0.0969946360565483,0.00706434674261529));
#11162=CARTESIAN_POINT('',(0.0158002131051391,-0.113017370828696,0.00655992328035846));
#11163=CARTESIAN_POINT('',(0.016923626387264,-0.0359369609495517,0.00742351722797755));
#11164=CARTESIAN_POINT('',(0.0185665939272528,-0.0456161247497568,0.00777340674861142));
#11165=CARTESIAN_POINT('',(0.0222356771776862,-0.0712445397673565,0.0085547817596288));
#11166=CARTESIAN_POINT('',(0.0182655984126756,-0.0969946360565483,0.00770930616613182));
#11167=CARTESIAN_POINT('',(0.0156784094388314,-0.113017370828696,0.007158333436717));
#11168=CARTESIAN_POINT('',(0.0168562391495676,-0.0359369609495517,0.00773315637584853));
#11169=CARTESIAN_POINT('',(0.0184958617508982,-0.0456161247497568,0.00809822045089893));
#11170=CARTESIAN_POINT('',(0.0221574750677474,-0.0712445397673565,0.00891348335202208));
#11171=CARTESIAN_POINT('',(0.0181954790369443,-0.0969946360565483,0.00803133985438746));
#11172=CARTESIAN_POINT('',(0.0156135573542694,-0.113017370828696,0.00745647168034947));
#11173=CARTESIAN_POINT('',(0.0166402334733911,-0.0359369609495517,0.00866026481839525));
#11174=CARTESIAN_POINT('',(0.0182686389902255,-0.0456161247497568,0.00907309210881884));
#11175=CARTESIAN_POINT('',(0.0219052022584026,-0.0712445397673565,0.00999502005915764));
#11176=CARTESIAN_POINT('',(0.0179703112725134,-0.0969946360565483,0.00899746117899937));
#11177=CARTESIAN_POINT('',(0.0154060531873356,-0.113017370828696,0.00834738003747347));
#11178=CARTESIAN_POINT('',(0.0164777710708552,-0.0359369609495517,0.00927592509074963));
#11179=CARTESIAN_POINT('',(0.0180971221727187,-0.0456161247497568,0.0097235805721141));
#11180=CARTESIAN_POINT('',(0.0217134650765223,-0.0712445397673565,0.0107232870110193));
#11181=CARTESIAN_POINT('',(0.0178004532451086,-0.0969946360565484,0.00964156903586212));
#11182=CARTESIAN_POINT('',(0.0152504531912109,-0.113017370828696,0.00893664377271604));
#11183=CARTESIAN_POINT('',(0.0161091880482355,-0.0359369609495517,0.0104985508998935));
#11184=CARTESIAN_POINT('',(0.0177061479696976,-0.0456161247497568,0.0110206388964141));
#11185=CARTESIAN_POINT('',(0.0212724867784913,-0.0712445397673565,0.0121865683969441));
#11186=CARTESIAN_POINT('',(0.0174135811589602,-0.0969946360565484,0.0109249911484565));
#11187=CARTESIAN_POINT('',(0.0148988406057134,-0.113017370828696,0.0101028566417798));
#11188=CARTESIAN_POINT('',(0.0159030674277874,-0.0359369609495517,0.011105516438854));
#11189=CARTESIAN_POINT('',(0.0174866905835169,-0.0456161247497568,0.0116672087619067));
#11190=CARTESIAN_POINT('',(0.0210232456609988,-0.0712445397673565,0.012921582840669));
#11191=CARTESIAN_POINT('',(0.0171965670996053,-0.0969946360565484,0.0115643054082516));
#11192=CARTESIAN_POINT('',(0.0147028280162053,-0.113017370828696,0.0106798057760161));
#11193=CARTESIAN_POINT('',(0.0152090026789882,-0.0359369609495517,0.0129084109119974));
#11194=CARTESIAN_POINT('',(0.0167443883179644,-0.0456161247497568,0.0135951741808624));
#11195=CARTESIAN_POINT('',(0.0201732191340387,-0.0712445397673565,0.0151288573154803));
#11196=CARTESIAN_POINT('',(0.0164631020604883,-0.0969946360565484,0.0134693575359966));
#11197=CARTESIAN_POINT('',(0.0140453228292657,-0.113017370828696,0.0123879080772564));
#11198=CARTESIAN_POINT('',(0.0146453556643952,-0.0359369609495517,0.0140863376765633));
#11199=CARTESIAN_POINT('',(0.0161376133436584,-0.0456161247497568,0.0148648255078989));
#11200=CARTESIAN_POINT('',(0.0194701305864231,-0.0712445397673565,0.0166033483898782));
#11201=CARTESIAN_POINT('',(0.0158642282297598,-0.0969946360565484,0.0147222047076203));
#11202=CARTESIAN_POINT('',(0.0135143628063988,-0.113017370828696,0.013496316134364));
#11203=CARTESIAN_POINT('',(0.0136113815320946,-0.0359369609495517,0.015790508011091));
#11204=CARTESIAN_POINT('',(0.0150192279761377,-0.0456161247497568,0.0167082591884497));
#11205=CARTESIAN_POINT('',(0.0181632376301908,-0.0712445397673565,0.0187577856647521));
#11206=CARTESIAN_POINT('',(0.014761307198912,-0.0969946360565484,0.0165401250158873));
#11207=CARTESIAN_POINT('',(0.0125443645580861,-0.113017370828696,0.0150949377745063));
#11208=CARTESIAN_POINT('',(0.0132353062257478,-0.0359369609495517,0.016348111486589));
#11209=CARTESIAN_POINT('',(0.0146117290462904,-0.0456161247497568,0.0173125631947121));
#11210=CARTESIAN_POINT('',(0.0176855633086529,-0.0712445397673565,0.0194663815276964));
#11211=CARTESIAN_POINT('',(0.0143595651507408,-0.0969946360565484,0.0171358733751594));
#11212=CARTESIAN_POINT('',(0.0121921054426327,-0.113017370828696,0.0156171465809112));
#11213=CARTESIAN_POINT('',(0.0126199675503002,-0.0359369609495517,0.0171652324993045));
#11214=CARTESIAN_POINT('',(0.0139444808963755,-0.0456161247497568,0.0181985213218661));
#11215=CARTESIAN_POINT('',(0.0169023906631708,-0.0712445397673565,0.0205060670398703));
#11216=CARTESIAN_POINT('',(0.0137018269385444,-0.0969946360565484,0.0180092203811695));
#11217=CARTESIAN_POINT('',(0.01161610933228,-0.113017370828696,0.0163820954481071));
#11218=CARTESIAN_POINT('',(0.012406317043857,-0.0359369609495517,0.0174343921343868));
#11219=CARTESIAN_POINT('',(0.0137127315633269,-0.0456161247497568,0.0184904243788822));
#11220=CARTESIAN_POINT('',(0.0166302229408759,-0.0712445397673565,0.0208487608194316));
#11221=CARTESIAN_POINT('',(0.0134733933530652,-0.0969946360565483,0.0182969567898365));
#11222=CARTESIAN_POINT('',(0.0114161760570585,-0.113017370828696,0.0166340176796695));
#11223=CARTESIAN_POINT('',(0.0119616827091945,-0.0359369609495517,0.0179654471436528));
#11224=CARTESIAN_POINT('',(0.0132307803808696,-0.0456161247497568,0.0190660424364031));
#11225=CARTESIAN_POINT('',(0.0160649355890359,-0.0712445397673565,0.0215238972971045));
#11226=CARTESIAN_POINT('',(0.0129982787048248,-0.0969946360565483,0.0188644107921864));
#11227=CARTESIAN_POINT('',(0.0109998244304868,-0.113017370828696,0.0171312980332527));
#11228=CARTESIAN_POINT('',(0.0117306430490685,-0.0359369609495517,0.0182273920998316));
#11229=CARTESIAN_POINT('',(0.0129805502873734,-0.0456161247497568,0.0193497825193057));
#11230=CARTESIAN_POINT('',(0.0157718493246578,-0.0712445397673565,0.0218563103649914));
#11231=CARTESIAN_POINT('',(0.0127515643438228,-0.0969946360565484,0.019144157956651));
#11232=CARTESIAN_POINT('',(0.0107833293382227,-0.113017370828696,0.0173767243056906));
#11233=CARTESIAN_POINT('',(0.0110127327365491,-0.0359369609495517,0.0189996591420944));
#11234=CARTESIAN_POINT('',(0.0122033095804578,-0.0456161247497568,0.0201859706520543));
#11235=CARTESIAN_POINT('',(0.0148621116870224,-0.0712445397673565,0.0228352473937118));
#11236=CARTESIAN_POINT('',(0.011985193104597,-0.0969946360565484,0.0199686355953972));
#11237=CARTESIAN_POINT('',(0.0101103859595356,-0.113017370828696,0.0181005450924444));
#11238=CARTESIAN_POINT('',(0.0105011004158219,-0.0359369609495517,0.0194963870595628));
#11239=CARTESIAN_POINT('',(0.0116497635385034,-0.0456161247497568,0.0207233732698262));
#11240=CARTESIAN_POINT('',(0.0142149637151607,-0.0712445397673565,0.0234634849537254));
#11241=CARTESIAN_POINT('',(0.0114393257548758,-0.0969946360565484,0.0204985865124811));
#11242=CARTESIAN_POINT('',(0.00963052035042854,-0.113017370828696,0.0185664453611872));
#11243=CARTESIAN_POINT('',(0.00941848054127796,-0.0359369609495517,0.0204395216289502));
#11244=CARTESIAN_POINT('',(0.0104764769176238,-0.0456161247497568,0.0217454611685147));
#11245=CARTESIAN_POINT('',(0.0128391996671531,-0.0712445397673565,0.0246618918185857));
#11246=CARTESIAN_POINT('',(0.010282649495007,-0.0969946360565484,0.021506209975688));
#11247=CARTESIAN_POINT('',(0.0086166174568648,-0.113017370828696,0.0194497406328478));
#11248=CARTESIAN_POINT('',(0.00884749298408882,-0.0359369609495517,0.020885928273458));
#11249=CARTESIAN_POINT('',(0.00985673633166444,-0.0456161247497568,0.022230146434462));
#11250=CARTESIAN_POINT('',(0.0121105835757959,-0.0712445397673565,0.0252320610915843));
#11251=CARTESIAN_POINT('',(0.00967184057849622,-0.0969946360565484,0.0219838825082263));
#11252=CARTESIAN_POINT('',(0.00808258017181098,-0.113017370828696,0.0198671356340826));
#11253=CARTESIAN_POINT('',(0.00765218102832018,-0.0359369609495517,0.0217129200068835));
#11254=CARTESIAN_POINT('',(0.00855424930823124,-0.0456161247497568,0.0231312996936487));
#11255=CARTESIAN_POINT('',(0.0105687526602522,-0.0712445397673565,0.0262988322375361));
#11256=CARTESIAN_POINT('',(0.00838898827933869,-0.0969946360565484,0.0228714492016014));
#11257=CARTESIAN_POINT('',(0.00696849697282364,-0.113017370828696,0.0206379198122451));
#11258=CARTESIAN_POINT('',(0.00702785662864648,-0.0359369609495517,0.0220935050887602));
#11259=CARTESIAN_POINT('',(0.00787150286839199,-0.0456161247497568,0.0235477676726774));
#11260=CARTESIAN_POINT('',(0.0097555378308615,-0.0712445397673565,0.0267954340802676));
#11261=CARTESIAN_POINT('',(0.00771694489455942,-0.0969946360565484,0.023281343349541));
#11262=CARTESIAN_POINT('',(0.00638845105875936,-0.113017370828696,0.0209913089875655));
#11263=CARTESIAN_POINT('',(0.00573163656144476,-0.0359369609495517,0.0227718835376062));
#11264=CARTESIAN_POINT('',(0.0064456747371772,-0.0456161247497568,0.0242939741359312));
#11265=CARTESIAN_POINT('',(0.00804026832894581,-0.0712445397673565,0.0276931144013528));
#11266=CARTESIAN_POINT('',(0.00631486126527268,-0.0969946360565484,0.0240151235611481));
#11267=CARTESIAN_POINT('',(0.00519046187806909,-0.113017370828696,0.0216182800950834));
#11268=CARTESIAN_POINT('',(0.00505974089578864,-0.0359369609495517,0.0230696768961456));
#11269=CARTESIAN_POINT('',(0.00570259304951464,-0.0456161247497568,0.0246237126030996));
#11270=CARTESIAN_POINT('',(0.00713821366424523,-0.0712445397673565,0.0280941928433845));
#11271=CARTESIAN_POINT('',(0.00558482102414087,-0.0969946360565484,0.0243390096093392));
#11272=CARTESIAN_POINT('',(0.00457251861191961,-0.113017370828696,0.0218918620253894));
#11273=CARTESIAN_POINT('',(0.00367459903152203,-0.0359369609495517,0.0235634212286234));
#11274=CARTESIAN_POINT('',(0.00415969781537891,-0.0456161247497568,0.0251736841304969));
#11275=CARTESIAN_POINT('',(0.00524302282292414,-0.0712445397673565,0.0287697312210553));
#11276=CARTESIAN_POINT('',(0.00407082657811224,-0.0969946360565484,0.0248786801824839));
#11277=CARTESIAN_POINT('',(0.00330693916447026,-0.113017370828696,0.0223429913613));
#11278=CARTESIAN_POINT('',(0.0029613528397229,-0.0359369609495517,0.0237593721952887));
#11279=CARTESIAN_POINT('',(0.00335988428274138,-0.0456161247497568,0.0253939171760397));
#11280=CARTESIAN_POINT('',(0.00424988667582586,-0.0712445397673565,0.0290441911254535));
#11281=CARTESIAN_POINT('',(0.00328687238576418,-0.0969946360565484,0.0250944646941093));
#11282=CARTESIAN_POINT('',(0.00265930298465803,-0.113017370828696,0.02252053876525));
#11283=CARTESIAN_POINT('',(0.0015019933402666,-0.0359369609495517,0.02402802123005));
#11284=CARTESIAN_POINT('',(0.00171176573113022,-0.0456161247497568,0.0256972658077156));
#11285=CARTESIAN_POINT('',(0.00218023047373029,-0.0712445397673565,0.0294250310688792));
#11286=CARTESIAN_POINT('',(0.00167333493612345,-0.0969946360565484,0.0253914562780805));
#11287=CARTESIAN_POINT('',(0.00134300533225129,-0.113017370828696,0.0227628887252394));
#11288=CARTESIAN_POINT('',(0.000755880041076172,-0.0359369609495517,0.0241007192965958));
#11289=CARTESIAN_POINT('',(0.000863460729384693,-0.0456161247497568,0.0257803813908909));
#11290=CARTESIAN_POINT('',(0.00110371045552693,-0.0712445397673565,0.0295314111018054));
#11291=CARTESIAN_POINT('',(0.000843751694453781,-0.0969946360565484,0.0254726633477264));
#11292=CARTESIAN_POINT('',(0.000674343861483281,-0.113017370828696,0.0228276912807956));
#11293=CARTESIAN_POINT('',(-2.0579820825481E-17,-0.0359369609495517,0.0241007192965958));
#11294=CARTESIAN_POINT('',(-2.34151016233152E-17,-0.0456161247497568,0.0257803813908909));
#11295=CARTESIAN_POINT('',(-3.02687254467427E-17,-0.0712445397673565,0.0295314111018054));
#11296=CARTESIAN_POINT('',(-2.29885687137611E-17,-0.0969946360565484,0.0254726633477264));
#11297=CARTESIAN_POINT('',(-1.84985449602836E-17,-0.113017370828696,0.0228276912807956));
#11298=CARTESIAN_POINT('',(-0.000755885247963721,-0.0359369609495517,0.0241007192965958));
#11299=CARTESIAN_POINT('',(-0.000863466677342935,-0.0456161247497568,0.0257803813908909));
#11300=CARTESIAN_POINT('',(-0.00110371805844792,-0.0712445397673565,0.0295314111018054));
#11301=CARTESIAN_POINT('',(-0.000843757506646131,-0.0969946360565484,0.0254726633477264));
#11302=CARTESIAN_POINT('',(-0.000674348506708006,-0.113017370828696,0.0228276912807956));
#11303=CARTESIAN_POINT('',(-0.00150200312747228,-0.0359369609495517,0.0240280202372922));
#11304=CARTESIAN_POINT('',(-0.0017117768554023,-0.0456161247497568,0.0256972646738723));
#11305=CARTESIAN_POINT('',(-0.00218024458394566,-0.0712445397673565,0.0294250296199631));
#11306=CARTESIAN_POINT('',(-0.00167334581544182,-0.0969946360565484,0.0253914551700844));
#11307=CARTESIAN_POINT('',(-0.00134301410608472,-0.113017370828696,0.0227628878394113));
#11308=CARTESIAN_POINT('',(-0.00296137044248511,-0.0359369609495517,0.0237593681458957));
#11309=CARTESIAN_POINT('',(-0.00335990409115742,-0.0456161247497568,0.0253939126164716));
#11310=CARTESIAN_POINT('',(-0.004249911409919,-0.0712445397673565,0.0290441854265598));
#11311=CARTESIAN_POINT('',(-0.00328689179009926,-0.0969946360565484,0.0250944602280065));
#11312=CARTESIAN_POINT('',(-0.00265931891573928,-0.113017370828696,0.0225205351025224));
#11313=CARTESIAN_POINT('',(-0.00367461988645628,-0.0359369609495517,0.0235634151122528));
#11314=CARTESIAN_POINT('',(-0.00415972116608151,-0.0456161247497568,0.0251736772731317));
#11315=CARTESIAN_POINT('',(-0.005243051747189,-0.0712445397673565,0.0287697227088973));
#11316=CARTESIAN_POINT('',(-0.00407084947158422,-0.0969946360565484,0.0248786734608706));
#11317=CARTESIAN_POINT('',(-0.00330695812784368,-0.113017370828696,0.0223429858065345));
#11318=CARTESIAN_POINT('',(-0.0050597670031678,-0.0359369609495517,0.0230696662723984));
#11319=CARTESIAN_POINT('',(-0.00570262200964441,-0.0456161247497568,0.0246237008139978));
#11320=CARTESIAN_POINT('',(-0.00713824899515182,-0.0712445397673565,0.028094178451807));
#11321=CARTESIAN_POINT('',(-0.00558484946164003,-0.0969946360565484,0.0243389980337331));
#11322=CARTESIAN_POINT('',(-0.0045725425571785,-0.113017370828696,0.0218918522848729));
#11323=CARTESIAN_POINT('',(-0.00573166468271961,-0.0359369609495517,0.0227718704589138));
#11324=CARTESIAN_POINT('',(-0.00644570579211904,-0.0456161247497568,0.0242939596835176));
#11325=CARTESIAN_POINT('',(-0.00804030593536728,-0.0712445397673565,0.0276930968811381));
#11326=CARTESIAN_POINT('',(-0.00631489178275983,-0.0969946360565484,0.0240151093604034));
#11327=CARTESIAN_POINT('',(-0.00519048777589658,-0.113017370828696,0.0216182680575443));
#11328=CARTESIAN_POINT('',(-0.00702788767946778,-0.0359369609495517,0.0220934871995848));
#11329=CARTESIAN_POINT('',(-0.00787153690211388,-0.0456161247497568,0.0235477480608882));
#11330=CARTESIAN_POINT('',(-0.00975557852601177,-0.0712445397673565,0.0267954106215288));
#11331=CARTESIAN_POINT('',(-0.00771697838180692,-0.0969946360565484,0.0232813240533387));
#11332=CARTESIAN_POINT('',(-0.0063884798488188,-0.113017370828696,0.0209912924039714));
#11333=CARTESIAN_POINT('',(-0.00765221299853599,-0.0359369609495517,0.0217128997453104));
#11334=CARTESIAN_POINT('',(-0.00855428423334709,-0.0456161247497568,0.0231312775516822));
#11335=CARTESIAN_POINT('',(-0.0105687941842654,-0.0712445397673565,0.026298805896266));
#11336=CARTESIAN_POINT('',(-0.00838902266310991,-0.0969946360565484,0.0228714274041275));
#11337=CARTESIAN_POINT('',(-0.00696852670349939,-0.113017370828696,0.0206379009758356));
#11338=CARTESIAN_POINT('',(-0.00884752585578537,-0.0359369609495517,0.0208859036732311));
#11339=CARTESIAN_POINT('',(-0.00985677206236632,-0.0456161247497568,0.0222301196915934));
#11340=CARTESIAN_POINT('',(-0.0121106256912426,-0.0712445397673565,0.0252320295637576));
#11341=CARTESIAN_POINT('',(-0.00967187578542161,-0.0969946360565484,0.0219838561578947));
#11342=CARTESIAN_POINT('',(-0.00808261087664677,-0.113017370828696,0.0198671126577793));
#11343=CARTESIAN_POINT('',(-0.00941851339287239,-0.0359369609495517,0.0204394950483849));
#11344=CARTESIAN_POINT('',(-0.010476512557787,-0.0456161247497568,0.0217454323264997));
#11345=CARTESIAN_POINT('',(-0.0128392415347621,-0.0712445397673565,0.0246618579262899));
#11346=CARTESIAN_POINT('',(-0.0102826846242979,-0.0969946360565484,0.0215061815479759));
#11347=CARTESIAN_POINT('',(-0.0086166481949828,-0.113017370828696,0.0194497157662516));
#11348=CARTESIAN_POINT('',(-0.0105011324541722,-0.0359369609495517,0.0194963571105153));
#11349=CARTESIAN_POINT('',(-0.0116497982226556,-0.0456161247497568,0.0207233408499248));
#11350=CARTESIAN_POINT('',(-0.0142150043079307,-0.0712445397673565,0.0234634470159009));
#11351=CARTESIAN_POINT('',(-0.0114393599543108,-0.0969946360565484,0.0204985545452459));
#11352=CARTESIAN_POINT('',(-0.0096305503835065,-0.113017370828696,0.0185664172848176));
#11353=CARTESIAN_POINT('',(-0.0110127639750126,-0.0359369609495517,0.01899962779008));
#11354=CARTESIAN_POINT('',(-0.0122033433850695,-0.0456161247497568,0.0201859367234738));
#11355=CARTESIAN_POINT('',(-0.0148621512223688,-0.0712445397673565,0.0228352077111308));
#11356=CARTESIAN_POINT('',(-0.0119852264390843,-0.0969946360565484,0.0199686021388496));
#11357=CARTESIAN_POINT('',(-0.0101104152530971,-0.113017370828696,0.0181005156932282));
#11358=CARTESIAN_POINT('',(-0.0117306726330604,-0.0359369609495517,0.0182273591499372));
#11359=CARTESIAN_POINT('',(-0.0129805823240304,-0.0456161247497568,0.0193497468328932));
#11360=CARTESIAN_POINT('',(-0.0157718868386185,-0.0712445397673565,0.0218562685673732));
#11361=CARTESIAN_POINT('',(-0.0127515959311457,-0.0969946360565484,0.019144122771575));
#11362=CARTESIAN_POINT('',(-0.0107833570633221,-0.113017370828696,0.017376693429823));
#11363=CARTESIAN_POINT('',(-0.0119617116583515,-0.0359369609495517,0.0179654137527106));
#11364=CARTESIAN_POINT('',(-0.0132308117454284,-0.0456161247497568,0.0190660062567996));
#11365=CARTESIAN_POINT('',(-0.0160649723476819,-0.0712445397673565,0.0215238548898487));
#11366=CARTESIAN_POINT('',(-0.0129983096268763,-0.0969946360565483,0.0188643751234721));
#11367=CARTESIAN_POINT('',(-0.0109998515489933,-0.113017370828696,0.017131266755857));
#11368=CARTESIAN_POINT('',(-0.0124063446124128,-0.0359369609495517,0.0174343580224866));
#11369=CARTESIAN_POINT('',(-0.0137127614598476,-0.0456161247497568,0.0184903873911955));
#11370=CARTESIAN_POINT('',(-0.0166302580362194,-0.0712445397673565,0.0208487174095246));
#11371=CARTESIAN_POINT('',(-0.0134734228230973,-0.0969946360565483,0.0182969203290007));
#11372=CARTESIAN_POINT('',(-0.0114162018612329,-0.113017370828696,0.0166339857473484));
#11373=CARTESIAN_POINT('',(-0.0126199943880429,-0.0359369609495517,0.0171651980942074));
#11374=CARTESIAN_POINT('',(-0.013944510004523,-0.0456161247497568,0.0181984840125598));
#11375=CARTESIAN_POINT('',(-0.0169024248415976,-0.0712445397673565,0.0205060232448695));
#11376=CARTESIAN_POINT('',(-0.0137018556307485,-0.0969946360565484,0.0180091836039212));
#11377=CARTESIAN_POINT('',(-0.0116161344492666,-0.113017370828696,0.0163820632441312));
#11378=CARTESIAN_POINT('',(-0.0132353307849009,-0.0359369609495517,0.0163480764071459));
#11379=CARTESIAN_POINT('',(-0.0146117556644436,-0.0456161247497568,0.0173125251716644));
#11380=CARTESIAN_POINT('',(-0.0176855945249755,-0.0712445397673565,0.0194663369309764));
#11381=CARTESIAN_POINT('',(-0.0143595913916804,-0.0969946360565484,0.0171358358913871));
#11382=CARTESIAN_POINT('',(-0.0121921284412547,-0.113017370828696,0.0156171137324473));
#11383=CARTESIAN_POINT('',(-0.0136114044948715,-0.0359369609495517,0.0157904727365367));
#11384=CARTESIAN_POINT('',(-0.0150192528433703,-0.0456161247497568,0.0167082209844353));
#11385=CARTESIAN_POINT('',(-0.0181632667504634,-0.0712445397673565,0.0187577409186527));
#11386=CARTESIAN_POINT('',(-0.0147613317172438,-0.0969946360565484,0.0165400873485568));
#11387=CARTESIAN_POINT('',(-0.0125443860774623,-0.113017370828696,0.015094904720211));
#11388=CARTESIAN_POINT('',(-0.0146453738413466,-0.0359369609495517,0.014086302573285));
#11389=CARTESIAN_POINT('',(-0.0161376329448745,-0.0456161247497568,0.0148647876297224));
#11390=CARTESIAN_POINT('',(-0.0194701533683142,-0.0712445397673565,0.0166033043147851));
#11391=CARTESIAN_POINT('',(-0.0158642475700472,-0.0969946360565484,0.0147221673378117));
#11392=CARTESIAN_POINT('',(-0.0135143799038897,-0.113017370828696,0.0134962831342011));
#11393=CARTESIAN_POINT('',(-0.0152090177190361,-0.0359369609495517,0.0129083769267207));
#11394=CARTESIAN_POINT('',(-0.0167444044735238,-0.0456161247497568,0.0135951376601963));
#11395=CARTESIAN_POINT('',(-0.020173237780764,-0.0712445397673565,0.0151288151327703));
#11396=CARTESIAN_POINT('',(-0.0164631180116834,-0.0969946360565484,0.0134693214798199));
#11397=CARTESIAN_POINT('',(-0.0140453370238593,-0.113017370828696,0.0123878760135695));
#11398=CARTESIAN_POINT('',(-0.0159030783969485,-0.0359369609495517,0.0111054854041002));
#11399=CARTESIAN_POINT('',(-0.0174867022799195,-0.0456161247497568,0.0116671756630803));
#11400=CARTESIAN_POINT('',(-0.0210232589814811,-0.0712445397673565,0.0129215451323452));
#11401=CARTESIAN_POINT('',(-0.0171965786627756,-0.0969946360565484,0.0115642726875681));
#11402=CARTESIAN_POINT('',(-0.0147028384341847,-0.113017370828696,0.010679776305638));
#11403=CARTESIAN_POINT('',(-0.0161091977667856,-0.0359369609495517,0.0104985210479614));
#11404=CARTESIAN_POINT('',(-0.0177061583039741,-0.0456161247497568,0.0110206071446776));
#11405=CARTESIAN_POINT('',(-0.021272498487811,-0.0712445397673565,0.0121865324025548));
#11406=CARTESIAN_POINT('',(-0.0174135913804341,-0.0969946360565483,0.0109249597447686));
#11407=CARTESIAN_POINT('',(-0.0148988498576,-0.113017370828696,0.0101028282297233));
#11408=CARTESIAN_POINT('',(-0.016477778534993,-0.0359369609495517,0.00927589794592013));
#11409=CARTESIAN_POINT('',(-0.0180971300649661,-0.0456161247497568,0.00972355185717409));
#11410=CARTESIAN_POINT('',(-0.0217134739248262,-0.0712445397673565,0.0107232547897008));
#11411=CARTESIAN_POINT('',(-0.0178004610589253,-0.0969946360565483,0.00964154060857005));
#11412=CARTESIAN_POINT('',(-0.0152504603308813,-0.113017370828696,0.00893661781788461));
#11413=CARTESIAN_POINT('',(-0.016640239932999,-0.0359369609495517,0.00866023920218896));
#11414=CARTESIAN_POINT('',(-0.0182686458012368,-0.0456161247497568,0.00907306509256155));
#11415=CARTESIAN_POINT('',(-0.0219052098541699,-0.0712445397673565,0.00999498991629949));
#11416=CARTESIAN_POINT('',(-0.0179703180191468,-0.0969946360565484,0.00899743441923471));
#11417=CARTESIAN_POINT('',(-0.0154060593806122,-0.113017370828696,0.00834735548237595));
#11418=CARTESIAN_POINT('',(-0.0168562442894694,-0.0359369609495517,0.00773313326064532));
#11419=CARTESIAN_POINT('',(-0.0184958671497331,-0.0456161247497568,0.00809819618500952));
#11420=CARTESIAN_POINT('',(-0.0221574810448331,-0.0712445397673565,0.00891345651641452));
#11421=CARTESIAN_POINT('',(-0.0181954843883421,-0.0969946360565484,0.00803131579930645));
#11422=CARTESIAN_POINT('',(-0.015613562297924,-0.113017370828696,0.00745644943725964));
#11423=CARTESIAN_POINT('',(-0.0169236311179611,-0.0359369609495517,0.00742349497049242));
#11424=CARTESIAN_POINT('',(-0.0185665988895185,-0.0456161247497568,0.00777338341153786));
#11425=CARTESIAN_POINT('',(-0.0222356826570922,-0.0712445397673565,0.00855475601161302));
#11426=CARTESIAN_POINT('',(-0.0182656033325174,-0.0969946360565483,0.0077092830268414));
#11427=CARTESIAN_POINT('',(-0.0156784139940209,-0.113017370828696,0.00715831199745971));
#11428=CARTESIAN_POINT('',(-0.0170499978058518,-0.0359369609495517,0.00680268236051361));
#11429=CARTESIAN_POINT('',(-0.0186989870844364,-0.0456161247497568,0.00712301029536118));
#11430=CARTESIAN_POINT('',(-0.022381518111337,-0.0712445397673565,0.00783836822653684));
#11431=CARTESIAN_POINT('',(-0.0183968883731964,-0.0969946360565483,0.00706432546487234));
#11432=CARTESIAN_POINT('',(-0.0158002169383057,-0.113017370828696,0.00655990350833292));
#11433=CARTESIAN_POINT('',(-0.017108989406256,-0.0359369609495517,0.00649151274741624));
#11434=CARTESIAN_POINT('',(-0.018760649479074,-0.0456161247497568,0.00679745233368568));
#11435=CARTESIAN_POINT('',(-0.022449144936889,-0.0712445397673565,0.00748067813352917));
#11436=CARTESIAN_POINT('',(-0.0184580614720536,-0.0969946360565483,0.00674140348247141));
#11437=CARTESIAN_POINT('',(-0.0158571843244974,-0.113017370828696,0.00625963892839863));
#11438=CARTESIAN_POINT('',(-0.0172740132929738,-0.0359369609495517,0.0055549746926419));
#11439=CARTESIAN_POINT('',(-0.0189331466256318,-0.0456161247497568,0.00581798877461335));
#11440=CARTESIAN_POINT('',(-0.0226383314043479,-0.0712445397673565,0.00640535312558293));
#11441=CARTESIAN_POINT('',(-0.0186291894998452,-0.0969946360565483,0.00576980397666866));
#11442=CARTESIAN_POINT('',(-0.0160165441736817,-0.113017370828696,0.0053556344229312));
#11443=CARTESIAN_POINT('',(-0.0173680913725118,-0.0359369609495517,0.00492657573132535));
#11444=CARTESIAN_POINT('',(-0.019031489664662,-0.0456161247497568,0.00516129286356627));
#11445=CARTESIAN_POINT('',(-0.022746198972047,-0.0712445397673565,0.00568546432619957));
#11446=CARTESIAN_POINT('',(-0.018726751188273,-0.0969946360565484,0.00511829213331482));
#11447=CARTESIAN_POINT('',(-0.0161073898096596,-0.113017370828696,0.00474868192390667));
#11448=CARTESIAN_POINT('',(-0.017525035503782,-0.0359369609495517,0.00366294725857163));
#11449=CARTESIAN_POINT('',(-0.0191953580920147,-0.0456161247497568,0.00384219159578033));
#11450=CARTESIAN_POINT('',(-0.0229255307717177,-0.0712445397673565,0.00424248093770607));
#11451=CARTESIAN_POINT('',(-0.0188893510683102,-0.0969946360565484,0.00380935361194922));
#11452=CARTESIAN_POINT('',(-0.0162590859669876,-0.113017370828696,0.00352709668260446));
#11453=CARTESIAN_POINT('',(-0.0175879015562143,-0.0359369609495517,0.00302771774633336));
#11454=CARTESIAN_POINT('',(-0.0192608834817835,-0.0456161247497568,0.00317978623741092));
#11455=CARTESIAN_POINT('',(-0.0229969950068021,-0.0712445397673565,0.00351938634511307));
#11456=CARTESIAN_POINT('',(-0.0189543892612291,-0.0969946360565484,0.00315192693245886));
#11457=CARTESIAN_POINT('',(-0.0163199364884721,-0.113017370828696,0.00291246394015431));
#11458=CARTESIAN_POINT('',(-0.0176835002105958,-0.0359369609495517,0.00175121912639871));
#11459=CARTESIAN_POINT('',(-0.0193604593756296,-0.0456161247497568,0.00185005638097582));
#11460=CARTESIAN_POINT('',(-0.023105452891526,-0.0712445397673565,0.00207078022758949));
#11461=CARTESIAN_POINT('',(-0.0190532365154581,-0.0969946360565484,0.00183194916365305));
#11462=CARTESIAN_POINT('',(-0.0164125207643776,-0.113017370828696,0.00167630965829271));
#11463=CARTESIAN_POINT('',(-0.0177162328124305,-0.0359369609495517,0.00110995001874733));
#11464=CARTESIAN_POINT('',(-0.0193945098794838,-0.0456161247497568,0.00118273188301356));
#11465=CARTESIAN_POINT('',(-0.0231424465407,-0.0712445397673565,0.00134526870289277));
#11466=CARTESIAN_POINT('',(-0.019087045576565,-0.0969946360565484,0.00116939807443032));
#11467=CARTESIAN_POINT('',(-0.0164442545187663,-0.113017370828696,0.00105478811888201));
#11468=CARTESIAN_POINT('',(-0.0177525269692304,-0.0359369609495517,-0.0001777721964459));
#11469=CARTESIAN_POINT('',(-0.01943224069485,-0.0456161247497568,-0.000155913475495788));
#11470=CARTESIAN_POINT('',(-0.0231833857090944,-0.0712445397673565,-0.000107098471570329));
#11471=CARTESIAN_POINT('',(-0.0191245131927055,-0.0969946360565484,-0.000159918044545535));
#11472=CARTESIAN_POINT('',(-0.0164794598216769,-0.113017370828696,-0.000194339078709638));
#11473=CARTESIAN_POINT('',(-0.0177560885241824,-0.0359369609495517,-0.000824225303999179));
#11474=CARTESIAN_POINT('',(-0.0194359210063466,-0.0456161247497568,-0.000827234336055089));
#11475=CARTESIAN_POINT('',(-0.0231873312282945,-0.0712445397673565,-0.000833954121350685));
#11476=CARTESIAN_POINT('',(-0.019128171747724,-0.0969946360565484,-0.000826683074310712));
#11477=CARTESIAN_POINT('',(-0.0164829313701874,-0.113017370828696,-0.000821944736901413));
#11478=CARTESIAN_POINT('',(-0.0177350374755635,-0.0359369609495517,-0.002121476220001));
#11479=CARTESIAN_POINT('',(-0.0194140868052462,-0.0456161247497568,-0.00217298303842115));
#11480=CARTESIAN_POINT('',(-0.0231637480871925,-0.0712445397673565,-0.00228800832050907));
#11481=CARTESIAN_POINT('',(-0.0191064810219988,-0.0969946360565484,-0.00216354686823686));
#11482=CARTESIAN_POINT('',(-0.0164624738784825,-0.113017370828696,-0.00208243883082832));
#11483=CARTESIAN_POINT('',(-0.0177104248720398,-0.0359369609495517,-0.00277227402830089));
#11484=CARTESIAN_POINT('',(-0.0193885722927581,-0.0456161247497568,-0.00284741087991212));
#11485=CARTESIAN_POINT('',(-0.0231362194271363,-0.0712445397673565,-0.00301520686919806));
#11486=CARTESIAN_POINT('',(-0.0190811317413525,-0.0969946360565484,-0.00283364563211265));
#11487=CARTESIAN_POINT('',(-0.0164385448382681,-0.113017370828696,-0.00271532726654148));
#11488=CARTESIAN_POINT('',(-0.017653070863129,-0.0359369609495517,-0.00375123694875515));
#11489=CARTESIAN_POINT('',(-0.0193291790615208,-0.0456161247497568,-0.00386099691885058));
#11490=CARTESIAN_POINT('',(-0.0230722721944963,-0.0712445397673565,-0.00410611342787667));
#11491=CARTESIAN_POINT('',(-0.019022112100438,-0.0969946360565484,-0.00384088863437463));
#11492=CARTESIAN_POINT('',(-0.0163827363706662,-0.113017370828696,-0.00366804907577793));
#11493=CARTESIAN_POINT('',(-0.0176305470093407,-0.0359369609495517,-0.00407801895752523));
#11494=CARTESIAN_POINT('',(-0.0193058610736195,-0.0456161247497568,-0.00419918297920868));
#11495=CARTESIAN_POINT('',(-0.0230471807423592,-0.0712445397673565,-0.00446976707274281));
#11496=CARTESIAN_POINT('',(-0.0189989395997726,-0.0969946360565484,-0.00417698544568035));
#11497=CARTESIAN_POINT('',(-0.01636081439685,-0.113017370828696,-0.00398618787159793));
#11498=CARTESIAN_POINT('',(-0.017591779309545,-0.0359369609495517,-0.00456868652025606));
#11499=CARTESIAN_POINT('',(-0.0192657823618009,-0.0456161247497568,-0.00470662228792123));
#11500=CARTESIAN_POINT('',(-0.0230041742719956,-0.0712445397673565,-0.00501466112767786));
#11501=CARTESIAN_POINT('',(-0.0189591010684376,-0.0969946360565484,-0.00468135213111261));
#11502=CARTESIAN_POINT('',(-0.016323040322522,-0.113017370828696,-0.00446414400708328));
#11503=CARTESIAN_POINT('',(-0.0175780264234795,-0.0359369609495517,-0.00473232479759094));
#11504=CARTESIAN_POINT('',(-0.0192515725036586,-0.0456161247497568,-0.00487579542342115));
#11505=CARTESIAN_POINT('',(-0.0229889439015471,-0.0712445397673565,-0.00519619473585457));
#11506=CARTESIAN_POINT('',(-0.0189449749286537,-0.0969946360565484,-0.00484951126758885));
#11507=CARTESIAN_POINT('',(-0.0163096337788895,-0.113017370828696,-0.00462358737549481));
#11508=CARTESIAN_POINT('',(-0.0175488351042232,-0.0359369609495517,-0.00505995196252192));
#11509=CARTESIAN_POINT('',(-0.0192213876118449,-0.0456161247497568,-0.00521458876068334));
#11510=CARTESIAN_POINT('',(-0.0229565401585758,-0.0712445397673565,-0.00555992442448995));
#11511=CARTESIAN_POINT('',(-0.0189149720616677,-0.0969946360565484,-0.00518625893583757));
#11512=CARTESIAN_POINT('',(-0.0162811954954405,-0.113017370828696,-0.00494275161788013));
#11513=CARTESIAN_POINT('',(-0.0175333990783576,-0.0359369609495517,-0.0052239430937772));
#11514=CARTESIAN_POINT('',(-0.0192054137959846,-0.0456161247497568,-0.00538421009746143));
#11515=CARTESIAN_POINT('',(-0.0229393653474348,-0.0712445397673565,-0.0057421191641366));
#11516=CARTESIAN_POINT('',(-0.0188990967701983,-0.0969946360565483,-0.00535484880573194));
#11517=CARTESIAN_POINT('',(-0.0162661670644908,-0.113017370828696,-0.00510247557576191));
#11518=CARTESIAN_POINT('',(-0.0174517858029483,-0.0359369609495517,-0.00604509335268161));
#11519=CARTESIAN_POINT('',(-0.0191208908500132,-0.0456161247497568,-0.00623434458984211));
#11520=CARTESIAN_POINT('',(-0.022848344510748,-0.0712445397673565,-0.00665698139031969));
#11521=CARTESIAN_POINT('',(-0.0188151068827121,-0.0969946360565483,-0.00619967331842192));
#11522=CARTESIAN_POINT('',(-0.0161867590493865,-0.113017370828696,-0.00590165847506637));
#11523=CARTESIAN_POINT('',(-0.0173723056292381,-0.0359369609495517,-0.00670583307435009));
#11524=CARTESIAN_POINT('',(-0.0190383783585837,-0.0456161247497568,-0.00692093960132985));
#11525=CARTESIAN_POINT('',(-0.0227590602323643,-0.0712445397673565,-0.00740131656313262));
#11526=CARTESIAN_POINT('',(-0.0187331499190152,-0.0969946360565483,-0.00688153158005048));
#11527=CARTESIAN_POINT('',(-0.0161095770911461,-0.113017370828696,-0.00654280228609999));
#11528=CARTESIAN_POINT('',(-0.017178465081645,-0.0359369609495517,-0.00802813412814184));
#11529=CARTESIAN_POINT('',(-0.0188361871267813,-0.0456161247497568,-0.00830031324537273));
#11530=CARTESIAN_POINT('',(-0.0225382202112119,-0.0712445397673565,-0.00890814499849212));
#11531=CARTESIAN_POINT('',(-0.0185324885521855,-0.0969946360565484,-0.00825044939142913));
#11532=CARTESIAN_POINT('',(-0.0159220655873444,-0.113017370828696,-0.00782184761210535));
#11533=CARTESIAN_POINT('',(-0.0170641047085362,-0.0359369609495517,-0.0086896954588097));
#11534=CARTESIAN_POINT('',(-0.0187165083879148,-0.0456161247497568,-0.00899309187484866));
#11535=CARTESIAN_POINT('',(-0.0224066644715851,-0.0712445397673565,-0.00967063825433323));
#11536=CARTESIAN_POINT('',(-0.0184137841504249,-0.0969946360565484,-0.00893750893839748));
#11537=CARTESIAN_POINT('',(-0.0158117360420021,-0.113017370828696,-0.00845974912685234));
#11538=CARTESIAN_POINT('',(-0.0167937930449459,-0.0359369609495517,-0.0100072945074181));
#11539=CARTESIAN_POINT('',(-0.0184321771071187,-0.0456161247497568,-0.0103790092264633));
#11540=CARTESIAN_POINT('',(-0.0220910245121844,-0.0712445397673565,-0.0112091243787064));
#11541=CARTESIAN_POINT('',(-0.0181320212964493,-0.0969946360565484,-0.0103109102163418));
#11542=CARTESIAN_POINT('',(-0.0155520499474083,-0.113017370828696,-0.00972556924086778));
#11543=CARTESIAN_POINT('',(-0.01663784175601,-0.0359369609495517,-0.0106633322266244));
#11544=CARTESIAN_POINT('',(-0.0182675245682768,-0.0456161247497568,-0.0110721479510993));
#11545=CARTESIAN_POINT('',(-0.021906940298942,-0.0712445397673565,-0.0119851172524859));
#11546=CARTESIAN_POINT('',(-0.0179689628470396,-0.0969946360565484,-0.0109972519495894));
#11547=CARTESIAN_POINT('',(-0.0154026933985337,-0.113017370828696,-0.0103534878404686));
#11548=CARTESIAN_POINT('',(-0.016277268301816,-0.0359369609495517,-0.0119632394008336));
#11549=CARTESIAN_POINT('',(-0.0178846814536867,-0.0456161247497568,-0.0124523483516923));
#11550=CARTESIAN_POINT('',(-0.0214743644684194,-0.0712445397673565,-0.0135446288840544));
#11551=CARTESIAN_POINT('',(-0.0175901995865715,-0.0969946360565484,-0.0123627424424063));
#11552=CARTESIAN_POINT('',(-0.0150589982805736,-0.113017370828696,-0.0115925401992879));
#11553=CARTESIAN_POINT('',(-0.0160726461382827,-0.0359369609495517,-0.0126071088574906));
#11554=CARTESIAN_POINT('',(-0.0176664908813929,-0.0456161247497568,-0.0131394100309427));
#11555=CARTESIAN_POINT('',(-0.0212258728584569,-0.0712445397673565,-0.0143281476487975));
#11556=CARTESIAN_POINT('',(-0.0173744947786508,-0.0969946360565484,-0.0130418912049686));
#11557=CARTESIAN_POINT('',(-0.0148646597119017,-0.113017370828696,-0.0122036739589183));
#11558=CARTESIAN_POINT('',(-0.0156072894196415,-0.0359369609495517,-0.0138756876486108));
#11559=CARTESIAN_POINT('',(-0.017167266538647,-0.0456161247497568,-0.0145003076766614));
#11560=CARTESIAN_POINT('',(-0.0206510151697621,-0.0712445397673565,-0.015895212218002));
#11561=CARTESIAN_POINT('',(-0.0168814750642354,-0.0969946360565484,-0.0143858758195599));
#11562=CARTESIAN_POINT('',(-0.0144249715098391,-0.113017370828696,-0.0134022836242901));
#11563=CARTESIAN_POINT('',(-0.0153465548653147,-0.0359369609495517,-0.0145003969878443));
#11564=CARTESIAN_POINT('',(-0.0168862327697155,-0.0456161247497568,-0.0151741436528089));
#11565=CARTESIAN_POINT('',(-0.0203246490942024,-0.0712445397673565,-0.0166787580431053));
#11566=CARTESIAN_POINT('',(-0.0166041601591261,-0.0969946360565484,-0.0150507116803689));
#11567=CARTESIAN_POINT('',(-0.0141796218766689,-0.113017370828696,-0.0139897595310814));
#11568=CARTESIAN_POINT('',(-0.0147613942784309,-0.0359369609495517,-0.0157227191707021));
#11569=CARTESIAN_POINT('',(-0.016251734963513,-0.0456161247497568,-0.0164995056330041));
#11570=CARTESIAN_POINT('',(-0.0195799711653746,-0.0712445397673565,-0.0182342290092281));
#11571=CARTESIAN_POINT('',(-0.0159787010474536,-0.0969946360565484,-0.016357196527531));
#11572=CARTESIAN_POINT('',(-0.0136318543241506,-0.113017370828696,-0.0151339871083644));
#11573=CARTESIAN_POINT('',(-0.014436968245918,-0.0359369609495517,-0.0163203320174404));
#11574=CARTESIAN_POINT('',(-0.0158982709262526,-0.0456161247497568,-0.0171510316433367));
#11575=CARTESIAN_POINT('',(-0.0191616593120423,-0.0712445397673565,-0.0190061541636137));
#11576=CARTESIAN_POINT('',(-0.0156305568409071,-0.0969946360565484,-0.016998845519588));
#11577=CARTESIAN_POINT('',(-0.0133294364048721,-0.113017370828696,-0.0156907387795669));
#11578=CARTESIAN_POINT('',(-0.0138968844956784,-0.0359369609495517,-0.0171900473213834));
#11579=CARTESIAN_POINT('',(-0.0153065787320265,-0.0456161247497568,-0.0181038951984037));
#11580=CARTESIAN_POINT('',(-0.0184547148850104,-0.0712445397673565,-0.0201447048050513));
#11581=CARTESIAN_POINT('',(-0.0150483194349079,-0.0969946360565484,-0.0179364761196367));
#11582=CARTESIAN_POINT('',(-0.0128284670665546,-0.113017370828696,-0.0164974354242777));
#11583=CARTESIAN_POINT('',(-0.0137079625683089,-0.0359369609495517,-0.0174755232335289));
#11584=CARTESIAN_POINT('',(-0.0150991054525132,-0.0456161247497568,-0.0184174563281333));
#11585=CARTESIAN_POINT('',(-0.018205812633976,-0.0712445397673565,-0.0205209859818388));
#11586=CARTESIAN_POINT('',(-0.0148442448067062,-0.0969946360565484,-0.0182448919714999));
#11587=CARTESIAN_POINT('',(-0.0126536053427764,-0.113017370828696,-0.016761625347452));
#11588=CARTESIAN_POINT('',(-0.0133106218643428,-0.0359369609495517,-0.0180367115292156));
#11589=CARTESIAN_POINT('',(-0.0146611873243595,-0.0456161247497568,-0.0190359364303022));
#11590=CARTESIAN_POINT('',(-0.0176772768010847,-0.0712445397673565,-0.0212674104300976));
#11591=CARTESIAN_POINT('',(-0.0144137605580275,-0.0969946360565484,-0.0188528760800758));
#11592=CARTESIAN_POINT('',(-0.0122870185612661,-0.113017370828696,-0.0172793917697896));
#11593=CARTESIAN_POINT('',(-0.0131021993161763,-0.0359369609495517,-0.0183124179042993));
#11594=CARTESIAN_POINT('',(-0.0144307405583731,-0.0456161247497568,-0.0193408523810198));
#11595=CARTESIAN_POINT('',(-0.0173976454427432,-0.0712445397673565,-0.0216375573498405));
#11596=CARTESIAN_POINT('',(-0.0141873486805063,-0.0969946360565484,-0.0191524407678898));
#11597=CARTESIAN_POINT('',(-0.0120952883266345,-0.113017370828696,-0.0175329599968269));
#11598=CARTESIAN_POINT('',(-0.012445933254071,-0.0359369609495517,-0.0191218293630395));
#11599=CARTESIAN_POINT('',(-0.0137029479770867,-0.0456161247497568,-0.0202384798771405));
#11600=CARTESIAN_POINT('',(-0.0165101194844415,-0.0712445397673565,-0.0227321893377082));
#11601=CARTESIAN_POINT('',(-0.0134726599256333,-0.0969946360565484,-0.0200339068786399));
#11602=CARTESIAN_POINT('',(-0.0114932327293003,-0.113017370828696,-0.0182755118845798));
#11603=CARTESIAN_POINT('',(-0.0119670913166114,-0.0359369609495517,-0.019637826781748));
#11604=CARTESIAN_POINT('',(-0.0131691498652716,-0.0456161247497568,-0.0208140710685286));
#11605=CARTESIAN_POINT('',(-0.0158535929717738,-0.0712445397673565,-0.0234408656375035));
#11606=CARTESIAN_POINT('',(-0.0129489299141164,-0.0969946360565484,-0.0205985803508176));
#11607=CARTESIAN_POINT('',(-0.0110560424727552,-0.113017370828696,-0.0187463427531554));
#11608=CARTESIAN_POINT('',(-0.0109187823312513,-0.0359369609495517,-0.0206063694298081));
#11609=CARTESIAN_POINT('',(-0.0119964582590893,-0.0456161247497568,-0.0218974860263154));
#11610=CARTESIAN_POINT('',(-0.0144031294805137,-0.0712445397673565,-0.0247808140065103));
#11611=CARTESIAN_POINT('',(-0.0117990254963889,-0.0969946360565484,-0.0216609504314931));
#11612=CARTESIAN_POINT('',(-0.0101020039728239,-0.113017370828696,-0.0196278228491589));
#11613=CARTESIAN_POINT('',(-0.0103493152644078,-0.0359369609495517,-0.0210589146619205));
#11614=CARTESIAN_POINT('',(-0.0113575647257883,-0.0456161247497568,-0.022405309798222));
#11615=CARTESIAN_POINT('',(-0.0136091924183445,-0.0712445397673565,-0.0254120860873644));
#11616=CARTESIAN_POINT('',(-0.0111728510549068,-0.0969946360565484,-0.0221586470449955));
#11617=CARTESIAN_POINT('',(-0.0095851557256457,-0.113017370828696,-0.0200384720772658));
#11618=CARTESIAN_POINT('',(-0.00911551954623313,-0.0359369609495517,-0.0218838238239064));
#11619=CARTESIAN_POINT('',(-0.00997442916399402,-0.0456161247497568,-0.0233300575528153));
#11620=CARTESIAN_POINT('',(-0.0118925503778703,-0.0712445397673565,-0.0265597938816219));
#11621=CARTESIAN_POINT('',(-0.00981707490343753,-0.0969946360565484,-0.0230651041347856));
#11622=CARTESIAN_POINT('',(-0.00846454575206131,-0.113017370828696,-0.0207877128498304));
#11623=CARTESIAN_POINT('',(-0.00845119088178728,-0.0359369609495517,-0.0222561877426477));
#11624=CARTESIAN_POINT('',(-0.00923018710851127,-0.0456161247497568,-0.0237469815125387));
#11625=CARTESIAN_POINT('',(-0.0109698453415908,-0.0712445397673565,-0.0270762295456406));
#11626=CARTESIAN_POINT('',(-0.00908747316900271,-0.0969946360565484,-0.0234738645902775));
#11627=CARTESIAN_POINT('',(-0.00786078402305629,-0.113017370828696,-0.0211263043921228));
#11628=CARTESIAN_POINT('',(-0.00702626916768556,-0.0359369609495517,-0.0229064483803507));
#11629=CARTESIAN_POINT('',(-0.00764190852372143,-0.0456161247497568,-0.0244718042457168));
#11630=CARTESIAN_POINT('',(-0.00901675738382385,-0.0712445397673565,-0.0279675647198535));
#11631=CARTESIAN_POINT('',(-0.00752912194683917,-0.0969946360565484,-0.024185027372331));
#11632=CARTESIAN_POINT('',(-0.00655967165945771,-0.113017370828696,-0.0217200538798875));
#11633=CARTESIAN_POINT('',(-0.00626567611736631,-0.0359369609495517,-0.0231843450849007));
#11634=CARTESIAN_POINT('',(-0.00679787199294144,-0.0456161247497568,-0.0247797029894873));
#11635=CARTESIAN_POINT('',(-0.00798637445905578,-0.0712445397673565,-0.0283424641662573));
#11636=CARTESIAN_POINT('',(-0.00670037245778586,-0.0969946360565484,-0.0244874296720065));
#11637=CARTESIAN_POINT('',(-0.00586232102481432,-0.113017370828696,-0.0219752118225231));
#11638=CARTESIAN_POINT('',(-0.00464699594658113,-0.0359369609495517,-0.0236350900582312));
#11639=CARTESIAN_POINT('',(-0.00501591329033491,-0.0456161247497568,-0.0252759419686524));
#11640=CARTESIAN_POINT('',(-0.00583978133021758,-0.0712445397673565,-0.0289403005846535));
#11641=CARTESIAN_POINT('',(-0.00494832676594114,-0.0969946360565484,-0.024975334042384));
#11642=CARTESIAN_POINT('',(-0.00436739083094014,-0.113017370828696,-0.0223914765607068));
#11643=CARTESIAN_POINT('',(-0.00378890883285692,-0.0359369609495517,-0.0238079383189839));
#11644=CARTESIAN_POINT('',(-0.0040779911322109,-0.0456161247497568,-0.0254642821874457));
#11645=CARTESIAN_POINT('',(-0.00472357115539487,-0.0712445397673565,-0.0291632375208983));
#11646=CARTESIAN_POINT('',(-0.00402503057557701,-0.0969946360565484,-0.0251608360980556));
#11647=CARTESIAN_POINT('',(-0.00356981127317542,-0.113017370828696,-0.0225525833547251));
#11648=CARTESIAN_POINT('',(-0.00222355669301032,-0.0359369609495517,-0.0240084913229273));
#11649=CARTESIAN_POINT('',(-0.00238230797337155,-0.0456161247497568,-0.025681551279188));
#11650=CARTESIAN_POINT('',(-0.00273683211921211,-0.0712445397673565,-0.0294178370627337));
#11651=CARTESIAN_POINT('',(-0.00235322436571705,-0.0969946360565484,-0.0253750427632276));
#11652=CARTESIAN_POINT('',(-0.00210323795263366,-0.113017370828696,-0.0227404671151612));
#11653=CARTESIAN_POINT('',(-0.00154040095056727,-0.0359369609495517,-0.0240631454655952));
#11654=CARTESIAN_POINT('',(-0.00164665714904859,-0.0456161247497568,-0.0257401938765842));
#11655=CARTESIAN_POINT('',(-0.00188394901794651,-0.0712445397673565,-0.0294853866969901));
#11656=CARTESIAN_POINT('',(-0.0016271907637668,-0.0969946360565484,-0.025432954666344));
#11657=CARTESIAN_POINT('',(-0.00145986861136727,-0.113017370828696,-0.0227920983792238));
#11658=CARTESIAN_POINT('',(-0.000829686729241016,-0.0359369609495517,-0.0240869764867865));
#11659=CARTESIAN_POINT('',(-0.00088599446511133,-0.0456161247497568,-0.0257656969496855));
#11660=CARTESIAN_POINT('',(-0.00101174117983523,-0.0712445397673565,-0.0295146238047009));
#11661=CARTESIAN_POINT('',(-0.000875678755567197,-0.0969946360565484,-0.0254581514156057));
#11662=CARTESIAN_POINT('',(-0.000787010690106328,-0.113017370828696,-0.0228146621402129));
#11663=CARTESIAN_POINT('',(-0.0104367865069738,-0.0453610327493152,-0.0228314359759623));
#11664=CARTESIAN_POINT('',(-0.011196608834646,-0.0481936543159538,-0.0228314359759623));
#11665=CARTESIAN_POINT('',(-0.0124283518342464,-0.0539210824634766,-0.0228314359759623));
#11666=CARTESIAN_POINT('',(-0.0135142352718394,-0.0625643823623622,-0.0228314359759623));
#11667=CARTESIAN_POINT('',(-0.0137198587555476,-0.0713098849402788,-0.0228314359759623));
#11668=CARTESIAN_POINT('',(-0.0131126135350297,-0.080109868874714,-0.0228314359759623));
#11669=CARTESIAN_POINT('',(-0.0120567193841218,-0.0872995104562837,-0.0228314359759623));
#11670=CARTESIAN_POINT('',(-0.0108936426219815,-0.0929960065208165,-0.0228314359759623));
#11671=CARTESIAN_POINT('',(-0.00984837450705172,-0.0972353078688514,-0.0228314359759622));
#11672=CARTESIAN_POINT('',(-0.00860154798412249,-0.101428794335234,-0.0228314359759624));
#11673=CARTESIAN_POINT('',(-0.00732297304339244,-0.104897355516586,-0.0228314359759623));
#11674=CARTESIAN_POINT('',(-0.00608398820166324,-0.107560464024478,-0.0228314359759623));
#11675=CARTESIAN_POINT('',(-0.00500231252390822,-0.109466594222465,-0.0228314359759623));
#11676=CARTESIAN_POINT('',(-0.00367493296662412,-0.111249126428797,-0.0228314359759623));
#11677=CARTESIAN_POINT('',(-0.002488668861571,-0.112230118539238,-0.0228314359759623));
#11678=CARTESIAN_POINT('',(-0.00181981692891878,-0.112559196261955,-0.0228314359759623));
#11679=CARTESIAN_POINT('',(-0.0104367865069738,-0.0453610327493152,-0.0228314359759623));
#11680=CARTESIAN_POINT('',(-0.00181981692891874,-0.112559196261955,-0.0228314359759623));
#11681=CARTESIAN_POINT('',(-0.00181981692891861,-0.112559196261961,-0.0228314359759613));
#11682=CARTESIAN_POINT('',(-0.00310639171421972,-0.112559196958959,-0.022726697301559));
#11683=CARTESIAN_POINT('',(-0.00567751882780291,-0.112559251325492,-0.0222704186197101));
#11684=CARTESIAN_POINT('',(-0.00859872397127244,-0.112559197578967,-0.0209118647318591));
#11685=CARTESIAN_POINT('',(-0.0106501708568092,-0.112559207375459,-0.0192903114098074));
#11686=CARTESIAN_POINT('',(-0.0123972887088851,-0.1125592031706,-0.0174213645738537));
#11687=CARTESIAN_POINT('',(-0.0141032901209916,-0.112559204824154,-0.0146326918011555));
#11688=CARTESIAN_POINT('',(-0.0153979809383634,-0.112559204615363,-0.0110077297450528));
#11689=CARTESIAN_POINT('',(-0.0161546302106602,-0.112559204253013,-0.00719576313169282));
#11690=CARTESIAN_POINT('',(-0.0165251194075443,-0.112559205417524,-0.00338323762021009));
#11691=CARTESIAN_POINT('',(-0.0165981439371549,-0.112559203527732,0.000470273507258355));
#11692=CARTESIAN_POINT('',(-0.0163000827423813,-0.112559208191528,0.00433242991316359));
#11693=CARTESIAN_POINT('',(-0.0156234706916487,-0.112559237827327,0.00809189280713569));
#11694=CARTESIAN_POINT('',(-0.0144658305071043,-0.112559266583438,0.0118037666327034));
#11695=CARTESIAN_POINT('',(-0.0126913479833541,-0.112559165745285,0.015232906804904));
#11696=CARTESIAN_POINT('',(-0.0102247911384507,-0.112559145545286,0.0182616528820816));
#11697=CARTESIAN_POINT('',(-0.00721875028853525,-0.112559201144077,0.0207220415811686));
#11698=CARTESIAN_POINT('',(-0.00372448156343524,-0.112559196937695,0.0224717165648641));
#11699=CARTESIAN_POINT('',(-0.00050612299033425,-0.112559211314905,0.0230323949323248));
#11700=CARTESIAN_POINT('',(0.00209542584564706,-0.112559198676671,0.0227541794655411));
#11701=CARTESIAN_POINT('',(0.00455266616667417,-0.11255920448826,0.0220775073394661));
#11702=CARTESIAN_POINT('',(0.00745610487910416,-0.112559236204662,0.0205630965260353));
#11703=CARTESIAN_POINT('',(0.00989872240472135,-0.112559083601691,0.0185038239040639));
#11704=CARTESIAN_POINT('',(0.0116169354167632,-0.112559306294357,0.0165529269385277));
#11705=CARTESIAN_POINT('',(0.0130961657686305,-0.112559109027084,0.0144741036016353));
#11706=CARTESIAN_POINT('',(0.0145579404024672,-0.112559266361918,0.011573325734134));
#11707=CARTESIAN_POINT('',(0.0156634920220153,-0.112559213396575,0.00790729015490099));
#11708=CARTESIAN_POINT('',(0.0163199593247009,-0.112559203070606,0.0041706007292314));
#11709=CARTESIAN_POINT('',(0.016600592942777,-0.112559203492716,0.0003388473225067));
#11710=CARTESIAN_POINT('',(0.0165176785596003,-0.112559209522622,-0.00350394998395428));
#11711=CARTESIAN_POINT('',(0.0161389456814803,-0.112559200517379,-0.00729417471323826));
#11712=CARTESIAN_POINT('',(0.015384420142797,-0.112559205360761,-0.0110593367382891));
#11713=CARTESIAN_POINT('',(0.0140691952269919,-0.112559204300096,-0.0147020201668318));
#11714=CARTESIAN_POINT('',(0.0120311432101897,-0.11255920805041,-0.0180142672237813));
#11715=CARTESIAN_POINT('',(0.00916120125216259,-0.112559193867678,-0.020656480338584));
#11716=CARTESIAN_POINT('',(0.00561527173252453,-0.112559245444675,-0.0222888358075048));
#11717=CARTESIAN_POINT('',(0.00308971573147378,-0.112559196949987,-0.0227280548761479));
#11718=CARTESIAN_POINT('',(0.00181981692028959,-0.112559196261724,-0.0228314359759614));
#11719=CARTESIAN_POINT('',(0.00181981692028972,-0.112559196261718,-0.0228314359759623));
#11720=CARTESIAN_POINT('',(0.00181981692028978,-0.112559196261718,-0.0228314359759623));
#11721=CARTESIAN_POINT('',(0.00248920120944653,-0.112229856622199,-0.0228314359759623));
#11722=CARTESIAN_POINT('',(0.00365244867187819,-0.111270001744283,-0.0228314359759623));
#11723=CARTESIAN_POINT('',(0.00498833530394238,-0.109490250452848,-0.0228314359759623));
#11724=CARTESIAN_POINT('',(0.00607662345271107,-0.107575763830057,-0.0228314359759624));
#11725=CARTESIAN_POINT('',(0.00732737747267573,-0.104887667996025,-0.0228314359759618));
#11726=CARTESIAN_POINT('',(0.00859185015069915,-0.101455413313869,-0.0228314359759625));
#11727=CARTESIAN_POINT('',(0.00984334746174088,-0.0972556182013437,-0.0228314359759622));
#11728=CARTESIAN_POINT('',(0.010892727442145,-0.09300109559066,-0.0228314359759623));
#11729=CARTESIAN_POINT('',(0.0120653644470816,-0.0872579874553612,-0.0228314359759623));
#11730=CARTESIAN_POINT('',(0.0131233878315618,-0.0800033412986227,-0.0228314359759623));
#11731=CARTESIAN_POINT('',(0.0137153674596238,-0.0713280834339839,-0.0228314359759623));
#11732=CARTESIAN_POINT('',(0.0135202592182863,-0.0626480925494336,-0.0228314359759623));
#11733=CARTESIAN_POINT('',(0.0124386722407421,-0.0539678613473795,-0.0228314359759623));
#11734=CARTESIAN_POINT('',(0.0111964068136887,-0.0481929011787034,-0.0228314359759623));
#11735=CARTESIAN_POINT('',(0.0104367865076345,-0.0453610327521905,-0.0228314359759623));
#11736=CARTESIAN_POINT('',(0.0104367865076345,-0.0453610327521905,-0.0228314359759623));
#11737=CARTESIAN_POINT('',(0.0104367865076345,-0.0453610327521905,-0.0228314359759623));
#11738=CARTESIAN_POINT('',(0.0112377959949739,-0.0447010596328292,-0.0221931247517365));
#11739=CARTESIAN_POINT('',(0.0126559069554208,-0.0432972032964085,-0.0207738374994114));
#11740=CARTESIAN_POINT('',(0.0143150759729675,-0.0412492681739765,-0.0183119717570227));
#11741=CARTESIAN_POINT('',(0.0156379649956765,-0.0394353345332451,-0.0154696647526042));
#11742=CARTESIAN_POINT('',(0.0166290918162742,-0.0380094295144192,-0.012256503161643));
#11743=CARTESIAN_POINT('',(0.0172908324336213,-0.0370885051175364,-0.0088568941635716));
#11744=CARTESIAN_POINT('',(0.0178185540315111,-0.0364109720273587,-0.00404404433067724));
#11745=CARTESIAN_POINT('',(0.0179114400356481,-0.0362864367480263,0.000740559065352533));
#11746=CARTESIAN_POINT('',(0.0174856534254334,-0.0368619152642008,0.00556860401024739));
#11747=CARTESIAN_POINT('',(0.0169022446288315,-0.0376325997467964,0.00904504320637548));
#11748=CARTESIAN_POINT('',(0.0160387618421269,-0.0388374303175398,0.0123391491483515));
#11749=CARTESIAN_POINT('',(0.0148272909788336,-0.0404618964672277,0.0154084618894468));
#11750=CARTESIAN_POINT('',(0.0132944107019472,-0.0422827352108812,0.0181340350391427));
#11751=CARTESIAN_POINT('',(0.0113432342549695,-0.0441415441860322,0.0206333943995202));
#11752=CARTESIAN_POINT('',(0.00903915582163215,-0.0458832685748123,0.0228017277970915));
#11753=CARTESIAN_POINT('',(0.00719266662895659,-0.046958545297066,0.0240247107753884));
#11754=CARTESIAN_POINT('',(0.00619997929901054,-0.0474287968574409,0.0245385650379566));
#11755=CARTESIAN_POINT('',(0.00619997929901056,-0.047428796857441,0.0245385650379566));
#11756=CARTESIAN_POINT('',(0.00619997929901052,-0.047428796857441,0.0245385650379566));
#11757=CARTESIAN_POINT('',(0.00619997929901052,-0.0500998797257417,0.0249428036161014));
#11758=CARTESIAN_POINT('',(0.00619997929901054,-0.0527802016798009,0.0252959180811478));
#11759=CARTESIAN_POINT('',(0.00619997929901054,-0.0554681212729565,0.0255790362165013));
#11760=CARTESIAN_POINT('',(0.00619997929901053,-0.0554681212729565,0.0255790362165013));
#11761=CARTESIAN_POINT('',(0.00619997929901053,-0.0554681212729565,0.0255790362165013));
#11762=CARTESIAN_POINT('',(0.00521181802866579,-0.0554681212729565,0.0259927058809829));
#11763=CARTESIAN_POINT('',(0.0032005346417249,-0.0554681212729565,0.0266357731001671));
#11764=CARTESIAN_POINT('',(-0.00107327399725504,-0.0554681212729566,0.0271095736266058));
#11765=CARTESIAN_POINT('',(-0.00422292398156206,-0.0554681212729565,0.026406688019906));
#11766=CARTESIAN_POINT('',(-0.00620002070098946,-0.0554681212729565,0.0255790188858866));
#11767=CARTESIAN_POINT('',(-0.00620002070098947,-0.0554681212729565,0.0255790188858865));
#11768=CARTESIAN_POINT('',(-0.00620002070098947,-0.0554681212729565,0.0255790188858866));
#11769=CARTESIAN_POINT('',(-0.00620002070098947,-0.0527789703214856,0.0252957707600639));
#11770=CARTESIAN_POINT('',(-0.00620002070098947,-0.0501000920379438,0.024942818006494));
#11771=CARTESIAN_POINT('',(-0.00620002070098947,-0.0474287772438619,0.0245385436078655));
#11772=CARTESIAN_POINT('',(-0.00620002070097756,-0.0474287772438611,0.0245385436078707));
#11773=CARTESIAN_POINT('',(-0.00620002070097755,-0.0474287772438611,0.0245385436078707));
#11774=CARTESIAN_POINT('',(-0.00720051832618885,-0.0469548229781132,0.0240206427015552));
#11775=CARTESIAN_POINT('',(-0.00901814417031644,-0.0458966885251145,0.0228176419144754));
#11776=CARTESIAN_POINT('',(-0.0113497354630281,-0.0441367219041953,0.0206274357868065));
#11777=CARTESIAN_POINT('',(-0.013279803748248,-0.0422967152736749,0.0181524782807308));
#11778=CARTESIAN_POINT('',(-0.0148110639485978,-0.0404828824481302,0.0154429150449324));
#11779=CARTESIAN_POINT('',(-0.0160257342047702,-0.0388554981894584,0.0123775697672345));
#11780=CARTESIAN_POINT('',(-0.0168897966549405,-0.037649560457822,0.00910417604597504));
#11781=CARTESIAN_POINT('',(-0.0174811849563103,-0.0368678261894043,0.00560812480571696));
#11782=CARTESIAN_POINT('',(-0.0179115638812148,-0.0362862117467193,0.000763417305850994));
#11783=CARTESIAN_POINT('',(-0.0178171548102328,-0.036413566660639,-0.00400910304420184));
#11784=CARTESIAN_POINT('',(-0.0173062877086784,-0.0370675935575264,-0.00875770948072233));
#11785=CARTESIAN_POINT('',(-0.0166356863766457,-0.0379998717079522,-0.0122308993995294));
#11786=CARTESIAN_POINT('',(-0.0156633641595265,-0.0393992003233746,-0.0154008569195136));
#11787=CARTESIAN_POINT('',(-0.0143285133082432,-0.0412325650053576,-0.0182936584096764));
#11788=CARTESIAN_POINT('',(-0.0126574432791437,-0.0432958635649494,-0.0207722366164418));
#11789=CARTESIAN_POINT('',(-0.0112395164571775,-0.0446996421102446,-0.0221917537452742));
#11790=CARTESIAN_POINT('',(-0.0104367865069738,-0.0453610327493152,-0.0228314359759623));
#11791=CARTESIAN_POINT('',(-0.0119889228911533,-0.029669272453331,-0.0359155849888739));
#11792=CARTESIAN_POINT('',(-0.00507248841394015,-0.0324641033599349,-0.0238802717303401));
#11793=CARTESIAN_POINT('',(-0.0099703714909561,-0.0457316312302674,-0.0231871941885286));
#11794=CARTESIAN_POINT('',(-0.0131315506018725,-0.0292075531597873,-0.0347936604077043));
#11795=CARTESIAN_POINT('',(-0.00589647619143969,-0.032435394302447,-0.0236883605332787));
#11796=CARTESIAN_POINT('',(-0.0108080765711609,-0.0450900752370818,-0.0225758700127908));
#11797=CARTESIAN_POINT('',(-0.0147003517087206,-0.0284589379768039,-0.0328721880734271));
#11798=CARTESIAN_POINT('',(-0.00726209113390059,-0.0322820802130238,-0.0231891627783023));
#11799=CARTESIAN_POINT('',(-0.0119259719582767,-0.0440469504359679,-0.0215482809637948));
#11800=CARTESIAN_POINT('',(-0.0165111131599073,-0.0274248389105842,-0.0298596734844566));
#11801=CARTESIAN_POINT('',(-0.00916521939502268,-0.0318415727104506,-0.0219257680468836));
#11802=CARTESIAN_POINT('',(-0.0132144299240885,-0.0425989266889338,-0.019933768867645));
#11803=CARTESIAN_POINT('',(-0.0177001505023864,-0.0266701426477185,-0.0274409290295385));
#11804=CARTESIAN_POINT('',(-0.0105170711313915,-0.0314341351462022,-0.0207216405694729));
#11805=CARTESIAN_POINT('',(-0.0140718924275816,-0.0415387680219779,-0.0186189168674808));
#11806=CARTESIAN_POINT('',(-0.0187420330750122,-0.0259464648496397,-0.0248532749932539));
#11807=CARTESIAN_POINT('',(-0.0117836171385859,-0.0309711353921987,-0.0192454891984363));
#11808=CARTESIAN_POINT('',(-0.0148487910986288,-0.0405190426935969,-0.017168702092972));
#11809=CARTESIAN_POINT('',(-0.0199440112943042,-0.0250422511971215,-0.0211647921617248));
#11810=CARTESIAN_POINT('',(-0.0133114550693202,-0.0303228695844062,-0.0169403412559836));
#11811=CARTESIAN_POINT('',(-0.015773362460802,-0.0392411618101943,-0.0150410508103387));
#11812=CARTESIAN_POINT('',(-0.0210535054030422,-0.0241118687399937,-0.0163219356421492));
#11813=CARTESIAN_POINT('',(-0.0148220341938091,-0.029554668939551,-0.0135524532039396));
#11814=CARTESIAN_POINT('',(-0.0166898361173046,-0.0379206066122649,-0.0120954999357883));
#11815=CARTESIAN_POINT('',(-0.0217276987620766,-0.0234948207869381,-0.0111188163978362));
#11816=CARTESIAN_POINT('',(-0.0157865827723419,-0.0289895659151213,-0.00947963593977128));
#11817=CARTESIAN_POINT('',(-0.0173272718055754,-0.0370413409780882,-0.00857976184645311));
#11818=CARTESIAN_POINT('',(-0.0220363258349583,-0.0232039284632694,-0.0069237022427775));
#11819=CARTESIAN_POINT('',(-0.0162334854781153,-0.0287148829591768,-0.00598721877842697));
#11820=CARTESIAN_POINT('',(-0.0176495472260735,-0.036626235962238,-0.00546411143680564));
#11821=CARTESIAN_POINT('',(-0.0222216343623238,-0.0230262896263645,-0.00271532658898515));
#11822=CARTESIAN_POINT('',(-0.0165037617853672,-0.0285444112372004,-0.00239207423365864));
#11823=CARTESIAN_POINT('',(-0.0178519083149789,-0.0363725835951417,-0.00220229559592394));
#11824=CARTESIAN_POINT('',(-0.0222199486764696,-0.0230278949427401,0.00257894791910854));
#11825=CARTESIAN_POINT('',(-0.0165005166013122,-0.0285467467494805,0.00205185688421219));
#11826=CARTESIAN_POINT('',(-0.0178448774270611,-0.036374828537971,0.00174120594962336));
#11827=CARTESIAN_POINT('',(-0.0218578712923056,-0.023375072147124,0.00789888434659174));
#11828=CARTESIAN_POINT('',(-0.0159752465829453,-0.0288764968814621,0.00642503926953319));
#11829=CARTESIAN_POINT('',(-0.0174786299075027,-0.0368707114580617,0.00559888614219078));
#11830=CARTESIAN_POINT('',(-0.0213521015585814,-0.023836995140985,0.0119894192221398));
#11831=CARTESIAN_POINT('',(-0.0152564680906709,-0.0292975251784442,0.00968835347980873));
#11832=CARTESIAN_POINT('',(-0.0169829040661567,-0.0375287434038084,0.00848954307395226));
#11833=CARTESIAN_POINT('',(-0.0208545901455885,-0.0242748031230279,0.0149965270328187));
#11834=CARTESIAN_POINT('',(-0.0145614883584779,-0.029681525989194,0.0119752031000145));
#11835=CARTESIAN_POINT('',(-0.016529811766193,-0.0381516612300709,0.0104863775304329));
#11836=CARTESIAN_POINT('',(-0.0202267319714108,-0.0248022617702848,0.0179260130275664));
#11837=CARTESIAN_POINT('',(-0.0137042413739468,-0.0301215151283639,0.0140963495964883));
#11838=CARTESIAN_POINT('',(-0.0159884766790183,-0.0389003627379091,0.0123473557765638));
#11839=CARTESIAN_POINT('',(-0.0191905714862111,-0.0256236985328277,0.0217569914697843));
#11840=CARTESIAN_POINT('',(-0.0123211449783105,-0.0307679723538166,0.0167409126780805));
#11841=CARTESIAN_POINT('',(-0.0151251758731738,-0.040063592308818,0.014707752689372));
#11842=CARTESIAN_POINT('',(-0.0175583318527545,-0.0267962763844558,0.0261811710873197));
#11843=CARTESIAN_POINT('',(-0.0102381949604154,-0.0315838948467117,0.0195093453407723));
#11844=CARTESIAN_POINT('',(-0.0138116391459706,-0.0417178031109262,0.0173480997576763));
#11845=CARTESIAN_POINT('',(-0.0154850275346429,-0.0280392295819388,0.0301043440603784));
#11846=CARTESIAN_POINT('',(-0.00787551113071154,-0.0322254756964922,0.0215809554593985));
#11847=CARTESIAN_POINT('',(-0.0120977133326124,-0.0434602682393023,0.0197291235587226));
#11848=CARTESIAN_POINT('',(-0.0135258501331035,-0.0290172943959571,0.0329668478500554));
#11849=CARTESIAN_POINT('',(-0.00590322431054553,-0.03256110093075,0.0228457562830839));
#11850=CARTESIAN_POINT('',(-0.0104399228184354,-0.0448249399215884,0.021486479930961));
#11851=CARTESIAN_POINT('',(-0.0119426222691298,-0.029705442784854,0.0349024683053477));
#11852=CARTESIAN_POINT('',(-0.0044678197695239,-0.0326976381123872,0.0235426161126237));
#11853=CARTESIAN_POINT('',(-0.00911337435309867,-0.0457823370351173,0.02265956697096));
#11854=CARTESIAN_POINT('',(-0.01023639221014,-0.0303380046381711,0.0366297896411388));
#11855=CARTESIAN_POINT('',(-0.00313876242110921,-0.0327145094463183,0.0239882967869368));
#11856=CARTESIAN_POINT('',(-0.0077105517414685,-0.0466600020471671,0.0236857527246767));
#11857=CARTESIAN_POINT('',(-0.00838088740768979,-0.0309043478907474,0.0381412062758259));
#11858=CARTESIAN_POINT('',(-0.00197287768097593,-0.0326170063370261,0.0241956303200405));
#11859=CARTESIAN_POINT('',(-0.00622324048924589,-0.0474438485677366,0.024560866376189));
#11860=CARTESIAN_POINT('',(-0.00641433696063288,-0.0313728038838402,0.0393705091355562));
#11861=CARTESIAN_POINT('',(-0.00106765455757081,-0.0324342446402895,0.0241983516144252));
#11862=CARTESIAN_POINT('',(-0.00469465668571182,-0.0480907660871234,0.0252512184445047));
#11863=CARTESIAN_POINT('',(-0.00436492213182593,-0.031724604294128,0.0402841144687901));
#11864=CARTESIAN_POINT('',(-0.000463449702762359,-0.0322223459111488,0.0240794838085012));
#11865=CARTESIAN_POINT('',(-0.00315174684047063,-0.0485758487322968,0.0257489300420813));
#11866=CARTESIAN_POINT('',(-0.00220710441298378,-0.0319491108263611,0.0408642110936838));
#11867=CARTESIAN_POINT('',(-0.000129791320525382,-0.0320462881441889,0.0239380336496279));
#11868=CARTESIAN_POINT('',(-0.00156993961258726,-0.0488849139994949,0.0260562472838592));
#11869=CARTESIAN_POINT('',(-1.5706857927412E-6,-0.0320250156272673,0.0410612741403289));
#11870=CARTESIAN_POINT('',(-1.70466030275982E-8,-0.0319771826760352,0.0238745006212671));
#11871=CARTESIAN_POINT('',(-9.98838391769106E-7,-0.0489894513599427,0.0261577184318675));
#11872=CARTESIAN_POINT('',(0.0021640459264888,-0.0319508203245775,0.0408686281982712));
#11873=CARTESIAN_POINT('',(0.00012723151161984,-0.0320445944405588,0.0239363699019871));
#11874=CARTESIAN_POINT('',(0.00153905806123702,-0.0488872653788056,0.0260585010510503));
#11875=CARTESIAN_POINT('',(0.00429516082578832,-0.0317344952793254,0.0403097233935196));
#11876=CARTESIAN_POINT('',(0.000447727445454726,-0.0322155017353683,0.0240747175739135));
#11877=CARTESIAN_POINT('',(0.00309997202781581,-0.0485894756259161,0.0257626774513322));
#11878=CARTESIAN_POINT('',(0.006380803410924,-0.0313799532931012,0.0393891479219703));
#11879=CARTESIAN_POINT('',(0.00105445061973819,-0.0324305463977596,0.0241969752032643));
#11880=CARTESIAN_POINT('',(0.00466882144391703,-0.0481006304356885,0.025261561605289));
#11881=CARTESIAN_POINT('',(0.00898492178776677,-0.0307625519431039,0.0377694582497586));
#11882=CARTESIAN_POINT('',(0.00223631787793007,-0.0326732536949737,0.0241989641111273));
#11883=CARTESIAN_POINT('',(0.00669223470239047,-0.047248066340492,0.0243524016633317));
#11884=CARTESIAN_POINT('',(0.0119892425170048,-0.0297408283903252,0.0350266983943279));
#11885=CARTESIAN_POINT('',(0.00436069500492182,-0.0327643545153251,0.0236964622965199));
#11886=CARTESIAN_POINT('',(0.0091367877908927,-0.0458327668765187,0.0227482362668053));
#11887=CARTESIAN_POINT('',(0.0150089746388833,-0.0283201114252068,0.0309848248069772));
#11888=CARTESIAN_POINT('',(0.00731643265486005,-0.032373736679154,0.0220629279170445));
#11889=CARTESIAN_POINT('',(0.0117017304674065,-0.0438538744210167,0.0202663795826623));
#11890=CARTESIAN_POINT('',(0.0175527531479055,-0.0268015773365374,0.0262017482702594));
#11891=CARTESIAN_POINT('',(0.0102283516314228,-0.0315884157857984,0.0195231233158291));
#11892=CARTESIAN_POINT('',(0.0138079834175927,-0.0417253099227429,0.017359453697737));
#11893=CARTESIAN_POINT('',(0.0191766665540563,-0.0256338754449537,0.0217979440544173));
#11894=CARTESIAN_POINT('',(0.0123036365234499,-0.0307752317255393,0.0167671756622237));
#11895=CARTESIAN_POINT('',(0.0151137460623883,-0.0400779676311578,0.0147325411842657));
#11896=CARTESIAN_POINT('',(0.0202182468951046,-0.0248093279255116,0.0179628090283292));
#11897=CARTESIAN_POINT('',(0.0136925977531996,-0.0301273652579089,0.0141226759458823));
#11898=CARTESIAN_POINT('',(0.0159812826618249,-0.038910385216394,0.0123703953391662));
#11899=CARTESIAN_POINT('',(0.0208518620412709,-0.024277191086949,0.0150125476194222));
#11900=CARTESIAN_POINT('',(0.0145576623448427,-0.0296836329926118,0.0119874273118374));
#11901=CARTESIAN_POINT('',(0.0165273330624427,-0.0381550589448276,0.0104969484053583));
#11902=CARTESIAN_POINT('',(0.0213525796099236,-0.0238366018551564,0.0119882188927768));
#11903=CARTESIAN_POINT('',(0.0152570891177284,-0.0292972183078867,0.0096877714420533));
#11904=CARTESIAN_POINT('',(0.0169832948004837,-0.037528186329113,0.00848900337102079));
#11905=CARTESIAN_POINT('',(0.0218614862717689,-0.0233717141222211,0.00786569068419066));
#11906=CARTESIAN_POINT('',(0.0159804143668333,-0.0288733939986613,0.00639828826852395));
#11907=CARTESIAN_POINT('',(0.0174822472459364,-0.0368659183836137,0.00557508767009002));
#11908=CARTESIAN_POINT('',(0.022221051459169,-0.0230267996935229,0.00253975153077017));
#11909=CARTESIAN_POINT('',(0.0165021401650659,-0.0285456757738507,0.00201906642449036));
#11910=CARTESIAN_POINT('',(0.0178460042796382,-0.036373262820504,0.00171226743258156));
#11911=CARTESIAN_POINT('',(0.0222211301644744,-0.0230267777118196,-0.00275422615958846));
#11912=CARTESIAN_POINT('',(0.0165030509188306,-0.0285448654690328,-0.00242464290147038));
#11913=CARTESIAN_POINT('',(0.0178514778586336,-0.0363732830642858,-0.00223124502908638));
#11914=CARTESIAN_POINT('',(0.0220325879100704,-0.0232075161489105,-0.00699608793255087));
#11915=CARTESIAN_POINT('',(0.0162279874171592,-0.0287183505335096,-0.00604941539003166));
#11916=CARTESIAN_POINT('',(0.0176453775426229,-0.0366313547812268,-0.00552056878117552));
#11917=CARTESIAN_POINT('',(0.0217158881364824,-0.0235057513985383,-0.0112339387492666));
#11918=CARTESIAN_POINT('',(0.0157697357642598,-0.0289996749368723,-0.00957193662295025));
#11919=CARTESIAN_POINT('',(0.0173155724970115,-0.0370569317614131,-0.0086605558626725));
#11920=CARTESIAN_POINT('',(0.0211801426215411,-0.0239959195858845,-0.0153294573414884));
#11921=CARTESIAN_POINT('',(0.0150049749831895,-0.029447080539386,-0.0127648911304338));
#11922=CARTESIAN_POINT('',(0.0168105273520645,-0.0377553641521089,-0.0114227312940096));
#11923=CARTESIAN_POINT('',(0.0203766555898567,-0.0246789819630966,-0.0192741415275682));
#11924=CARTESIAN_POINT('',(0.0139095552848115,-0.0300186051314713,-0.0156003298518318));
#11925=CARTESIAN_POINT('',(0.01612997924853,-0.0387255480356987,-0.0138920281032388));
#11926=CARTESIAN_POINT('',(0.019367937611478,-0.0254891688200979,-0.0231319787143108));
#11927=CARTESIAN_POINT('',(0.0125645274435666,-0.0306583313017979,-0.0182248875528597));
#11928=CARTESIAN_POINT('',(0.0153224224693619,-0.0398735666670594,-0.0161954905579919));
#11929=CARTESIAN_POINT('',(0.0180833335506371,-0.0264273105690804,-0.0266636056176796));
#11930=CARTESIAN_POINT('',(0.0109386968895318,-0.031307718715013,-0.0203476400224609));
#11931=CARTESIAN_POINT('',(0.0143484947362671,-0.0411976779829142,-0.0181958156364475));
#11932=CARTESIAN_POINT('',(0.0165055873048428,-0.0274280184730801,-0.0298690587894162));
#11933=CARTESIAN_POINT('',(0.00915948201671105,-0.0318429054209084,-0.0219297179106106));
#11934=CARTESIAN_POINT('',(0.0132104202270946,-0.0426033782595617,-0.0199389315072876));
#11935=CARTESIAN_POINT('',(0.0146995763618903,-0.028459420862212,-0.0328734423299515));
#11936=CARTESIAN_POINT('',(0.00726120785516818,-0.0322822579849367,-0.0231895259394807));
#11937=CARTESIAN_POINT('',(0.011925505792074,-0.0440476259897901,-0.0215488509948541));
#11938=CARTESIAN_POINT('',(0.0131258816988618,-0.0292096149987922,-0.0347984640543885));
#11939=CARTESIAN_POINT('',(0.00589303166722428,-0.0324353096859265,-0.0236888004070122));
#11940=CARTESIAN_POINT('',(0.0108038488098022,-0.0450929349605949,-0.0225785259520241));
#11941=CARTESIAN_POINT('',(0.0119940683825045,-0.0296671927157897,-0.0359105309980297));
#11942=CARTESIAN_POINT('',(0.00507626841951073,-0.0324639711844338,-0.0238793905046769));
#11943=CARTESIAN_POINT('',(0.00997414369600726,-0.0457287414365311,-0.023184440408325));
#11944=CARTESIAN_POINT('',(-0.00620002070098947,-0.0330681212729565,0.0320272746391864));
#11945=CARTESIAN_POINT('',(-0.00620002070098947,-0.0337067417400748,0.0307108992760432));
#11946=CARTESIAN_POINT('',(-0.00620002070098947,-0.0353285471875609,0.028282591806028));
#11947=CARTESIAN_POINT('',(-0.00620002070098947,-0.0388152868901551,0.025579135948658));
#11948=CARTESIAN_POINT('',(-0.00620002070098947,-0.0430439812906176,0.0242695527503358));
#11949=CARTESIAN_POINT('',(-0.00620002070098947,-0.0459815422652285,0.0243195203568586));
#11950=CARTESIAN_POINT('',(-0.00620002070098947,-0.0474287772438606,0.0245385436078653));
#11951=CARTESIAN_POINT('',(-0.00620002070098947,-0.0330681212729565,0.032027274639186));
#11952=CARTESIAN_POINT('',(-0.00620002070098947,-0.0330681212729565,0.032027274639186));
#11953=CARTESIAN_POINT('',(-0.00537093068857845,-0.0330681212729565,0.0329165174468174));
#11954=CARTESIAN_POINT('',(-0.00400240822812382,-0.0330681212729565,0.0341523918244016));
#11955=CARTESIAN_POINT('',(-0.00183360027989678,-0.0330681212729565,0.0352205665635309));
#11956=CARTESIAN_POINT('',(-1.06568519332159E-5,-0.0330681212729565,0.0355435085459384));
#11957=CARTESIAN_POINT('',(0.00181182547720706,-0.0330681212729565,0.0352291400021086));
#11958=CARTESIAN_POINT('',(0.00400871797569839,-0.0330681212729564,0.0341512525346778));
#11959=CARTESIAN_POINT('',(0.0053693474748029,-0.0330681212729565,0.032918210055936));
#11960=CARTESIAN_POINT('',(0.00619997929901058,-0.0330681212729565,0.0320273190435807));
#11961=CARTESIAN_POINT('',(0.00619997929901053,-0.0330681212729565,0.0320273190435807));
#11962=CARTESIAN_POINT('',(0.00619997929899732,-0.0474287968574472,0.0245385650379634));
#11963=CARTESIAN_POINT('',(0.00619997929899732,-0.0459823556804196,0.0243196623106425));
#11964=CARTESIAN_POINT('',(0.00619997929901666,-0.0430652020789508,0.0242700763634134));
#11965=CARTESIAN_POINT('',(0.00619997929900888,-0.0388496506514174,0.0255617427876326));
#11966=CARTESIAN_POINT('',(0.006199979299011,-0.0353424809221191,0.0282623416438433));
#11967=CARTESIAN_POINT('',(0.00619997929901053,-0.0337072668723316,0.0307098581520877));
#11968=CARTESIAN_POINT('',(0.00619997929901053,-0.0330681212729565,0.0320273190435807));
#11969=CARTESIAN_POINT('',(0.0193883522184371,-0.025457647146856,-0.0228314359759623));
#11970=CARTESIAN_POINT('',(0.0178613487774218,-0.0266206014600485,-0.0228314359759623));
#11971=CARTESIAN_POINT('',(0.015868505297967,-0.0286321766098009,-0.0228314359759623));
#11972=CARTESIAN_POINT('',(0.0136795206366658,-0.0317820556149624,-0.0228314359759623));
#11973=CARTESIAN_POINT('',(0.0118686321769553,-0.0351162537183503,-0.0228314359759623));
#11974=CARTESIAN_POINT('',(0.0102221280197167,-0.0396117065865954,-0.0228314359759623));
#11975=CARTESIAN_POINT('',(0.00993710332628277,-0.0434982112698634,-0.0228314359759623));
#11976=CARTESIAN_POINT('',(0.0104367865076345,-0.0453610327521905,-0.0228314359759623));
#11977=CARTESIAN_POINT('',(0.0193883522184371,-0.025457647146856,-0.0228314359759623));
#11978=CARTESIAN_POINT('',(-0.0193883522187256,-0.0254576471466363,-0.0228314359759623));
#11979=CARTESIAN_POINT('',(-0.0202981276409736,-0.0247647690410956,-0.0199011153550579));
#11980=CARTESIAN_POINT('',(-0.0212355724577726,-0.0239476405418734,-0.015378621855477));
#11981=CARTESIAN_POINT('',(-0.0219041199301432,-0.0233303133751259,-0.00915621500608597));
#11982=CARTESIAN_POINT('',(-0.0221690108323258,-0.0230769361098363,-0.00448943553037194));
#11983=CARTESIAN_POINT('',(-0.0222369279675907,-0.0230112129300549,0.0001886817338975));
#11984=CARTESIAN_POINT('',(-0.0220811881421847,-0.0231616766426031,0.00489197452931467));
#11985=CARTESIAN_POINT('',(-0.0216860122007577,-0.0235345650873038,0.009557304978323));
#11986=CARTESIAN_POINT('',(-0.0210398256117416,-0.0241181153461967,0.0141463066164657));
#11987=CARTESIAN_POINT('',(-0.0200843769660775,-0.0249264505787718,0.0186572570845866));
#11988=CARTESIAN_POINT('',(-0.018748929757945,-0.0259548554724168,0.0230800134017211));
#11989=CARTESIAN_POINT('',(-0.0170210294963836,-0.0271301605286978,0.0272554184381868));
#11990=CARTESIAN_POINT('',(-0.0148259240085431,-0.0284031488411114,0.0312130468102747));
#11991=CARTESIAN_POINT('',(-0.0121025292953809,-0.0296820680144936,0.0348601111511719));
#11992=CARTESIAN_POINT('',(-0.00879136487883068,-0.0308462540351208,0.037999549478331));
#11993=CARTESIAN_POINT('',(-0.00473275224040343,-0.0317569481842612,0.0403696566815023));
#11994=CARTESIAN_POINT('',(-0.000749451351057584,-0.03206025329969,0.0411521814209177));
#11995=CARTESIAN_POINT('',(0.00237215451688786,-0.0319401238701654,0.0408410388138827));
#11996=CARTESIAN_POINT('',(0.0046661917447581,-0.0316845149132483,0.0401804563721116));
#11997=CARTESIAN_POINT('',(0.00677619497538188,-0.0312966320502586,0.0391717465908386));
#11998=CARTESIAN_POINT('',(0.00932474858810815,-0.0306581940287389,0.0374920917479734));
#11999=CARTESIAN_POINT('',(0.0121180665541194,-0.0296756958602304,0.0348421691252654));
#12000=CARTESIAN_POINT('',(0.0148004723602797,-0.0284155767514582,0.0312494512681682));
#12001=CARTESIAN_POINT('',(0.0170181419156319,-0.0271330517370264,0.0272654653834595));
#12002=CARTESIAN_POINT('',(0.0193244325577297,-0.0255618076544983,0.0216879419925673));
#12003=CARTESIAN_POINT('',(0.0208249846215518,-0.0243114176835059,0.0156824119172326));
#12004=CARTESIAN_POINT('',(0.0216860314733767,-0.0235347663120766,0.00955631185030146));
#12005=CARTESIAN_POINT('',(0.0222147332278848,-0.0230351009974415,0.00331426772590033));
#12006=CARTESIAN_POINT('',(0.0222664850725576,-0.022981960426213,-0.00449575688546637));
#12007=CARTESIAN_POINT('',(0.021545110186006,-0.0236772880628294,-0.0138644855116704));
#12008=CARTESIAN_POINT('',(0.0202976653237985,-0.0247651211383884,-0.0199026044469903));
#12009=CARTESIAN_POINT('',(0.0193883522184371,-0.025457647146856,-0.0228314359759623));
#12010=CARTESIAN_POINT('',(-0.0193883522187256,-0.0254576471466363,-0.0228314359759623));
#12011=CARTESIAN_POINT('',(-0.0104367865069738,-0.0453610327493152,-0.0228314359759623));
#12012=CARTESIAN_POINT('',(-0.00993549900322414,-0.0434922303431553,-0.0228314359759623));
#12013=CARTESIAN_POINT('',(-0.0101500399539205,-0.0405764823528959,-0.0228314359759623));
#12014=CARTESIAN_POINT('',(-0.0112095421263415,-0.0369390528263446,-0.0228314359759623));
#12015=CARTESIAN_POINT('',(-0.0126893007976595,-0.0333972777072541,-0.0228314359759623));
#12016=CARTESIAN_POINT('',(-0.0151490765931178,-0.0293745079918059,-0.0228314359759623));
#12017=CARTESIAN_POINT('',(-0.017861939953496,-0.0266201512248329,-0.0228314359759623));
#12018=CARTESIAN_POINT('',(-0.0193883522187256,-0.0254576471466363,-0.0228314359759623));
#12019=CARTESIAN_POINT('',(0.,-0.0679148882627487,-0.0203314359759623));
#12020=CARTESIAN_POINT('',(0.,-0.0351681212729565,-0.0203314359759623));
#12021=CARTESIAN_POINT('',(0.,-0.0654255701303482,-0.0228314359759623));
#12022=CARTESIAN_POINT('',(-2.07009894712118E-8,-0.0351681212729565,-0.0228314359759623));
#12023=CARTESIAN_POINT('',(-0.00875002070098947,-0.0351681212729565,-0.0228314359759623));
#12024=CARTESIAN_POINT('',(-0.00875002070098947,-0.0487681212729565,-0.0228314359759623));
#12025=CARTESIAN_POINT('',(-0.00875002070098947,-0.0623681212729565,-0.0228314359759623));
#12026=CARTESIAN_POINT('',(-2.07009894712118E-8,-0.0623681212729565,-0.0228314359759623));
#12027=CARTESIAN_POINT('',(-6.93889390390723E-18,0.,-0.0228314359759623));
#12028=CARTESIAN_POINT('',(0.00181981692029258,-0.112559196261724,-0.0228314359759611));
#12029=CARTESIAN_POINT('',(0.0012490873286631,-0.1128399974114,-0.0228314359759611));
#12030=CARTESIAN_POINT('',(1.30702083725584E-6,-0.113248120566427,-0.0228314359759629));
#12031=CARTESIAN_POINT('',(-0.00124860091157931,-0.112840236738911,-0.0228314359759623));
#12032=CARTESIAN_POINT('',(-0.00181981692892043,-0.112559196261954,-0.0228314359759623));
#12033=CARTESIAN_POINT('',(0.,1.74512168878498E-18,0.05));
#12034=CARTESIAN_POINT('',(0.,1.74512168878498E-18,0.0460823217205176));
#12035=CARTESIAN_POINT('',(0.0295,1.74512168878498E-18,0.0460823217205176));
#12036=CARTESIAN_POINT('',(0.,1.74512168878498E-18,0.180907205216957));
#12037=CARTESIAN_POINT('',(0.00199997929901052,-0.029432126712209,0.0139893200813214));
#12038=CARTESIAN_POINT('',(-0.00200002070098948,-0.0294321238988221,0.0139893360368318));
#12039=CARTESIAN_POINT('',(0.00199997929901052,-0.029432126712209,0.0139893200813213));
#12040=CARTESIAN_POINT('',(0.00219844280348203,-0.029418640670088,0.0140658032268208));
#12041=CARTESIAN_POINT('',(0.00244630186815114,-0.029398767163684,0.0144341928019308));
#12042=CARTESIAN_POINT('',(0.00269599466039099,-0.0293768390377285,0.0149935995081886));
#12043=CARTESIAN_POINT('',(0.00288891523918423,-0.0293583697871285,0.0155882516337436));
#12044=CARTESIAN_POINT('',(0.00310078873338717,-0.0293368799632894,0.0163906839430652));
#12045=CARTESIAN_POINT('',(0.00330631759515576,-0.029314388943916,0.0174027489140698));
#12046=CARTESIAN_POINT('',(0.0034985843228558,-0.0292919743994648,0.0186265287169979));
#12047=CARTESIAN_POINT('',(0.00365075072039895,-0.0292733352832233,0.0198565594194083));
#12048=CARTESIAN_POINT('',(0.00381140197818106,-0.0292529078827793,0.021504901017864));
#12049=CARTESIAN_POINT('',(0.00394379083763521,-0.0292352469503595,0.0235661497767491));
#12050=CARTESIAN_POINT('',(0.00401240627667357,-0.0292258816821324,0.0260376491759896));
#12051=CARTESIAN_POINT('',(0.00398073235522685,-0.0292300562720031,0.0293315478636563));
#12052=CARTESIAN_POINT('',(0.00382236448871715,-0.0292523660905438,0.0318000539545268));
#12053=CARTESIAN_POINT('',(0.00357641764561938,-0.0292824049016488,0.0334438083434666));
#12054=CARTESIAN_POINT('',(0.00357641764561938,-0.0292824049016488,0.0334438083434667));
#12055=CARTESIAN_POINT('',(0.,1.74512168878498E-18,0.0282805302992762));
#12056=CARTESIAN_POINT('',(-0.00357646348622121,-0.029282399302853,0.033443807356248));
#12057=CARTESIAN_POINT('',(-0.00357646348622125,-0.029282399302853,0.0334438073562479));
#12058=CARTESIAN_POINT('',(-0.00382124449978908,-0.0292525024918679,0.0318078334225027));
#12059=CARTESIAN_POINT('',(-0.00398114464963702,-0.0292300038457852,0.0293315543631149));
#12060=CARTESIAN_POINT('',(-0.0040124185482871,-0.0292258792613584,0.0260281915943057));
#12061=CARTESIAN_POINT('',(-0.00394313765001892,-0.0292353364642864,0.0235495008774734));
#12062=CARTESIAN_POINT('',(-0.00381009820857625,-0.0292530781645235,0.0214882026873582));
#12063=CARTESIAN_POINT('',(-0.00364926834223272,-0.0292735205582226,0.0198428091273586));
#12064=CARTESIAN_POINT('',(-0.00349671903141602,-0.0292921976317029,0.0186128657824572));
#12065=CARTESIAN_POINT('',(-0.00330383461832545,-0.0293146724913477,0.0173882320888341));
#12066=CARTESIAN_POINT('',(-0.00309721122893334,-0.0293372570442217,0.0163750754457362));
#12067=CARTESIAN_POINT('',(-0.00288574914739767,-0.0293586817032586,0.0155773550801069));
#12068=CARTESIAN_POINT('',(-0.00269256520434238,-0.0293771512539828,0.0149846793387698));
#12069=CARTESIAN_POINT('',(-0.00244346059208783,-0.0293990091169372,0.0144286222762563));
#12070=CARTESIAN_POINT('',(-0.00219588234192494,-0.0294188143823989,0.0140648180553505));
#12071=CARTESIAN_POINT('',(-0.00200002070098944,-0.0294321238988221,0.0139893360368317));
#12072=CARTESIAN_POINT('',(-6.93889390390723E-18,0.,-0.0201540067161126));
#12073=CARTESIAN_POINT('',(0.0295,0.,-0.0201540067161126));
#12074=CARTESIAN_POINT('',(0.,1.74512168878498E-18,0.05));
#12075=CARTESIAN_POINT('',(0.,1.74512168878498E-18,0.045651320441336));
#12076=CARTESIAN_POINT('',(-0.032,1.74512168878498E-18,0.045651320441336));
#12077=CARTESIAN_POINT('',(0.,1.74512168878498E-18,-0.0228314359759623));
#12078=CARTESIAN_POINT('',(0.,-0.0295,0.));
#12079=CARTESIAN_POINT('',(0.,-0.0295,0.));
#12080=CARTESIAN_POINT('',(-6.93889390390723E-18,0.,-0.0152055908797384));
#12081=CARTESIAN_POINT('',(0.,1.74512168878498E-18,0.058005151561296));
#12082=CARTESIAN_POINT('',(0.,1.74512168878498E-18,0.0717718441264649));
#12083=CARTESIAN_POINT('',(0.0249238471265863,1.74512168878498E-18,0.0717718441264649));
#12084=CARTESIAN_POINT('',(0.,1.74512168878498E-18,0.0672878738205745));
#12085=CARTESIAN_POINT('',(-0.0270761528734137,1.74512168878498E-18,0.0672878738205745));
#12086=CARTESIAN_POINT('',(0.,1.74512168878498E-18,0.057110566625278));
#12087=CARTESIAN_POINT('',(0.,1.74512168878498E-18,0.0697045441264649));
#12088=CARTESIAN_POINT('',(-0.0236230317405935,1.74512168878498E-18,0.0697045441264649));
#12089=CARTESIAN_POINT('',(0.,1.74512168878498E-18,0.0677188750997562));
#12090=CARTESIAN_POINT('',(0.0245761528734137,1.74512168878498E-18,0.0677188750997562));
#12091=CARTESIAN_POINT('',(0.,1.74512168878498E-18,0.10496255897352));
#12092=CARTESIAN_POINT('',(0.,1.74512168878498E-18,0.0913410975057034));
#12093=CARTESIAN_POINT('',(-0.0186991846140072,1.74512168878498E-18,0.0913410975057034));
#12094=CARTESIAN_POINT('',(0.,1.74512168878498E-18,0.10702985897352));
#12095=CARTESIAN_POINT('',(0.0186991846140072,1.74512168878498E-18,0.10702985897352));
#12096=CARTESIAN_POINT('',(0.,1.74512168878498E-18,0.045651320441336));
#12097=CARTESIAN_POINT('',(0.,1.74512168878498E-18,0.10702985897352));
#12098=CARTESIAN_POINT('',(0.,1.74512168878498E-18,0.0934083975057034));
#12099=CARTESIAN_POINT('',(0.02,1.74512168878498E-18,0.0934083975057034));
#12100=CARTESIAN_POINT('',(0.,1.74512168878498E-18,0.10702985897352));
#12101=CARTESIAN_POINT('',(0.02,1.74512168878498E-18,0.10702985897352));
#12102=CARTESIAN_POINT('',(0.,0.,0.10702985897352));
#12103=CARTESIAN_POINT('',(-2.07009894712118E-8,-0.0623681212729565,0.0021685640240377));
#12104=CARTESIAN_POINT('',(0.00874997929901053,-0.0623681212729565,0.0021685640240377));
#12105=CARTESIAN_POINT('',(-0.00875002070098947,-0.0623681212729565,0.0021685640240377));
#12106=CARTESIAN_POINT('',(-0.00875002070098947,-0.0487681212729565,0.0021685640240377));
#12107=CARTESIAN_POINT('',(-0.00875002070098947,-0.0351681212729565,0.0021685640240377));
#12108=CARTESIAN_POINT('',(-0.00875002070098947,-0.0351681212729565,0.000279723314969737));
#12109=CARTESIAN_POINT('',(-0.00875002070098947,-0.0487681212729565,0.0194528991428028));
#12110=CARTESIAN_POINT('',(-2.07009894712118E-8,-0.0351681212729565,0.0021685640240377));
#12111=CARTESIAN_POINT('',(-0.00600002070098947,-0.0554681212729565,0.0257050533170169));
#12112=CARTESIAN_POINT('',(0.00619997929901053,-0.0554681212729565,0.0257050533170169));
#12113=CARTESIAN_POINT('',(-0.00620002070098947,-0.0554681212729565,-0.0148334359759623));
#12114=CARTESIAN_POINT('',(-0.00620002070098947,-0.0406221708947304,-0.0148334359759623));
#12115=CARTESIAN_POINT('',(-0.00620002070098947,-0.0330681212729565,-0.0148334359759623));
#12116=CARTESIAN_POINT('',(-0.00600002070098947,-0.0330681212729565,0.0287050533170169));
#12117=CARTESIAN_POINT('',(0.00619997929901053,-0.0330681212729565,0.0287050533170169));
#12118=CARTESIAN_POINT('',(0.00619997929901053,-0.0442681212729565,0.0287050533170169));
#12119=CARTESIAN_POINT('',(-0.0337500207009895,-0.0487681212729565,0.0194528991428028));
#12120=CARTESIAN_POINT('',(-0.0337500207009895,-0.0351681212729565,0.000279723314969737));
#12121=CARTESIAN_POINT('',(0.00874997929901053,-0.0487681212729565,0.0021685640240377));
#12122=CARTESIAN_POINT('',(0.00874797929903642,-0.0783559192733333,0.154034560234731));
#12123=CARTESIAN_POINT('',(-2.07009894781507E-8,-0.0343811340690549,0.00895718656586197));
#12124=CARTESIAN_POINT('',(-0.00200002070098948,-0.0343811340690549,0.00895718656586197));
#12125=CARTESIAN_POINT('',(-0.00200002070098948,-0.0300399296273816,0.0335773803911672));
#12126=CARTESIAN_POINT('',(-2.07009894781507E-8,-0.0300399296273816,0.0335773803911672));
#12127=CARTESIAN_POINT('',(0.00199997929901052,-0.0300399296273816,0.0335773803911672));
#12128=CARTESIAN_POINT('',(0.00199997929901052,-0.0343811340690549,0.00895718656586197));
#12129=CARTESIAN_POINT('',(0.00199997929901052,-0.0324115185630304,0.00860989021052811));
#12130=CARTESIAN_POINT('',(0.00199997929901052,-0.030441903057006,0.00826259385519425));
#12131=CARTESIAN_POINT('',(0.00199997929901052,-0.030441903057006,0.00826259385519425));
#12132=CARTESIAN_POINT('',(0.00199997929901052,-0.0324115185630304,0.00860989021052811));
#12133=CARTESIAN_POINT('',(0.00199997929901052,-0.0280703141213572,0.0332300840358333));
#12134=CARTESIAN_POINT('',(-0.00200002070098948,-0.0324115185630304,0.00860989021052811));
#12135=CARTESIAN_POINT('',(-0.00200002070098948,-0.0280703141213572,0.0332300840358333));
#12136=CARTESIAN_POINT('',(-0.00200002070098948,-0.0324115185630304,0.00860989021052811));
#12137=CARTESIAN_POINT('',(-0.00200002070098948,-0.030441903057006,0.00826259385519425));
#12138=CARTESIAN_POINT('',(-0.00200002070098948,-0.030441903057006,0.00826259385519425));
#12139=CARTESIAN_POINT('',(-4.14019789493625E-8,-0.0302758998992547,0.00823332301959989));
#12140=CARTESIAN_POINT('',(-2.07009894781507E-8,-0.030441903057006,0.00826259385519425));
#12141=CARTESIAN_POINT('',(-2.07009894781507E-8,-0.030441903057006,0.00826259385519425));
#12142=CARTESIAN_POINT('',(-4.14019789493625E-8,-0.0259346954575815,0.0328535168449051));
#12143=CARTESIAN_POINT('',(-0.00500010309396843,-0.138,-0.0197136719446927));
#12144=CARTESIAN_POINT('',(-0.00500010309396843,-0.138,-0.0197156719446927));
#12145=CARTESIAN_POINT('',(-0.00650010309396843,-0.138,-0.0197156719446927));
#12146=CARTESIAN_POINT('',(-0.00500010309396843,-0.138,-0.0228314359759623));
#12147=CARTESIAN_POINT('',(-0.00650010309396843,-0.138,-0.0228314359759623));
#12148=CARTESIAN_POINT('',(0.00499989690603157,-0.138,-0.0197136719446927));
#12149=CARTESIAN_POINT('',(0.00499989690603157,-0.138,-0.0197156719446927));
#12150=CARTESIAN_POINT('',(0.00349989690603157,-0.138,-0.0197156719446927));
#12151=CARTESIAN_POINT('',(0.00499989690603157,-0.138,-0.0228314359759623));
#12152=CARTESIAN_POINT('',(0.00349989690603157,-0.138,-0.0228314359759623));
#12153=CARTESIAN_POINT('',(0.0256998969060316,-0.138198,0.0334559009305612));
#12154=CARTESIAN_POINT('',(0.0201998969060316,-0.138198,0.0279559009305612));
#12155=CARTESIAN_POINT('',(0.0201998969060316,-0.1387,0.0279559009305612));
#12156=CARTESIAN_POINT('',(0.0201998969060316,-0.143,0.0279559009305612));
#12157=CARTESIAN_POINT('',(0.0256998969060316,-0.143,0.0334559009305612));
#12158=CARTESIAN_POINT('',(0.0256998969060316,-0.143,0.0334559009305612));
#12159=CARTESIAN_POINT('',(0.0256998969060316,-0.138198,0.0334559009305612));
#12160=CARTESIAN_POINT('',(0.0256998969060316,-0.1382,0.0334559009305612));
#12161=CARTESIAN_POINT('',(0.0256998969060316,-0.1382,0.0334559009305612));
#12162=CARTESIAN_POINT('',(0.0236998969060315,-0.1382,0.0314559009305612));
#12163=CARTESIAN_POINT('',(0.0256998969060316,-0.1382,0.0334559009305612));
#12164=CARTESIAN_POINT('',(0.0206998969060316,-0.1382,0.0284559009305612));
#12165=CARTESIAN_POINT('',(0.0206998969060316,-0.1387,0.0284559009305612));
#12166=CARTESIAN_POINT('',(-0.0257001030939684,-0.138198,0.0334559009305612));
#12167=CARTESIAN_POINT('',(-0.0257001030939684,-0.1382,0.0334559009305612));
#12168=CARTESIAN_POINT('',(-0.0257001030939684,-0.1382,0.0334559009305612));
#12169=CARTESIAN_POINT('',(-0.0237001030939685,-0.1382,0.0314559009305612));
#12170=CARTESIAN_POINT('',(-0.0257001030939684,-0.138198,0.0334559009305612));
#12171=CARTESIAN_POINT('',(-0.0257001030939684,-0.143,0.0334559009305612));
#12172=CARTESIAN_POINT('',(-0.0257001030939684,-0.143,0.0334559009305612));
#12173=CARTESIAN_POINT('',(-0.0202001030939685,-0.143,0.0279559009305612));
#12174=CARTESIAN_POINT('',(-0.0202001030939685,-0.138198,0.0279559009305612));
#12175=CARTESIAN_POINT('',(-0.0202001030939685,-0.1387,0.0279559009305612));
#12176=CARTESIAN_POINT('',(-0.0207001030939685,-0.1387,0.0284559009305612));
#12177=CARTESIAN_POINT('',(-0.0207001030939685,-0.1382,0.0284559009305612));
#12178=CARTESIAN_POINT('',(-0.0257001030939684,-0.1382,0.0334559009305612));
#12179=CARTESIAN_POINT('',(0.0105498969060315,-0.13625,-0.0197176719446927));
#12180=CARTESIAN_POINT('',(0.0114998969060316,-0.133669302419887,-0.0197176719446927));
#12181=CARTESIAN_POINT('',(0.0114998969060316,-0.133669302419887,-0.0026117681287934));
#12182=CARTESIAN_POINT('',(0.0114998969060316,-0.133669302419887,0.00378432805530732));
#12183=CARTESIAN_POINT('',(0.0105498969060315,-0.13625,0.00378432805530732));
#12184=CARTESIAN_POINT('',(0.0114998969060316,-0.138830697580113,0.00378432805530732));
#12185=CARTESIAN_POINT('',(0.0114998969060316,-0.138830697580113,-0.0197176719446927));
#12186=CARTESIAN_POINT('',(0.0114998969060316,-0.138830697580113,-0.00073317392318567));
#12187=CARTESIAN_POINT('',(0.0105498969060315,-0.13625,-0.00167247102598954));
#12188=CARTESIAN_POINT('',(-0.0105501030939684,-0.13625,-0.0197176719446927));
#12189=CARTESIAN_POINT('',(-0.0115001030939684,-0.138830697580113,-0.0197176719446927));
#12190=CARTESIAN_POINT('',(-0.0115001030939684,-0.138830697580113,-0.000733173923185664));
#12191=CARTESIAN_POINT('',(-0.0115001030939684,-0.138830697580113,0.00378432805530732));
#12192=CARTESIAN_POINT('',(-0.0105501030939684,-0.13625,0.00378432805530732));
#12193=CARTESIAN_POINT('',(-0.0115001030939684,-0.133669302419887,0.00378432805530732));
#12194=CARTESIAN_POINT('',(-0.0115001030939684,-0.133669302419887,-0.0197176719446927));
#12195=CARTESIAN_POINT('',(-0.0115001030939684,-0.133669302419887,-0.00261176812879341));
#12196=CARTESIAN_POINT('',(-0.0105501030939684,-0.13625,-0.00167247102598954));
#12197=CARTESIAN_POINT('',(-0.0105501030939684,-0.13625,-0.0197176719446927));
#12198=CARTESIAN_POINT('',(-0.0128001030939684,-0.134668861169916,-0.0197176719446927));
#12199=CARTESIAN_POINT('',(-0.0128001030939684,-0.134668861169916,-0.0197156719446927));
#12200=CARTESIAN_POINT('',(-0.0128001030939684,-0.134668861169916,0.00378432805530732));
#12201=CARTESIAN_POINT('',(-0.0105501030939684,-0.13625,0.00378432805530732));
#12202=CARTESIAN_POINT('',(-0.0128501030939684,-0.134742518656832,0.00378432805530732));
#12203=CARTESIAN_POINT('',(-0.0128501030939684,-0.134742518656832,0.00378432805530732));
#12204=CARTESIAN_POINT('',(-0.0131447450044183,-0.13519206080016,0.00378432805530732));
#12205=CARTESIAN_POINT('',(-0.0134555508540777,-0.136243590889375,0.003681763933747));
#12206=CARTESIAN_POINT('',(-0.013144558522676,-0.137308223719453,0.00378432805530732));
#12207=CARTESIAN_POINT('',(-0.0128501030939684,-0.137757481343168,0.00378432805530732));
#12208=CARTESIAN_POINT('',(-0.0128501030939684,-0.137757481343168,0.00378432805530732));
#12209=CARTESIAN_POINT('',(-0.0105501030939684,-0.13625,0.00378432805530732));
#12210=CARTESIAN_POINT('',(-0.0128001030939684,-0.137831138830084,0.00378432805530732));
#12211=CARTESIAN_POINT('',(-0.0128001030939684,-0.137831138830084,-0.0197176719446927));
#12212=CARTESIAN_POINT('',(-0.0128001030939684,-0.137831138830084,-0.0197156719446927));
#12213=CARTESIAN_POINT('',(-0.0105501030939684,-0.13625,-0.0197156719446927));
#12214=CARTESIAN_POINT('',(0.0105498969060315,-0.13625,-0.0197176719446927));
#12215=CARTESIAN_POINT('',(0.0127998969060316,-0.137831138830084,-0.0197176719446927));
#12216=CARTESIAN_POINT('',(0.0127998969060316,-0.137831138830084,-0.0197156719446927));
#12217=CARTESIAN_POINT('',(0.0127998969060316,-0.137831138830084,0.00378432805530732));
#12218=CARTESIAN_POINT('',(0.0105498969060315,-0.13625,0.00378432805530732));
#12219=CARTESIAN_POINT('',(0.0128498969060316,-0.137757481343168,0.00378432805530732));
#12220=CARTESIAN_POINT('',(0.0128498969060316,-0.137757481343168,0.00378432805530732));
#12221=CARTESIAN_POINT('',(0.0131445388164814,-0.13730793919984,0.00378432805530732));
#12222=CARTESIAN_POINT('',(0.0134553446661408,-0.136256409110625,0.00368176393374701));
#12223=CARTESIAN_POINT('',(0.0131443523347391,-0.135191776280548,0.00378432805530732));
#12224=CARTESIAN_POINT('',(0.0128498969060316,-0.134742518656832,0.00378432805530732));
#12225=CARTESIAN_POINT('',(0.0128498969060316,-0.134742518656832,0.00378432805530732));
#12226=CARTESIAN_POINT('',(0.0105498969060315,-0.13625,0.00378432805530732));
#12227=CARTESIAN_POINT('',(0.0127998969060316,-0.134668861169916,0.00378432805530732));
#12228=CARTESIAN_POINT('',(0.0127998969060316,-0.134668861169916,-0.0197176719446927));
#12229=CARTESIAN_POINT('',(0.0127998969060316,-0.134668861169916,-0.0197156719446927));
#12230=CARTESIAN_POINT('',(0.0105498969060315,-0.13625,-0.0197156719446927));
#12231=CARTESIAN_POINT('',(-0.0257001030939684,-0.138198,0.0398559009305611));
#12232=CARTESIAN_POINT('',(-0.0257001030939684,-0.131585786437627,0.0488701144929342));
#12233=CARTESIAN_POINT('',(-0.0257001030939684,-0.1382,0.0422559009305611));
#12234=CARTESIAN_POINT('',(-0.0257001030939684,-0.143,0.0374559009305611));
#12235=CARTESIAN_POINT('',(-0.0257001030939684,-0.143,0.0334559009305612));
#12236=CARTESIAN_POINT('',(-0.0257001030939684,-0.1382,0.0398559009305611));
#12237=CARTESIAN_POINT('',(0.0209998969060315,-0.1382,0.0372843280553073));
#12238=CARTESIAN_POINT('',(-0.0257001030939684,-0.1382,0.039427473805815));
#12239=CARTESIAN_POINT('',(-0.0237001030939685,-0.1382,0.039427473805815));
#12240=CARTESIAN_POINT('',(-0.0237001030939685,-0.1382,0.0372843280553073));
#12241=CARTESIAN_POINT('',(0.0256998969060316,-0.138198,0.0398559009305611));
#12242=CARTESIAN_POINT('',(0.0256998969060316,-0.1382,0.0398559009305611));
#12243=CARTESIAN_POINT('',(0.0256998969060316,-0.1382,0.0422559009305611));
#12244=CARTESIAN_POINT('',(0.0256998969060316,-0.143,0.0334559009305612));
#12245=CARTESIAN_POINT('',(0.0256998969060316,-0.143,0.0374559009305611));
#12246=CARTESIAN_POINT('',(0.0256998969060316,-0.141585786437627,0.0388701144929343));
#12247=CARTESIAN_POINT('',(0.0209998969060315,-0.1382,0.0372843280553073));
#12248=CARTESIAN_POINT('',(0.0256998969060316,-0.1382,0.039427473805815));
#12249=CARTESIAN_POINT('',(0.0236998969060315,-0.1382,0.039427473805815));
#12250=CARTESIAN_POINT('',(0.0236998969060315,-0.1382,0.0372843280553073));
#12251=CARTESIAN_POINT('',(0.0127998969060316,-0.133655464028517,-0.0197176719446927));
#12252=CARTESIAN_POINT('',(0.0127998969060316,-0.133655464028517,-0.0197156719446927));
#12253=CARTESIAN_POINT('',(0.0127998969060316,-0.133655464028517,0.00378432805530732));
#12254=CARTESIAN_POINT('',(0.0114998969060316,-0.133334651209944,-0.0197176719446927));
#12255=CARTESIAN_POINT('',(0.0114998969060316,-0.133334651209944,0.00378432805530732));
#12256=CARTESIAN_POINT('',(0.0114998969060316,-0.143,0.000784328055307326));
#12257=CARTESIAN_POINT('',(0.0119998969060316,-0.1395,-0.0197176719446927));
#12258=CARTESIAN_POINT('',(0.0127998969060316,-0.1395,-0.0197176719446927));
#12259=CARTESIAN_POINT('',(0.0127998969060316,-0.1395,-0.000489567764624381));
#12260=CARTESIAN_POINT('',(0.0127998969060316,-0.1395,0.00378432805530732));
#12261=CARTESIAN_POINT('',(-0.0271251030939685,-0.1395,-0.000489567764624378));
#12262=CARTESIAN_POINT('',(0.0114998969060316,-0.1395,-0.000489567764624381));
#12263=CARTESIAN_POINT('',(0.0114998969060316,-0.1395,-0.0197176719446927));
#12264=CARTESIAN_POINT('',(0.0114998969060316,-0.1395,0.00378432805530732));
#12265=CARTESIAN_POINT('',(0.0119998969060316,-0.1395,0.00378432805530732));
#12266=CARTESIAN_POINT('',(0.0114998969060316,-0.139165348790056,-0.0197176719446927));
#12267=CARTESIAN_POINT('',(0.0114998969060316,-0.139165348790056,0.00378432805530732));
#12268=CARTESIAN_POINT('',(0.0114998969060316,-0.143,0.000784328055307326));
#12269=CARTESIAN_POINT('',(-0.0128001030939684,-0.138844535971483,-0.0197176719446927));
#12270=CARTESIAN_POINT('',(-0.0128001030939684,-0.138844535971483,-0.0197156719446927));
#12271=CARTESIAN_POINT('',(-0.0128001030939684,-0.138844535971483,0.00378432805530732));
#12272=CARTESIAN_POINT('',(-0.0115001030939684,-0.139165348790056,-0.0197176719446927));
#12273=CARTESIAN_POINT('',(-0.0115001030939684,-0.143,0.000784328055307329));
#12274=CARTESIAN_POINT('',(-0.0115001030939684,-0.1395,-0.000489567764624378));
#12275=CARTESIAN_POINT('',(-0.0115001030939684,-0.1395,-0.0197176719446927));
#12276=CARTESIAN_POINT('',(-0.0115001030939684,-0.1395,0.00378432805530732));
#12277=CARTESIAN_POINT('',(-0.0115001030939684,-0.139165348790056,0.00378432805530732));
#12278=CARTESIAN_POINT('',(-0.0115001030939684,-0.133334651209944,-0.0197176719446927));
#12279=CARTESIAN_POINT('',(-0.0115001030939684,-0.143,0.000784328055307329));
#12280=CARTESIAN_POINT('',(-0.0115001030939684,-0.133334651209944,0.00378432805530732));
#12281=CARTESIAN_POINT('',(0.0256998969060316,-0.137546572875254,0.0400809009305612));
#12282=CARTESIAN_POINT('',(0.0256998969060316,-0.141585786437627,0.0388701144929343));
#12283=CARTESIAN_POINT('',(0.0256998969060316,-0.133708502215345,0.0467473987152165));
#12284=CARTESIAN_POINT('',(0.0256998969060316,-0.130880075090598,0.0467473987152165));
#12285=CARTESIAN_POINT('',(0.0236998969060315,-0.137546572875254,0.0400809009305612));
#12286=CARTESIAN_POINT('',(-0.0257001030939684,-0.137546572875254,0.0400809009305612));
#12287=CARTESIAN_POINT('',(-0.0257001030939684,-0.130880075090598,0.0467473987152165));
#12288=CARTESIAN_POINT('',(-0.0257001030939684,-0.133708502215345,0.0467473987152165));
#12289=CARTESIAN_POINT('',(-0.0257001030939684,-0.133172603830482,0.0472832971000788));
#12290=CARTESIAN_POINT('',(-0.0237001030939685,-0.136785786437627,0.0408416873681881));
#12291=CARTESIAN_POINT('',(-1.03093968431447E-7,-0.132,0.0572843280553073));
#12292=CARTESIAN_POINT('',(-0.0175622951039685,-0.1343604519975,0.0549238760578074));
#12293=CARTESIAN_POINT('',(-0.0163820691052186,-0.132,0.0572843280553073));
#12294=CARTESIAN_POINT('',(0.0145616444715872,-0.128359563108611,0.0609247649466963));
#12295=CARTESIAN_POINT('',(0.0163818629172817,-0.132,0.0572843280553073));
#12296=CARTESIAN_POINT('',(-1.03093968431447E-7,-0.132,0.0572843280553073));
#12297=CARTESIAN_POINT('',(-1.03093968431556E-7,-0.1365,-0.0107156719446927));
#12298=CARTESIAN_POINT('',(0.0201998969060316,-0.1365,-0.0107156719446927));
#12299=CARTESIAN_POINT('',(0.0201998969060316,-0.143,-0.0107156719446927));
#12300=CARTESIAN_POINT('',(0.0201998969060316,-0.1387,-0.0107156719446927));
#12301=CARTESIAN_POINT('',(0.0206998969060316,-0.1387,-0.0107156719446927));
#12302=CARTESIAN_POINT('',(0.0206998969060316,-0.1382,-0.0107156719446927));
#12303=CARTESIAN_POINT('',(-1.03093968431556E-7,-0.1382,-0.0107156719446927));
#12304=CARTESIAN_POINT('',(0.0236998969060315,-0.1382,-0.0107156719446927));
#12305=CARTESIAN_POINT('',(0.0236998969060315,-0.1365,-0.0107156719446927));
#12306=CARTESIAN_POINT('',(0.0148498969060316,-0.1365,-0.0107156719446927));
#12307=CARTESIAN_POINT('',(0.0148498969060316,-0.143,-0.0107156719446927));
#12308=CARTESIAN_POINT('',(-0.0271251030939685,-0.143,-0.0107156719446927));
#12309=CARTESIAN_POINT('',(-1.03093968431556E-7,-0.1365,-0.0107156719446927));
#12310=CARTESIAN_POINT('',(-0.0148501030939684,-0.1365,-0.0107156719446927));
#12311=CARTESIAN_POINT('',(-0.0148501030939684,-0.143,-0.0107156719446927));
#12312=CARTESIAN_POINT('',(-0.0237001030939685,-0.1365,-0.0107156719446927));
#12313=CARTESIAN_POINT('',(-0.0237001030939685,-0.1382,-0.0107156719446927));
#12314=CARTESIAN_POINT('',(-1.03093968431556E-7,-0.1382,-0.0107156719446927));
#12315=CARTESIAN_POINT('',(-0.0207001030939685,-0.1382,-0.0107156719446927));
#12316=CARTESIAN_POINT('',(-0.0207001030939685,-0.1387,-0.0107156719446927));
#12317=CARTESIAN_POINT('',(-0.0202001030939685,-0.1387,-0.0107156719446927));
#12318=CARTESIAN_POINT('',(-0.0202001030939685,-0.1365,-0.0107156719446927));
#12319=CARTESIAN_POINT('',(-0.0202001030939685,-0.143,-0.0107156719446927));
#12320=CARTESIAN_POINT('',(-0.0271251030939685,-0.143,-0.0107156719446927));
#12321=CARTESIAN_POINT('',(0.0271248969060316,-0.131585786437627,0.0488701144929342));
#12322=CARTESIAN_POINT('',(0.0214867321716464,-0.121064827812543,0.0593910731180184));
#12323=CARTESIAN_POINT('',(-0.0210240632214562,-0.132455561107729,0.0480003398228319));
#12324=CARTESIAN_POINT('',(-0.015287612242801,-0.120982659150419,0.0594732417801424));
#12325=CARTESIAN_POINT('',(-0.0125001030939684,-0.133002,0.0522843280553073));
#12326=CARTESIAN_POINT('',(-0.0125001030939684,-0.133002,0.0482843280553073));
#12327=CARTESIAN_POINT('',(-0.0125001030939684,-0.13,0.0482843280553073));
#12328=CARTESIAN_POINT('',(-0.0125001030939684,-0.13,0.0522843280553073));
#12329=CARTESIAN_POINT('',(-0.0125001030939684,-0.13,0.0552843280553073));
#12330=CARTESIAN_POINT('',(-0.0125001030939684,-0.133002,0.0552843280553073));
#12331=CARTESIAN_POINT('',(-0.0181056759029685,-0.133002,0.0538371144598074));
#12332=CARTESIAN_POINT('',(-0.0163820691052186,-0.133002,0.0572843280553073));
#12333=CARTESIAN_POINT('',(-0.0163820691052186,-0.13,0.0572843280553073));
#12334=CARTESIAN_POINT('',(-0.0181056759029685,-0.13,0.0538371144598074));
#12335=CARTESIAN_POINT('',(-0.0210240632214562,-0.13,0.0480003398228319));
#12336=CARTESIAN_POINT('',(-0.0210240632214562,-0.133002,0.0480003398228319));
#12337=CARTESIAN_POINT('',(-0.0125001030939684,-0.133002,0.0502843280553073));
#12338=CARTESIAN_POINT('',(-0.0125001030939684,-0.13,0.0502843280553073));
#12339=CARTESIAN_POINT('',(-0.031544198319481,-0.13,0.0451814781190498));
#12340=CARTESIAN_POINT('',(-0.031544198319481,-0.136267417003062,0.0451814781190498));
#12341=CARTESIAN_POINT('',(-0.031544198319481,-0.135274422811511,0.0451814781190498));
#12342=CARTESIAN_POINT('',(0.0214867321716464,-0.121064827812543,0.0593910731180184));
#12343=CARTESIAN_POINT('',(0.0124998969060316,-0.133002,0.0502843280553073));
#12344=CARTESIAN_POINT('',(-0.0168008469610567,-0.122320462218436,0.0581354387121248));
#12345=CARTESIAN_POINT('',(0.0315439921315442,-0.135274422811511,0.0451814781190498));
#12346=CARTESIAN_POINT('',(0.0315439921315442,-0.133002,0.0451814781190498));
#12347=CARTESIAN_POINT('',(0.0315439921315442,-0.13,0.0451814781190498));
#12348=CARTESIAN_POINT('',(0.0124998969060316,-0.13,0.0502843280553073));
#12349=CARTESIAN_POINT('',(0.0210238570335194,-0.13,0.0480003398228319));
#12350=CARTESIAN_POINT('',(0.0210238570335194,-0.133002,0.0480003398228319));
#12351=CARTESIAN_POINT('',(0.0210238570335194,-0.132455561107729,0.0480003398228319));
#12352=CARTESIAN_POINT('',(-0.0168008469610567,-0.122320462218436,0.0581354387121248));
#12353=CARTESIAN_POINT('',(0.0181054697150316,-0.133002,0.0538371144598074));
#12354=CARTESIAN_POINT('',(0.0163818629172817,-0.133002,0.0572843280553073));
#12355=CARTESIAN_POINT('',(0.0163818629172817,-0.13,0.0572843280553073));
#12356=CARTESIAN_POINT('',(0.0197318504993086,-0.129871548039308,0.0505843528912535));
#12357=CARTESIAN_POINT('',(0.0181054697150316,-0.13,0.0538371144598074));
#12358=CARTESIAN_POINT('',(-1.03093968431556E-7,-0.133002,0.0572843280553073));
#12359=CARTESIAN_POINT('',(-1.03093968431556E-7,-0.13,0.0572843280553073));
#12360=CARTESIAN_POINT('',(-1.03093968428086E-7,-0.133002,0.0552843280553073));
#12361=CARTESIAN_POINT('',(-1.03093968428086E-7,-0.13,0.0552843280553073));
#12362=CARTESIAN_POINT('',(0.0124998969060316,-0.13,0.0552843280553073));
#12363=CARTESIAN_POINT('',(0.0124998969060316,-0.133002,0.0552843280553073));
#12364=CARTESIAN_POINT('',(0.0124998969060316,-0.133002,0.0522843280553073));
#12365=CARTESIAN_POINT('',(0.0124998969060316,-0.133002,0.0482843280553073));
#12366=CARTESIAN_POINT('',(0.0124998969060316,-0.13,0.0482843280553073));
#12367=CARTESIAN_POINT('',(0.0124998969060316,-0.13,0.0522843280553073));
#12368=CARTESIAN_POINT('',(-1.03093968429821E-7,-0.133002,0.0482843280553073));
#12369=CARTESIAN_POINT('',(-1.03093968429821E-7,-0.13,0.0482843280553073));
#12370=CARTESIAN_POINT('',(0.0128498969060316,-0.1365,0.00178432805530732));
#12371=CARTESIAN_POINT('',(0.0128498969060316,-0.1365,0.00378432805530732));
#12372=CARTESIAN_POINT('',(0.0128498969060316,-0.143,0.00378432805530732));
#12373=CARTESIAN_POINT('',(0.0128498969060316,-0.143,0.00178432805530732));
#12374=CARTESIAN_POINT('',(0.0148498969060316,-0.143,0.00178432805530732));
#12375=CARTESIAN_POINT('',(0.0148498969060316,-0.13975,0.00178432805530732));
#12376=CARTESIAN_POINT('',(0.0128498969060316,-0.1365,0.00378432805530732));
#12377=CARTESIAN_POINT('',(-0.0128501030939684,-0.13975,0.00178432805530732));
#12378=CARTESIAN_POINT('',(-0.0128501030939684,-0.143,0.00378432805530732));
#12379=CARTESIAN_POINT('',(-0.0148501030939684,-0.133,0.00178432805530732));
#12380=CARTESIAN_POINT('',(-0.0148501030939684,-0.143,0.00178432805530732));
#12381=CARTESIAN_POINT('',(-0.0128501030939684,-0.143,0.00178432805530732));
#12382=CARTESIAN_POINT('',(-0.0128501030939684,-0.143,0.00378432805530732));
#12383=CARTESIAN_POINT('',(-0.0128501030939684,-0.143,0.00378432805530732));
#12384=CARTESIAN_POINT('',(-0.0148501030939684,-0.13975,-0.00871567194469268));
#12385=CARTESIAN_POINT('',(-0.0148501030939684,-0.143,-0.00871567194469268));
#12386=CARTESIAN_POINT('',(0.0148498969060316,-0.13975,-0.00871567194469268));
#12387=CARTESIAN_POINT('',(0.0148498969060316,-0.143,-0.00871567194469268));
#12388=CARTESIAN_POINT('',(-0.0237001030939685,-0.13475,0.0372843280553073));
#12389=CARTESIAN_POINT('',(-0.0237001030939685,-0.1382,0.0372843280553073));
#12390=CARTESIAN_POINT('',(0.0236998969060315,-0.13475,0.0372843280553073));
#12391=CARTESIAN_POINT('',(0.0236998969060315,-0.1382,0.0372843280553073));
#12392=CARTESIAN_POINT('',(-0.0202001030939685,-0.13975,0.0372843280553073));
#12393=CARTESIAN_POINT('',(-0.0202001030939685,-0.1387,0.0372843280553073));
#12394=CARTESIAN_POINT('',(-0.0202001030939685,-0.143,0.0372843280553073));
#12395=CARTESIAN_POINT('',(0.0201998969060316,-0.13975,0.0372843280553073));
#12396=CARTESIAN_POINT('',(0.0201998969060316,-0.1387,-0.0107156719446927));
#12397=CARTESIAN_POINT('',(0.0201998969060316,-0.143,0.0372843280553073));
#12398=CARTESIAN_POINT('',(0.0209998969060315,-0.1382,0.0372843280553073));
#12399=CARTESIAN_POINT('',(0.0206998969060316,-0.1382,0.0422559009305611));
#12400=CARTESIAN_POINT('',(0.0352498969060316,-0.138,0.0372843280553073));
#12401=CARTESIAN_POINT('',(0.0352498969060316,-0.13,0.0372843280553073));
#12402=CARTESIAN_POINT('',(0.0352498969060316,-0.13,0.0403518489876045));
#12403=CARTESIAN_POINT('',(0.0352498969060316,-0.13,-0.0178314359759623));
#12404=CARTESIAN_POINT('',(0.0352498969060316,-0.138,0.0403518489876045));
#12405=CARTESIAN_POINT('',(0.0352498969060316,-0.140104051942957,0.0403518489876045));
#12406=CARTESIAN_POINT('',(0.0352498969060316,-0.141585786437627,0.0388701144929343));
#12407=CARTESIAN_POINT('',(0.0352498969060316,-0.143,0.0374559009305611));
#12408=CARTESIAN_POINT('',(0.0352498969060316,-0.143,0.0372843280553073));
#12409=CARTESIAN_POINT('',(0.0352498969060316,-0.143,-0.0178314359759623));
#12410=CARTESIAN_POINT('',(0.0352498969060316,-0.13,-0.0178314359759623));
#12411=CARTESIAN_POINT('',(-0.0352501030939684,-0.138,0.0372843280553073));
#12412=CARTESIAN_POINT('',(-0.0352501030939684,-0.140585786437627,0.0398701144929342));
#12413=CARTESIAN_POINT('',(-0.0352501030939684,-0.143,0.0374559009305611));
#12414=CARTESIAN_POINT('',(-0.0352501030939684,-0.140104051942957,0.0403518489876045));
#12415=CARTESIAN_POINT('',(-0.0352501030939684,-0.13,0.0403518489876045));
#12416=CARTESIAN_POINT('',(-0.0352501030939684,-0.13,0.0403518489876045));
#12417=CARTESIAN_POINT('',(-0.0352501030939684,-0.13,0.0372843280553073));
#12418=CARTESIAN_POINT('',(-0.0352501030939684,-0.13,-0.0178314359759623));
#12419=CARTESIAN_POINT('',(-0.0352501030939684,-0.138,-0.0178314359759623));
#12420=CARTESIAN_POINT('',(-0.0352501030939684,-0.143,-0.0178314359759623));
#12421=CARTESIAN_POINT('',(-0.0352501030939684,-0.143,0.0372843280553073));
#12422=CARTESIAN_POINT('',(-0.0210001030939685,-0.1382,0.0372843280553073));
#12423=CARTESIAN_POINT('',(-0.0207001030939685,-0.1382,0.0372843280553073));
#12424=CARTESIAN_POINT('',(-0.0271251030939685,-0.141585786437627,0.0388701144929343));
#12425=CARTESIAN_POINT('',(0.0271248969060316,-0.131585786437627,0.0488701144929342));
#12426=CARTESIAN_POINT('',(-0.0302501030939685,-0.140104051942957,0.0403518489876045));
#12427=CARTESIAN_POINT('',(0.0271248969060316,-0.143,0.0374559009305611));
#12428=CARTESIAN_POINT('',(-0.0271251030939685,-0.143,0.000784328055307329));
#12429=CARTESIAN_POINT('',(0.0127998969060316,-0.128159351300122,-0.00461722632864983));
#12430=CARTESIAN_POINT('',(0.0127998969060316,-0.143,0.000784328055307329));
#12431=CARTESIAN_POINT('',(-0.0271251030939685,-0.143,0.000784328055307329));
#12432=CARTESIAN_POINT('',(-0.0128001030939684,-0.143,0.000784328055307329));
#12433=CARTESIAN_POINT('',(-0.0128001030939684,-0.143,0.000784328055307329));
#12434=CARTESIAN_POINT('',(-0.0128001030939684,-0.1395,-0.000489567764624378));
#12435=CARTESIAN_POINT('',(-0.0271251030939685,-0.1395,-0.000489567764624378));
#12436=CARTESIAN_POINT('',(-0.0120001030939684,-0.1395,-0.0197176719446927));
#12437=CARTESIAN_POINT('',(-0.0128001030939684,-0.1395,-0.0197176719446927));
#12438=CARTESIAN_POINT('',(-0.0128001030939684,-0.1395,0.00378432805530732));
#12439=CARTESIAN_POINT('',(-0.0120001030939684,-0.1395,0.00378432805530732));
#12440=CARTESIAN_POINT('',(-0.0271251030939685,-0.143,0.0372843280553073));
#12441=CARTESIAN_POINT('',(-1.03093968432597E-7,-0.143,-0.0228314359759623));
#12442=CARTESIAN_POINT('',(-0.0302501030939685,-0.143,-0.0228314359759623));
#12443=CARTESIAN_POINT('',(0.0302498969060316,-0.143,-0.0228314359759623));
#12444=CARTESIAN_POINT('',(0.0302498969060316,-0.143,-0.0178314359759623));
#12445=CARTESIAN_POINT('',(-0.0271251030939685,-0.143,0.0374559009305611));
#12446=CARTESIAN_POINT('',(-1.03093968432597E-7,-0.143,0.00378432805530732));
#12447=CARTESIAN_POINT('',(-0.0302501030939685,-0.143,-0.0178314359759623));
#12448=CARTESIAN_POINT('',(0.0127998969060316,-0.143,-0.0197176719446927));
#12449=CARTESIAN_POINT('',(0.0127998969060316,-0.143,-0.0197156719446927));
#12450=CARTESIAN_POINT('',(-1.03093968435025E-7,-0.143,-0.0197156719446927));
#12451=CARTESIAN_POINT('',(-0.0128001030939684,-0.143,-0.0197156719446927));
#12452=CARTESIAN_POINT('',(-0.0128001030939684,-0.143,-0.0197176719446927));
#12453=CARTESIAN_POINT('',(-0.0271251030939685,-0.141585786437627,0.0388701144929343));
#12454=CARTESIAN_POINT('',(0.0302498969060316,-0.140104051942957,0.0403518489876045));
#12455=CARTESIAN_POINT('',(0.0127998969060316,-0.133655464028517,-0.0197176719446927));
#12456=CARTESIAN_POINT('',(0.0127998969060316,-0.133655464028517,-0.0197156719446927));
#12457=CARTESIAN_POINT('',(0.0127998969060316,-0.133655464028517,0.00378432805530732));
#12458=CARTESIAN_POINT('',(-0.0128001030939684,-0.138844535971483,-0.0197176719446927));
#12459=CARTESIAN_POINT('',(-0.0128001030939684,-0.138844535971483,-0.0197156719446927));
#12460=CARTESIAN_POINT('',(-0.0128001030939684,-0.138844535971483,0.00378432805530732));
#12461=CARTESIAN_POINT('',(-1.03093968431556E-7,-0.1365,0.00378432805530732));
#12462=CARTESIAN_POINT('',(-1.03093968431556E-7,-0.1365,0.00378432805530732));
#12463=CARTESIAN_POINT('',(-1.03093968431556E-7,-0.1365,0.00378432805530732));
#12464=CARTESIAN_POINT('',(0.0206998969060316,-0.1387,0.0372843280553073));
#12465=CARTESIAN_POINT('',(-0.0207001030939685,-0.1387,0.0372843280553073));
#12466=CARTESIAN_POINT('',(-1.03093968433424E-7,-0.132998,-0.0197156719446927));
#12467=CARTESIAN_POINT('',(0.0089999531384122,-0.108,-0.0197156719446927));
#12468=CARTESIAN_POINT('',(0.0089999531384122,-0.108,-0.0197156719446927));
#12469=CARTESIAN_POINT('',(-1.03093968430713E-7,-0.108,-0.0197156719446927));
#12470=CARTESIAN_POINT('',(-1.03093968430713E-7,-0.108,-0.0197156719446927));
#12471=CARTESIAN_POINT('',(-0.00900004686158781,-0.108,-0.0197156719446927));
#12472=CARTESIAN_POINT('',(-0.00900004686158781,-0.108,-0.0197156719446927));
#12473=CARTESIAN_POINT('',(-1.03093968431556E-7,-0.1365,-0.0228314359759623));
#12474=CARTESIAN_POINT('',(-1.03093968431556E-7,-0.13,-0.0228314359759623));
#12475=CARTESIAN_POINT('',(0.0302498969060316,-0.13,-0.0228314359759623));
#12476=CARTESIAN_POINT('',(0.0263666572963142,-0.13,-0.0228314359759623));
#12477=CARTESIAN_POINT('',(0.0302498969060316,-0.143,-0.0228314359759623));
#12478=CARTESIAN_POINT('',(-0.0302501030939685,-0.1365,-0.0228314359759623));
#12479=CARTESIAN_POINT('',(-0.0302501030939685,-0.13,-0.0228314359759623));
#12480=CARTESIAN_POINT('',(-1.03093968431556E-7,-0.13,-0.0228314359759623));
#12481=CARTESIAN_POINT('',(-0.0263666572968053,-0.13,-0.0228314359759623));
#12482=CARTESIAN_POINT('',(-0.0263666572968053,-0.13,-0.0228314359759623));
#12483=CARTESIAN_POINT('',(-0.0251018762290327,-0.13,-0.0228314359759623));
#12484=CARTESIAN_POINT('',(-0.022620276071061,-0.12976018415437,-0.0228314359759623));
#12485=CARTESIAN_POINT('',(-0.0189895063172131,-0.12877023388803,-0.0228314359759623));
#12486=CARTESIAN_POINT('',(-0.0155418093625056,-0.127238647377234,-0.0228314359759623));
#12487=CARTESIAN_POINT('',(-0.0123524326535104,-0.12531597563635,-0.0228314359759623));
#12488=CARTESIAN_POINT('',(-0.00932381454795804,-0.123086832407691,-0.0228314359759623));
#12489=CARTESIAN_POINT('',(-0.00689383306334476,-0.12110375487712,-0.0228314359759623));
#12490=CARTESIAN_POINT('',(-0.00493842691718827,-0.119531903072569,-0.0228314359759623));
#12491=CARTESIAN_POINT('',(-0.00343669614728794,-0.118401633460018,-0.0228314359759623));
#12492=CARTESIAN_POINT('',(-0.00185445419828473,-0.11736666965764,-0.0228314359759623));
#12493=CARTESIAN_POINT('',(-0.000323487045193266,-0.116855590442271,-0.0228314359759623));
#12494=CARTESIAN_POINT('',(0.000943963724420449,-0.117054250932905,-0.0228314359759623));
#12495=CARTESIAN_POINT('',(0.00211507263097883,-0.117543630427857,-0.0228314359759623));
#12496=CARTESIAN_POINT('',(0.00341975634536701,-0.118388185221175,-0.0228314359759623));
#12497=CARTESIAN_POINT('',(0.00491410045769684,-0.119513296788972,-0.0228314359759623));
#12498=CARTESIAN_POINT('',(0.0068629712937495,-0.121078202181592,-0.0228314359759623));
#12499=CARTESIAN_POINT('',(0.00928434215073805,-0.12305543996427,-0.0228314359759623));
#12500=CARTESIAN_POINT('',(0.0122949659292016,-0.125276227361666,-0.0228314359759623));
#12501=CARTESIAN_POINT('',(0.0154856507954139,-0.127211428699089,-0.0228314359759623));
#12502=CARTESIAN_POINT('',(0.0201389110039572,-0.129281999199952,-0.0228314359759623));
#12503=CARTESIAN_POINT('',(0.0238174031027176,-0.13,-0.0228314359759623));
#12504=CARTESIAN_POINT('',(0.0263666572963142,-0.13,-0.0228314359759623));
#12505=CARTESIAN_POINT('',(-1.03093968431556E-7,-0.13,0.0372843280553073));
#12506=CARTESIAN_POINT('',(0.0302498969060316,-0.13,0.0403518489876045));
#12507=CARTESIAN_POINT('',(0.0302498969060316,-0.13,-0.0178314359759623));
#12508=CARTESIAN_POINT('',(0.0263666572963142,-0.13,-0.0228314359759623));
#12509=CARTESIAN_POINT('',(0.0271626097056128,-0.13,-0.0214084579661404));
#12510=CARTESIAN_POINT('',(0.0285275453184532,-0.13,-0.0184629769344548));
#12511=CARTESIAN_POINT('',(0.0299760104018431,-0.13,-0.01374790689204));
#12512=CARTESIAN_POINT('',(0.0308578654090977,-0.13,-0.00897466197723641));
#12513=CARTESIAN_POINT('',(0.0313181296122047,-0.13,-0.00415178770335817));
#12514=CARTESIAN_POINT('',(0.0314064428911753,-0.13,0.000733212934871321));
#12515=CARTESIAN_POINT('',(0.031065186327419,-0.13,0.00560416524699345));
#12516=CARTESIAN_POINT('',(0.0302840600369614,-0.13,0.0103670903207604));
#12517=CARTESIAN_POINT('',(0.0290374206922177,-0.13,0.0150273739619496));
#12518=CARTESIAN_POINT('',(0.0271767004127813,-0.13,0.0196032607943757));
#12519=CARTESIAN_POINT('',(0.0239299384442498,-0.13,0.0252156609170576));
#12520=CARTESIAN_POINT('',(0.0194483411277415,-0.13,0.0300999128601109));
#12521=CARTESIAN_POINT('',(0.0141489066488946,-0.13,0.0338174364911232));
#12522=CARTESIAN_POINT('',(0.00969216352147487,-0.13,0.0359950480277116));
#12523=CARTESIAN_POINT('',(0.00506223804791708,-0.13,0.0373530140792503));
#12524=CARTESIAN_POINT('',(0.00011877324893432,-0.13,0.0378618279268537));
#12525=CARTESIAN_POINT('',(-0.00473165047436793,-0.13,0.0374177869713942));
#12526=CARTESIAN_POINT('',(-0.00950834574680306,-0.13,0.0360687264005663));
#12527=CARTESIAN_POINT('',(-0.0139105106189574,-0.13,0.033957247070579));
#12528=CARTESIAN_POINT('',(-0.0179857638515219,-0.13,0.031142668231622));
#12529=CARTESIAN_POINT('',(-0.021551377069023,-0.13,0.0278155452757548));
#12530=CARTESIAN_POINT('',(-0.0246481633836766,-0.13,0.0239494853648858));
#12531=CARTESIAN_POINT('',(-0.0271000051728117,-0.13,0.0197584980397073));
#12532=CARTESIAN_POINT('',(-0.0289855600812873,-0.13,0.015186755517541));
#12533=CARTESIAN_POINT('',(-0.0302607182345165,-0.13,0.0104837433239732));
#12534=CARTESIAN_POINT('',(-0.031055642874115,-0.13,0.00569333467647179));
#12535=CARTESIAN_POINT('',(-0.0314055609588851,-0.13,0.000790988770246977));
#12536=CARTESIAN_POINT('',(-0.0313212065846542,-0.13,-0.00409674867520698));
#12537=CARTESIAN_POINT('',(-0.0308643090689338,-0.13,-0.00893825792546294));
#12538=CARTESIAN_POINT('',(-0.0299729075186595,-0.13,-0.0137633834265381));
#12539=CARTESIAN_POINT('',(-0.0285288396357497,-0.13,-0.0184565179363438));
#12540=CARTESIAN_POINT('',(-0.0271653692257003,-0.13,-0.0214035245867413));
#12541=CARTESIAN_POINT('',(-0.0263666572968052,-0.13,-0.0228314359759625));
#12542=CARTESIAN_POINT('',(-0.0302501030939685,-0.13,-0.0178314359759623));
#12543=CARTESIAN_POINT('',(-0.0302501030939685,-0.13,0.0403518489876045));
#12544=CARTESIAN_POINT('',(-0.00962638958159525,-0.13,-0.0363636472347516));
#12545=CARTESIAN_POINT('',(-0.00457861862338212,-0.13,-0.0194233415124252));
#12546=CARTESIAN_POINT('',(-0.00539998668171186,-0.112559215547429,-0.0221798505010155));
#12547=CARTESIAN_POINT('',(-0.00852348836027398,-0.13,-0.0366925290987866));
#12548=CARTESIAN_POINT('',(-0.00412689492936904,-0.13,-0.0195580386951864));
#12549=CARTESIAN_POINT('',(-0.0048423018738714,-0.112559221173343,-0.0223461390555428));
#12550=CARTESIAN_POINT('',(-0.00628522097124572,-0.13,-0.037220024758676));
#12551=CARTESIAN_POINT('',(-0.00316858906383782,-0.13,-0.0197868844563235));
#12552=CARTESIAN_POINT('',(-0.00367572354687854,-0.112559227798501,-0.0226235723928144));
#12553=CARTESIAN_POINT('',(-0.00345325903797211,-0.13,-0.0375772088833306));
#12554=CARTESIAN_POINT('',(-0.00181808311165937,-0.13,-0.0199605774148718));
#12555=CARTESIAN_POINT('',(-0.00208416019313227,-0.112559188912353,-0.0228271686975441));
#12556=CARTESIAN_POINT('',(-0.00116293999552826,-0.13,-0.0376990154489456));
#12557=CARTESIAN_POINT('',(-0.000638976516969173,-0.13,-0.0200244168698613));
#12558=CARTESIAN_POINT('',(-0.000724235396401857,-0.112559203206539,-0.0229004237904684));
#12559=CARTESIAN_POINT('',(0.00114459107494656,-0.13,-0.0377164139699558));
#12560=CARTESIAN_POINT('',(0.000635606487452804,-0.13,-0.0200340478887854));
#12561=CARTESIAN_POINT('',(0.00071842807061116,-0.112559204899218,-0.0229113167042059));
#12562=CARTESIAN_POINT('',(0.00399689325883814,-0.13,-0.0375462594878442));
#12563=CARTESIAN_POINT('',(0.00209820927240084,-0.13,-0.0199429222241604));
#12564=CARTESIAN_POINT('',(0.00240716310360421,-0.112559195722473,-0.0228073424236354));
#12565=CARTESIAN_POINT('',(0.00736484216956873,-0.13,-0.0370074849141007));
#12566=CARTESIAN_POINT('',(0.00364630293632857,-0.13,-0.0196908510344134));
#12567=CARTESIAN_POINT('',(0.00425138475652624,-0.112559206431908,-0.0225086056239123));
#12568=CARTESIAN_POINT('',(0.0106902991511359,-0.13,-0.0360968033801917));
#12569=CARTESIAN_POINT('',(0.00502692837988398,-0.13,-0.0193087637063949));
#12570=CARTESIAN_POINT('',(0.00594845133490112,-0.112559255316086,-0.0220404515629773));
#12571=CARTESIAN_POINT('',(0.0138968579187215,-0.13,-0.034794185581079));
#12572=CARTESIAN_POINT('',(0.00624822784920583,-0.13,-0.0188095015013835));
#12573=CARTESIAN_POINT('',(0.00749280603537833,-0.112559207624003,-0.0214105226623725));
#12574=CARTESIAN_POINT('',(0.0168776714582562,-0.13,-0.033136682378135));
#12575=CARTESIAN_POINT('',(0.00732300383989863,-0.13,-0.0182101644866409));
#12576=CARTESIAN_POINT('',(0.00887774012550386,-0.112559203594988,-0.0206390018422447));
#12577=CARTESIAN_POINT('',(0.0196796356988694,-0.13,-0.0310835650830392));
#12578=CARTESIAN_POINT('',(0.00831572623772476,-0.13,-0.0174830426813512));
#12579=CARTESIAN_POINT('',(0.0101648119067492,-0.112559265142195,-0.0196960610372142));
#12580=CARTESIAN_POINT('',(0.022174742641872,-0.13,-0.0287177081133868));
#12581=CARTESIAN_POINT('',(0.00922229183999935,-0.13,-0.0166254141881444));
#12582=CARTESIAN_POINT('',(0.0113299160936676,-0.112559195873296,-0.0185930776328934));
#12583=CARTESIAN_POINT('',(0.0243572368340929,-0.13,-0.0260824406725167));
#12584=CARTESIAN_POINT('',(0.0100669552405337,-0.13,-0.0156112612729361));
#12585=CARTESIAN_POINT('',(0.0123922618710168,-0.112559209636202,-0.0173151234097034));
#12586=CARTESIAN_POINT('',(0.0268782497144156,-0.13,-0.0221954191056282));
#12587=CARTESIAN_POINT('',(0.0111456235567013,-0.13,-0.0139566279573324));
#12588=CARTESIAN_POINT('',(0.013705616977591,-0.112559217911756,-0.0152972353777354));
#12589=CARTESIAN_POINT('',(0.0287114820394445,-0.13,-0.0180057977159229));
#12590=CARTESIAN_POINT('',(0.0120465489472515,-0.13,-0.0119488548317986));
#12591=CARTESIAN_POINT('',(0.0147582759896034,-0.112559191882254,-0.0129344432592386));
#12592=CARTESIAN_POINT('',(0.0299720215558983,-0.13,-0.0135602797071259));
#12593=CARTESIAN_POINT('',(0.0127602601826677,-0.13,-0.00945234695086018));
#12594=CARTESIAN_POINT('',(0.0155609509118276,-0.112559206161873,-0.0101207882821219));
#12595=CARTESIAN_POINT('',(0.0306382330503193,-0.13,-0.0102098127225353));
#12596=CARTESIAN_POINT('',(0.0131758812549141,-0.13,-0.0073822618601223));
#12597=CARTESIAN_POINT('',(0.0160173683569579,-0.112559188650342,-0.0078423631167065));
#12598=CARTESIAN_POINT('',(0.0310752011464512,-0.13,-0.00682584478120453));
#12599=CARTESIAN_POINT('',(0.0134767078239491,-0.13,-0.00507634467408393));
#12600=CARTESIAN_POINT('',(0.0163403180805577,-0.112559214150247,-0.0053610201873095));
#12601=CARTESIAN_POINT('',(0.0314089263525849,-0.13,-0.00229038736741317));
#12602=CARTESIAN_POINT('',(0.0137196668542646,-0.13,-0.00178364528983185));
#12603=CARTESIAN_POINT('',(0.0165980658869618,-0.112559197857908,-0.00186610896055442));
#12604=CARTESIAN_POINT('',(0.0313558042944745,-0.13,0.0023211249158796));
#12605=CARTESIAN_POINT('',(0.0136753318442526,-0.13,0.0013766168827112));
#12606=CARTESIAN_POINT('',(0.0165523586549934,-0.112559146901649,0.00153032811372251));
#12607=CARTESIAN_POINT('',(0.030867531322022,-0.13,0.00684205912604317));
#12608=CARTESIAN_POINT('',(0.0133524880903409,-0.13,0.00436983478635719));
#12609=CARTESIAN_POINT('',(0.0162024136298788,-0.112559306163438,0.00477208944290096));
#12610=CARTESIAN_POINT('',(0.0302816418136103,-0.13,0.0101873403606719));
#12611=CARTESIAN_POINT('',(0.0129669875334141,-0.13,0.00655738614128754));
#12612=CARTESIAN_POINT('',(0.0157846519021337,-0.112559005392873,0.00714809990033054));
#12613=CARTESIAN_POINT('',(0.029462980841901,-0.13,0.0134847513888755));
#12614=CARTESIAN_POINT('',(0.0124683635463542,-0.13,0.00855283087797421));
#12615=CARTESIAN_POINT('',(0.0152336261904866,-0.112559289421045,0.00935532780273774));
#12616=CARTESIAN_POINT('',(0.028372041925232,-0.13,0.0167247955540495));
#12617=CARTESIAN_POINT('',(0.0118647148255079,-0.13,0.0103333604465078));
#12618=CARTESIAN_POINT('',(0.0145508466690979,-0.112559143447966,0.0113734023855457));
#12619=CARTESIAN_POINT('',(0.0269648262396589,-0.13,0.0199034281439015));
#12620=CARTESIAN_POINT('',(0.0111423806105356,-0.13,0.0119596370871573));
#12621=CARTESIAN_POINT('',(0.0137168025123653,-0.112559397522159,0.0132521449860457));
#12622=CARTESIAN_POINT('',(0.0252772548416607,-0.13,0.0228833846760113));
#12623=CARTESIAN_POINT('',(0.0103206707808452,-0.13,0.0134060897927072));
#12624=CARTESIAN_POINT('',(0.0127545045220362,-0.112559102381242,0.0149482930794473));
#12625=CARTESIAN_POINT('',(0.0233038921956381,-0.13,0.0256758253298806));
#12626=CARTESIAN_POINT('',(0.00938862337904818,-0.13,0.0147250416648438));
#12627=CARTESIAN_POINT('',(0.0116528072115843,-0.112559315968996,0.0165068716204802));
#12628=CARTESIAN_POINT('',(0.0210191430142315,-0.13,0.0282903124608091));
#12629=CARTESIAN_POINT('',(0.00830168904137763,-0.13,0.0159692815467994));
#12630=CARTESIAN_POINT('',(0.0103711442527786,-0.112559120423133,0.0179742202307491));
#12631=CARTESIAN_POINT('',(0.0185020369233131,-0.13,0.0306364873379225));
#12632=CARTESIAN_POINT('',(0.00709095310206708,-0.13,0.0170977273032849));
#12633=CARTESIAN_POINT('',(0.00894773723209253,-0.112559230579075,0.0193007307863894));
#12634=CARTESIAN_POINT('',(0.0148794614482791,-0.13,0.0333889956170151));
#12635=CARTESIAN_POINT('',(0.00540397965689569,-0.13,0.0183757023751896));
#12636=CARTESIAN_POINT('',(0.00694584475912741,-0.112559188550219,0.0208186715133887));
#12637=CARTESIAN_POINT('',(0.00973222593166042,-0.13,0.0361245943165535));
#12638=CARTESIAN_POINT('',(0.00322579040986969,-0.13,0.0195102042953285));
#12639=CARTESIAN_POINT('',(0.0042845161814008,-0.112559174796285,0.0222137298193807));
#12640=CARTESIAN_POINT('',(0.00422651598129044,-0.13,0.0375347870380491));
#12641=CARTESIAN_POINT('',(0.00129693574277583,-0.13,0.0199764207984169));
#12642=CARTESIAN_POINT('',(0.00177362976541685,-0.112559267511991,0.0228334390283444));
#12643=CARTESIAN_POINT('',(-0.000425739939683552,-0.13,0.037778192209039));
#12644=CARTESIAN_POINT('',(-0.000126112854783535,-0.13,0.0200496613864268));
#12645=CARTESIAN_POINT('',(-0.000174868051023378,-0.112559188760377,0.0229344608771098));
#12646=CARTESIAN_POINT('',(-0.00497049705209015,-0.13,0.0373963027648792));
#12647=CARTESIAN_POINT('',(-0.00154662361781806,-0.13,0.0199334095125842));
#12648=CARTESIAN_POINT('',(-0.0021037480787191,-0.112559253615553,0.0227749093045145));
#12649=CARTESIAN_POINT('',(-0.00946415086793373,-0.13,0.0361045263181466));
#12650=CARTESIAN_POINT('',(-0.00315601716832002,-0.13,0.0194906664926913));
#12651=CARTESIAN_POINT('',(-0.00418248601225075,-0.112559171216765,0.022194106121032));
#12652=CARTESIAN_POINT('',(-0.0135664559870497,-0.13,0.0340796809713324));
#12653=CARTESIAN_POINT('',(-0.00484664755446186,-0.13,0.0186615138425041));
#12654=CARTESIAN_POINT('',(-0.00626553970304371,-0.112559194126133,0.0211703634533431));
#12655=CARTESIAN_POINT('',(-0.0174773242494589,-0.13,0.0315730362815007));
#12656=CARTESIAN_POINT('',(-0.0065878902936911,-0.13,0.0175513372348972));
#12657=CARTESIAN_POINT('',(-0.00835981609436881,-0.112559205308021,0.0198329422088101));
#12658=CARTESIAN_POINT('',(-0.0208953148085332,-0.13,0.0285285928185268));
#12659=CARTESIAN_POINT('',(-0.00824869242805627,-0.13,0.0160774739495613));
#12660=CARTESIAN_POINT('',(-0.0103065241790133,-0.112559231392787,0.0181034935508816));
#12661=CARTESIAN_POINT('',(-0.0238567981340101,-0.13,0.024954567607124));
#12662=CARTESIAN_POINT('',(-0.00964804484823524,-0.13,0.0143859549914411));
#12663=CARTESIAN_POINT('',(-0.0119600947776616,-0.112559195463084,0.0161056872731871));
#12664=CARTESIAN_POINT('',(-0.0257598931559735,-0.13,0.0220987271997002));
#12665=CARTESIAN_POINT('',(-0.0105525476059535,-0.13,0.0130303046631132));
#12666=CARTESIAN_POINT('',(-0.0130271206889571,-0.112559171854777,0.0145059251585262));
#12667=CARTESIAN_POINT('',(-0.0273680601761001,-0.13,0.0190731139061601));
#12668=CARTESIAN_POINT('',(-0.0113447200887886,-0.13,0.0115448990340686));
#12669=CARTESIAN_POINT('',(-0.0139518257272872,-0.112559396969086,0.0127697972605189));
#12670=CARTESIAN_POINT('',(-0.0286943618958284,-0.13,0.0158621673602844));
#12671=CARTESIAN_POINT('',(-0.0120380035861591,-0.13,0.00987219295878088));
#12672=CARTESIAN_POINT('',(-0.0147484513596014,-0.112559086066469,0.0108469279066495));
#12673=CARTESIAN_POINT('',(-0.0297160925128133,-0.13,0.0125768407923482));
#12674=CARTESIAN_POINT('',(-0.0126163873270218,-0.13,0.00802834107875514));
#12675=CARTESIAN_POINT('',(-0.0153986927859,-0.112559339938448,0.00876843044415563));
#12676=CARTESIAN_POINT('',(-0.0304709846568379,-0.13,0.00924152000356055));
#12677=CARTESIAN_POINT('',(-0.013091323086595,-0.13,0.00594101108858903));
#12678=CARTESIAN_POINT('',(-0.0159195266952837,-0.112559038721471,0.00647811132745774));
#12679=CARTESIAN_POINT('',(-0.0309970472855991,-0.13,0.00586173619323101));
#12680=CARTESIAN_POINT('',(-0.0134372098015264,-0.13,0.0037278581698119));
#12681=CARTESIAN_POINT('',(-0.01629449932953,-0.112559241618856,0.00407506835639494));
#12682=CARTESIAN_POINT('',(-0.0314024543232422,-0.13,0.00128626584132478));
#12683=CARTESIAN_POINT('',(-0.013708367339487,-0.13,0.000673575696149622));
#12684=CARTESIAN_POINT('',(-0.0165875598176042,-0.112559189972942,0.000773282881948593));
#12685=CARTESIAN_POINT('',(-0.0313709887707503,-0.13,-0.00331762441517568));
#12686=CARTESIAN_POINT('',(-0.013693392394317,-0.13,-0.00251537614954067));
#12687=CARTESIAN_POINT('',(-0.0165698944978207,-0.112559196836028,-0.00264592319319944));
#12688=CARTESIAN_POINT('',(-0.030963265246418,-0.13,-0.0078646546990345));
#12689=CARTESIAN_POINT('',(-0.0133961957549359,-0.13,-0.00581596590297877));
#12690=CARTESIAN_POINT('',(-0.0162546731769668,-0.112559230910604,-0.00614932334950678));
#12691=CARTESIAN_POINT('',(-0.0302898372883093,-0.13,-0.0123899431703646));
#12692=CARTESIAN_POINT('',(-0.0129472739159507,-0.13,-0.00879479502751684));
#12693=CARTESIAN_POINT('',(-0.0157692813771744,-0.1125591783392,-0.00937979956475377));
#12694=CARTESIAN_POINT('',(-0.029109265828699,-0.13,-0.0168757752921964));
#12695=CARTESIAN_POINT('',(-0.0122537369931425,-0.13,-0.0113501406491397));
#12696=CARTESIAN_POINT('',(-0.0149964592621444,-0.112559207929705,-0.0122492706850281));
#12697=CARTESIAN_POINT('',(-0.0273422557498714,-0.13,-0.0210813126404566));
#12698=CARTESIAN_POINT('',(-0.0113781556607071,-0.13,-0.0134193015157712));
#12699=CARTESIAN_POINT('',(-0.013975828908681,-0.11255920507873,-0.0146660607270183));
#12700=CARTESIAN_POINT('',(-0.0256790959438398,-0.13,-0.0241235699165946));
#12701=CARTESIAN_POINT('',(-0.0106245528960835,-0.13,-0.014790317513116));
#12702=CARTESIAN_POINT('',(-0.0130742251566768,-0.112559202518859,-0.0163090233968662));
#12703=CARTESIAN_POINT('',(-0.0236957761735912,-0.13,-0.0269489332044872));
#12704=CARTESIAN_POINT('',(-0.00980299982661186,-0.13,-0.0159542663970272));
#12705=CARTESIAN_POINT('',(-0.012063623425983,-0.112559210691721,-0.0177433097418048));
#12706=CARTESIAN_POINT('',(-0.0214258938266638,-0.13,-0.0294894827639463));
#12707=CARTESIAN_POINT('',(-0.00894569941556728,-0.13,-0.0169092387568798));
#12708=CARTESIAN_POINT('',(-0.0109764879240719,-0.112559185125332,-0.0189563095606505));
#12709=CARTESIAN_POINT('',(-0.0188390971490844,-0.13,-0.0317587427137862));
#12710=CARTESIAN_POINT('',(-0.00801708576405796,-0.13,-0.0177225667120851));
#12711=CARTESIAN_POINT('',(-0.00977799984206821,-0.112559256112276,-0.0200064831837839));
#12712=CARTESIAN_POINT('',(-0.0159510521686436,-0.13,-0.0337046990205459));
#12713=CARTESIAN_POINT('',(-0.0069929802484297,-0.13,-0.0184129712646062));
#12714=CARTESIAN_POINT('',(-0.00845060554963819,-0.112559258814349,-0.0209011794494513));
#12715=CARTESIAN_POINT('',(-0.0129026282991733,-0.13,-0.0352467335744663));
#12716=CARTESIAN_POINT('',(-0.00587893226047472,-0.13,-0.0189787009753886));
#12717=CARTESIAN_POINT('',(-0.00702183239392132,-0.112559194043014,-0.0216258410656508));
#12718=CARTESIAN_POINT('',(-0.0107292908029165,-0.13,-0.0360347653707167));
#12719=CARTESIAN_POINT('',(-0.00503034251974535,-0.13,-0.0192886442693262));
#12720=CARTESIAN_POINT('',(-0.00595767148955233,-0.112559209921514,-0.0220135619464882));
#12721=CARTESIAN_POINT('',(-0.00962638958159525,-0.13,-0.0363636472347516));
#12722=CARTESIAN_POINT('',(-0.00457861862338212,-0.13,-0.0194233415124252));
#12723=CARTESIAN_POINT('',(-0.00539998668171186,-0.112559215547429,-0.0221798505010155));
#12724=CARTESIAN_POINT('',(-0.00900004686158781,-0.108,-0.0172156719450089));
#12725=CARTESIAN_POINT('',(-0.00900004686158781,-0.108,-0.0147156719450089));
#12726=CARTESIAN_POINT('',(-0.00900004686158781,-0.108,-0.0172156719450089));
#12727=CARTESIAN_POINT('',(0.0089999531384122,-0.108,-0.0172156719450089));
#12728=CARTESIAN_POINT('',(0.0089999531384122,-0.108,-0.0172156719450089));
#12729=CARTESIAN_POINT('',(0.0089999531384122,-0.108,-0.0147156719450089));
#12730=CARTESIAN_POINT('',(-1.03093968432857E-7,-0.108,0.0182843280551492));
#12731=CARTESIAN_POINT('',(-1.03093968432857E-7,-0.108,0.0182843280551492));
#12732=CARTESIAN_POINT('',(-4.68615878054064E-8,-0.108,-0.0147156719450089));
#12733=CARTESIAN_POINT('',(0.0302498969060316,-0.133002,0.0403518489876045));
#12734=CARTESIAN_POINT('',(0.0302498969060316,-0.138,-0.0178314359759623));
#12735=CARTESIAN_POINT('',(-0.0302501030939685,-0.138,0.0403518489876045));
#12736=CARTESIAN_POINT('',(-0.0302501030939685,-0.1365,-0.0178314359759623));
#12737=CARTESIAN_POINT('',(0.,1.74512168878498E-18,0.0460823217205176));
#12738=CARTESIAN_POINT('',(0.,1.74512168878498E-18,0.0934083975057034));
#12739=CARTESIAN_POINT('',(0.,1.74512168878498E-18,0.0913410975057034));
#12740=CARTESIAN_POINT('',(-0.027321013633677,0.0590340988624419,0.0848721628152012));
#12741=MECHANICAL_DESIGN_GEOMETRIC_PRESENTATION_REPRESENTATION('',(#5354,
#5355,#5356,#38,#39,#40,#41,#42,#43,#44,#45,#46,#47,#48,#49,#50,#51,#52,
#53,#54,#55,#56,#57,#58,#59,#60,#61,#62,#63,#64,#65,#66,#67,#68,#69,#70,
#71,#72,#73,#5357,#5358,#5359),#12742);
#12742=(
GEOMETRIC_REPRESENTATION_CONTEXT(3)
GLOBAL_UNCERTAINTY_ASSIGNED_CONTEXT((#12749))
GLOBAL_UNIT_ASSIGNED_CONTEXT((#12758,#12757,#12756))
REPRESENTATION_CONTEXT('Assembly 1','TOP_LEVEL_ASSEMBLY_PART')
);
#12743=(
GEOMETRIC_REPRESENTATION_CONTEXT(3)
GLOBAL_UNCERTAINTY_ASSIGNED_CONTEXT((#12750))
GLOBAL_UNIT_ASSIGNED_CONTEXT((#12758,#12757,#12756))
REPRESENTATION_CONTEXT('Part 2','COMPONENT_PART')
);
#12744=(
GEOMETRIC_REPRESENTATION_CONTEXT(3)
GLOBAL_UNCERTAINTY_ASSIGNED_CONTEXT((#12751))
GLOBAL_UNIT_ASSIGNED_CONTEXT((#12758,#12757,#12756))
REPRESENTATION_CONTEXT('11Blade_fan','COMPONENT_PART')
);
#12745=(
GEOMETRIC_REPRESENTATION_CONTEXT(3)
GLOBAL_UNCERTAINTY_ASSIGNED_CONTEXT((#12752))
GLOBAL_UNIT_ASSIGNED_CONTEXT((#12758,#12757,#12756))
REPRESENTATION_CONTEXT('4600kv_motor','COMPONENT_PART')
);
#12746=(
GEOMETRIC_REPRESENTATION_CONTEXT(3)
GLOBAL_UNCERTAINTY_ASSIGNED_CONTEXT((#12753))
GLOBAL_UNIT_ASSIGNED_CONTEXT((#12758,#12757,#12756))
REPRESENTATION_CONTEXT('housing','COMPONENT_PART')
);
#12747=(
GEOMETRIC_REPRESENTATION_CONTEXT(3)
GLOBAL_UNCERTAINTY_ASSIGNED_CONTEXT((#12754))
GLOBAL_UNIT_ASSIGNED_CONTEXT((#12758,#12757,#12756))
REPRESENTATION_CONTEXT('Trigger','COMPONENT_PART')
);
#12748=(
GEOMETRIC_REPRESENTATION_CONTEXT(3)
GLOBAL_UNCERTAINTY_ASSIGNED_CONTEXT((#12755))
GLOBAL_UNIT_ASSIGNED_CONTEXT((#12758,#12757,#12756))
REPRESENTATION_CONTEXT('Part 1','COMPONENT_PART')
);
#12749=UNCERTAINTY_MEASURE_WITH_UNIT(LENGTH_MEASURE(1.E-8),#12758,
'DISTANCE_ACCURACY_VALUE','Maximum Tolerance applied to model');
#12750=UNCERTAINTY_MEASURE_WITH_UNIT(LENGTH_MEASURE(2.E-5),#12758,
'DISTANCE_ACCURACY_VALUE','Maximum Tolerance applied to model');
#12751=UNCERTAINTY_MEASURE_WITH_UNIT(LENGTH_MEASURE(2.E-5),#12758,
'DISTANCE_ACCURACY_VALUE','Maximum Tolerance applied to model');
#12752=UNCERTAINTY_MEASURE_WITH_UNIT(LENGTH_MEASURE(2.E-5),#12758,
'DISTANCE_ACCURACY_VALUE','Maximum Tolerance applied to model');
#12753=UNCERTAINTY_MEASURE_WITH_UNIT(LENGTH_MEASURE(2.E-5),#12758,
'DISTANCE_ACCURACY_VALUE','Maximum Tolerance applied to model');
#12754=UNCERTAINTY_MEASURE_WITH_UNIT(LENGTH_MEASURE(2.E-5),#12758,
'DISTANCE_ACCURACY_VALUE','Maximum Tolerance applied to model');
#12755=UNCERTAINTY_MEASURE_WITH_UNIT(LENGTH_MEASURE(2.E-5),#12758,
'DISTANCE_ACCURACY_VALUE','Maximum Tolerance applied to model');
#12756=(
NAMED_UNIT(*)
SI_UNIT($,.STERADIAN.)
SOLID_ANGLE_UNIT()
);
#12757=(
NAMED_UNIT(*)
PLANE_ANGLE_UNIT()
SI_UNIT($,.RADIAN.)
);
#12758=(
LENGTH_UNIT()
NAMED_UNIT(*)
SI_UNIT($,.METRE.)
);
#12759=PRODUCT_DEFINITION_SHAPE('','',#12772);
#12760=PRODUCT_DEFINITION_SHAPE('','',#12773);
#12761=PRODUCT_DEFINITION_SHAPE(' ','NAUO PRDDFN',#203);
#12762=PRODUCT_DEFINITION_SHAPE('','',#12774);
#12763=PRODUCT_DEFINITION_SHAPE(' ','NAUO PRDDFN',#204);
#12764=PRODUCT_DEFINITION_SHAPE('','',#12775);
#12765=PRODUCT_DEFINITION_SHAPE(' ','NAUO PRDDFN',#205);
#12766=PRODUCT_DEFINITION_SHAPE('','',#12776);
#12767=PRODUCT_DEFINITION_SHAPE(' ','NAUO PRDDFN',#206);
#12768=PRODUCT_DEFINITION_SHAPE('','',#12777);
#12769=PRODUCT_DEFINITION_SHAPE(' ','NAUO PRDDFN',#207);
#12770=PRODUCT_DEFINITION_SHAPE('','',#12778);
#12771=PRODUCT_DEFINITION_SHAPE(' ','NAUO PRDDFN',#208);
#12772=PRODUCT_DEFINITION('','',#12786,#12779);
#12773=PRODUCT_DEFINITION('','',#12787,#12780);
#12774=PRODUCT_DEFINITION('','',#12788,#12781);
#12775=PRODUCT_DEFINITION('','',#12789,#12782);
#12776=PRODUCT_DEFINITION('','',#12790,#12783);
#12777=PRODUCT_DEFINITION('','',#12791,#12784);
#12778=PRODUCT_DEFINITION('','',#12792,#12785);
#12779=PRODUCT_DEFINITION_CONTEXT('',#12822,'design');
#12780=PRODUCT_DEFINITION_CONTEXT('',#12822,'design');
#12781=PRODUCT_DEFINITION_CONTEXT('',#12822,'design');
#12782=PRODUCT_DEFINITION_CONTEXT('',#12822,'design');
#12783=PRODUCT_DEFINITION_CONTEXT('',#12822,'design');
#12784=PRODUCT_DEFINITION_CONTEXT('',#12822,'design');
#12785=PRODUCT_DEFINITION_CONTEXT('',#12822,'design');
#12786=PRODUCT_DEFINITION_FORMATION_WITH_SPECIFIED_SOURCE('','',#12800,
 .NOT_KNOWN.);
#12787=PRODUCT_DEFINITION_FORMATION_WITH_SPECIFIED_SOURCE('','',#12801,
 .NOT_KNOWN.);
#12788=PRODUCT_DEFINITION_FORMATION_WITH_SPECIFIED_SOURCE('','',#12802,
 .NOT_KNOWN.);
#12789=PRODUCT_DEFINITION_FORMATION_WITH_SPECIFIED_SOURCE('','',#12803,
 .NOT_KNOWN.);
#12790=PRODUCT_DEFINITION_FORMATION_WITH_SPECIFIED_SOURCE('','',#12804,
 .NOT_KNOWN.);
#12791=PRODUCT_DEFINITION_FORMATION_WITH_SPECIFIED_SOURCE('','',#12805,
 .NOT_KNOWN.);
#12792=PRODUCT_DEFINITION_FORMATION_WITH_SPECIFIED_SOURCE('','',#12806,
 .NOT_KNOWN.);
#12793=PRODUCT_RELATED_PRODUCT_CATEGORY('','',(#12800));
#12794=PRODUCT_RELATED_PRODUCT_CATEGORY('','',(#12801));
#12795=PRODUCT_RELATED_PRODUCT_CATEGORY('','',(#12802));
#12796=PRODUCT_RELATED_PRODUCT_CATEGORY('','',(#12803));
#12797=PRODUCT_RELATED_PRODUCT_CATEGORY('','',(#12804));
#12798=PRODUCT_RELATED_PRODUCT_CATEGORY('','',(#12805));
#12799=PRODUCT_RELATED_PRODUCT_CATEGORY('','',(#12806));
#12800=PRODUCT('Assembly 1','Assembly 1','Assembly 1',(#12814));
#12801=PRODUCT('Part 2','Part 2','Part 2',(#12815));
#12802=PRODUCT('11Blade_fan','11Blade_fan','11Blade_fan',(#12816));
#12803=PRODUCT('4600kv_motor','4600kv_motor','4600kv_motor',(#12817));
#12804=PRODUCT('housing','housing','housing',(#12818));
#12805=PRODUCT('Trigger','Trigger','Trigger',(#12819));
#12806=PRODUCT('Part 1','Part 1','Part 1',(#12820));
#12807=PRODUCT_CATEGORY('','');
#12808=PRODUCT_CATEGORY('','');
#12809=PRODUCT_CATEGORY('','');
#12810=PRODUCT_CATEGORY('','');
#12811=PRODUCT_CATEGORY('','');
#12812=PRODUCT_CATEGORY('','');
#12813=PRODUCT_CATEGORY('','');
#12814=PRODUCT_CONTEXT('',#12822,'mechanical');
#12815=PRODUCT_CONTEXT('',#12822,'mechanical');
#12816=PRODUCT_CONTEXT('',#12822,'mechanical');
#12817=PRODUCT_CONTEXT('',#12822,'mechanical');
#12818=PRODUCT_CONTEXT('',#12822,'mechanical');
#12819=PRODUCT_CONTEXT('',#12822,'mechanical');
#12820=PRODUCT_CONTEXT('',#12822,'mechanical');
#12821=APPLICATION_PROTOCOL_DEFINITION('international standard',
'ap242_managed_model_based_3d_engineering',2011,#12822);
#12822=APPLICATION_CONTEXT('managed model based 3d engineering');
ENDSEC;
END-ISO-10303-21;
